2026/08/18 06:18:16.288, 0, 210, 34.67, 1
2026/08/18 06:18:16.298, 1, 210, 41.69, 1
2026/08/18 06:18:16.306, 2, 210, 37.57, 1
2026/08/18 06:18:16.315, 3, 210, 36.58, 1
2026/08/18 06:18:16.571, 0, 210, 34.67, 1
2026/08/18 06:18:16.583, 1, 210, 41.61, 1
2026/08/18 06:18:16.591, 2, 210, 37.56, 1
2026/08/18 06:18:16.601, 3, 210, 36.64, 1
2026/08/18 06:18:16.873, 0, 210, 34.67, 1
2026/08/18 06:18:16.882, 1, 210, 41.61, 1
2026/08/18 06:18:16.891, 2, 210, 37.56, 1
2026/08/18 06:18:16.899, 3, 210, 36.64, 1
2026/08/18 06:18:17.163, 0, 210, 34.72, 1
2026/08/18 06:18:17.171, 1, 210, 41.61, 1
2026/08/18 06:18:17.180, 2, 210, 37.56, 1
2026/08/18 06:18:17.189, 3, 210, 36.64, 1
2026/08/18 06:18:17.509, 0, 210, 34.72, 1
2026/08/18 06:18:17.519, 1, 210, 41.71, 1
2026/08/18 06:18:17.529, 2, 210, 37.53, 1
2026/08/18 06:18:17.539, 3, 210, 36.69, 1
2026/08/18 06:18:17.812, 0, 210, 34.72, 1
2026/08/18 06:18:17.821, 1, 210, 41.71, 1
2026/08/18 06:18:17.830, 2, 210, 37.53, 1
2026/08/18 06:18:17.838, 3, 210, 36.69, 1
2026/08/18 06:18:18.110, 0, 210, 34.65, 1
2026/08/18 06:18:18.119, 1, 210, 41.71, 1
2026/08/18 06:18:18.129, 2, 210, 37.53, 1
2026/08/18 06:18:18.137, 3, 210, 36.69, 1
2026/08/18 06:18:18.411, 0, 210, 34.65, 1
2026/08/18 06:18:18.420, 1, 210, 41.71, 1
2026/08/18 06:18:18.429, 2, 210, 37.53, 1
2026/08/18 06:18:18.438, 3, 210, 36.69, 1
2026/08/18 06:18:18.713, 0, 210, 34.65, 1
2026/08/18 06:18:18.723, 1, 210, 41.68, 1
2026/08/18 06:18:18.731, 2, 210, 37.55, 1
2026/08/18 06:18:18.740, 3, 210, 36.70, 1
2026/08/18 06:18:19.013, 0, 210, 34.64, 1
2026/08/18 06:18:19.022, 1, 210, 41.68, 1
2026/08/18 06:18:19.031, 2, 210, 37.55, 1
2026/08/18 06:18:19.039, 3, 210, 36.70, 1
2026/08/18 06:18:19.312, 0, 210, 34.64, 1
2026/08/18 06:18:19.322, 1, 210, 41.68, 1
2026/08/18 06:18:19.332, 2, 210, 37.55, 1
2026/08/18 06:18:19.340, 3, 210, 36.70, 1
2026/08/18 06:18:19.615, 0, 210, 34.64, 1
2026/08/18 06:18:19.625, 1, 210, 41.54, 1
2026/08/18 06:18:19.635, 2, 210, 37.54, 1
2026/08/18 06:18:19.644, 3, 210, 36.65, 1
2026/08/18 06:18:19.975, 0, 210, 34.66, 1
2026/08/18 06:18:19.984, 1, 210, 41.54, 1
2026/08/18 06:18:19.993, 2, 210, 37.54, 1
2026/08/18 06:18:20.002, 3, 210, 36.65, 1
2026/08/18 06:18:20.263, 0, 210, 34.66, 1
2026/08/18 06:18:20.272, 1, 210, 41.54, 1
2026/08/18 06:18:20.281, 2, 210, 37.54, 1
2026/08/18 06:18:20.289, 3, 210, 36.65, 1
2026/08/18 06:18:20.562, 0, 210, 34.66, 1
2026/08/18 06:18:20.572, 1, 210, 41.56, 1
2026/08/18 06:18:20.580, 2, 210, 37.54, 1
2026/08/18 06:18:20.589, 3, 210, 36.65, 1
2026/08/18 06:18:20.864, 0, 210, 34.66, 1
2026/08/18 06:18:20.873, 1, 210, 41.56, 1
2026/08/18 06:18:20.881, 2, 210, 37.54, 1
2026/08/18 06:18:20.890, 3, 210, 36.65, 1
2026/08/18 06:18:21.163, 0, 210, 34.62, 1
2026/08/18 06:18:21.172, 1, 210, 41.56, 1
2026/08/18 06:18:21.181, 2, 210, 37.54, 1
2026/08/18 06:18:21.189, 3, 210, 36.65, 1
2026/08/18 06:18:21.465, 0, 210, 34.62, 1
2026/08/18 06:18:21.474, 1, 210, 41.56, 1
2026/08/18 06:18:21.483, 2, 210, 37.53, 1
2026/08/18 06:18:21.491, 3, 210, 36.65, 1
2026/08/18 06:18:21.766, 0, 210, 34.62, 1
2026/08/18 06:18:21.775, 1, 210, 41.54, 1
2026/08/18 06:18:21.783, 2, 210, 37.53, 1
2026/08/18 06:18:21.792, 3, 210, 36.65, 1
2026/08/18 06:18:22.065, 0, 210, 34.67, 1
2026/08/18 06:18:22.074, 1, 210, 41.54, 1
2026/08/18 06:18:22.082, 2, 210, 37.53, 1
2026/08/18 06:18:22.091, 3, 210, 36.65, 1
2026/08/18 06:18:22.366, 0, 210, 34.67, 1
2026/08/18 06:18:22.374, 1, 210, 41.54, 1
2026/08/18 06:18:22.383, 2, 210, 37.53, 1
2026/08/18 06:18:22.391, 3, 210, 36.65, 1
2026/08/18 06:18:22.666, 0, 210, 34.67, 1
2026/08/18 06:18:22.675, 1, 210, 41.60, 1
2026/08/18 06:18:22.683, 2, 210, 37.53, 1
2026/08/18 06:18:22.692, 3, 210, 36.63, 1
2026/08/18 06:18:22.965, 0, 210, 34.67, 1
2026/08/18 06:18:22.974, 1, 210, 41.60, 1
2026/08/18 06:18:22.982, 2, 210, 37.53, 1
2026/08/18 06:18:22.991, 3, 210, 36.63, 1
2026/08/18 06:18:23.265, 0, 210, 34.67, 1
2026/08/18 06:18:23.274, 1, 210, 41.60, 1
2026/08/18 06:18:23.283, 2, 210, 37.53, 1
2026/08/18 06:18:23.292, 3, 210, 36.63, 1
2026/08/18 06:18:23.567, 0, 210, 34.67, 1
2026/08/18 06:18:23.578, 1, 210, 41.72, 1
2026/08/18 06:18:23.588, 2, 210, 37.57, 1
2026/08/18 06:18:23.596, 3, 210, 36.66, 1
2026/08/18 06:18:23.866, 0, 210, 34.67, 1
2026/08/18 06:18:23.875, 1, 210, 41.72, 1
2026/08/18 06:18:23.883, 2, 210, 37.57, 1
2026/08/18 06:18:23.892, 3, 210, 36.66, 1
2026/08/18 06:18:24.167, 0, 210, 34.57, 1
2026/08/18 06:18:24.177, 1, 210, 41.72, 1
2026/08/18 06:18:24.185, 2, 210, 37.57, 1
2026/08/18 06:18:24.194, 3, 210, 36.66, 1
2026/08/18 06:18:24.467, 0, 210, 34.57, 1
2026/08/18 06:18:24.477, 1, 210, 41.72, 1
2026/08/18 06:18:24.485, 2, 210, 37.58, 1
2026/08/18 06:18:24.494, 3, 210, 36.69, 1
2026/08/18 06:18:24.766, 0, 210, 34.57, 1
2026/08/18 06:18:24.775, 1, 210, 41.73, 1
2026/08/18 06:18:24.784, 2, 210, 37.58, 1
2026/08/18 06:18:24.793, 3, 210, 36.69, 1
2026/08/18 06:18:25.067, 0, 210, 34.59, 1
2026/08/18 06:18:25.077, 1, 210, 41.73, 1
2026/08/18 06:18:25.085, 2, 210, 37.58, 1
2026/08/18 06:18:25.094, 3, 210, 36.69, 1
2026/08/18 06:18:25.367, 0, 210, 34.59, 1
2026/08/18 06:18:25.376, 1, 210, 41.73, 1
2026/08/18 06:18:25.384, 2, 210, 37.58, 1
2026/08/18 06:18:25.393, 3, 210, 36.69, 1
2026/08/18 06:18:25.652, 0, 210, 34.59, 1
2026/08/18 06:18:25.662, 1, 210, 41.56, 1
2026/08/18 06:18:25.672, 2, 210, 37.56, 1
2026/08/18 06:18:25.681, 3, 210, 36.71, 1
2026/08/18 06:18:25.951, 0, 210, 34.65, 1
2026/08/18 06:18:25.960, 1, 210, 41.56, 1
2026/08/18 06:18:25.969, 2, 210, 37.56, 1
2026/08/18 06:18:25.977, 3, 210, 36.71, 1
2026/08/18 06:18:26.261, 0, 210, 34.65, 1
2026/08/18 06:18:26.272, 1, 210, 41.56, 1
2026/08/18 06:18:26.282, 2, 210, 37.56, 1
2026/08/18 06:18:26.290, 3, 210, 36.71, 1
2026/08/18 06:18:26.551, 0, 210, 34.65, 1
2026/08/18 06:18:26.560, 1, 210, 41.24, 1
2026/08/18 06:18:26.569, 2, 210, 37.49, 1
2026/08/18 06:18:26.577, 3, 210, 36.70, 1
2026/08/18 06:18:26.853, 0, 210, 34.65, 1
2026/08/18 06:18:26.863, 1, 210, 41.24, 1
2026/08/18 06:18:26.872, 2, 210, 37.49, 1
2026/08/18 06:18:26.880, 3, 210, 36.70, 1
2026/08/18 06:18:27.147, 0, 210, 34.57, 1
2026/08/18 06:18:27.156, 1, 210, 41.24, 1
2026/08/18 06:18:27.164, 2, 210, 37.49, 1
2026/08/18 06:18:27.173, 3, 210, 36.70, 1
2026/08/18 06:18:27.436, 0, 210, 34.57, 1
2026/08/18 06:18:27.446, 1, 210, 41.24, 1
2026/08/18 06:18:27.454, 2, 210, 37.49, 1
2026/08/18 06:18:27.462, 3, 210, 36.70, 1
2026/08/18 06:18:27.736, 0, 210, 34.57, 1
2026/08/18 06:18:27.745, 1, 210, 41.15, 1
2026/08/18 06:18:27.754, 2, 210, 37.50, 1
2026/08/18 06:18:27.763, 3, 210, 36.70, 1
2026/08/18 06:18:28.036, 0, 210, 34.51, 1
2026/08/18 06:18:28.045, 1, 210, 41.15, 1
2026/08/18 06:18:28.054, 2, 210, 37.50, 1
2026/08/18 06:18:28.062, 3, 210, 36.70, 1
2026/08/18 06:18:28.338, 0, 210, 34.51, 1
2026/08/18 06:18:28.348, 1, 210, 41.15, 1
2026/08/18 06:18:28.357, 2, 210, 37.50, 1
2026/08/18 06:18:28.365, 3, 210, 36.70, 1
2026/08/18 06:18:28.638, 0, 210, 34.51, 1
2026/08/18 06:18:28.647, 1, 210, 41.28, 1
2026/08/18 06:18:28.656, 2, 210, 37.51, 1
2026/08/18 06:18:28.664, 3, 210, 36.70, 1
2026/08/18 06:18:28.936, 0, 210, 34.51, 1
2026/08/18 06:18:28.945, 1, 210, 41.28, 1
2026/08/18 06:18:28.953, 2, 210, 37.51, 1
2026/08/18 06:18:28.962, 3, 210, 36.70, 1
2026/08/18 06:18:29.236, 0, 210, 34.56, 1
2026/08/18 06:18:29.244, 1, 210, 41.28, 1
2026/08/18 06:18:29.253, 2, 210, 37.51, 1
2026/08/18 06:18:29.261, 3, 210, 36.70, 1
2026/08/18 06:18:29.547, 0, 210, 34.56, 1
2026/08/18 06:18:29.558, 1, 210, 41.38, 1
2026/08/18 06:18:29.567, 2, 210, 37.49, 1
2026/08/18 06:18:29.576, 3, 210, 36.69, 1
2026/08/18 06:18:29.928, 0, 210, 34.62, 17
2026/08/18 06:18:29.935, 1, 210, 41.38, 1
2026/08/18 06:18:29.956, 2, 210, 37.49, 1
2026/08/18 06:18:29.968, 3, 210, 36.69, 1
2026/08/18 06:18:30.251, 0, 1650, 53.16, 530
2026/08/18 06:18:30.256, 1, 210, 41.38, 1
2026/08/18 06:18:30.264, 2, 210, 37.49, 1
2026/08/18 06:18:30.273, 3, 210, 36.69, 1
2026/08/18 06:18:30.534, 0, 1650, 60.16, 530
2026/08/18 06:18:30.538, 1, 210, 41.60, 1
2026/08/18 06:18:30.547, 2, 210, 37.47, 1
2026/08/18 06:18:30.555, 3, 210, 36.69, 1
2026/08/18 06:18:30.817, 0, 1365, 70.95, 742
2026/08/18 06:18:30.824, 1, 210, 41.60, 1
2026/08/18 06:18:30.832, 2, 210, 37.47, 1
2026/08/18 06:18:30.841, 3, 210, 36.69, 1
2026/08/18 06:18:31.100, 0, 1530, 146.41, 742
2026/08/18 06:18:31.107, 1, 210, 41.60, 1
2026/08/18 06:18:31.116, 2, 210, 37.47, 1
2026/08/18 06:18:31.124, 3, 210, 36.69, 1
2026/08/18 06:18:31.367, 0, 1545, 179.20, 742
2026/08/18 06:18:31.374, 1, 210, 41.60, 1
2026/08/18 06:18:31.384, 2, 210, 37.47, 1
2026/08/18 06:18:31.393, 3, 210, 36.69, 1
2026/08/18 06:18:31.651, 0, 1455, 213.07, 742
2026/08/18 06:18:31.658, 1, 210, 41.28, 1
2026/08/18 06:18:31.666, 2, 210, 37.05, 1
2026/08/18 06:18:31.675, 3, 210, 36.71, 1
2026/08/18 06:18:31.954, 0, 1545, 226.93, 742
2026/08/18 06:18:31.961, 1, 210, 41.28, 1
2026/08/18 06:18:31.970, 2, 210, 37.05, 1
2026/08/18 06:18:31.978, 3, 210, 36.71, 1
2026/08/18 06:18:32.234, 0, 1620, 226.77, 742
2026/08/18 06:18:32.241, 1, 210, 41.28, 1
2026/08/18 06:18:32.250, 2, 210, 37.05, 1
2026/08/18 06:18:32.258, 3, 210, 36.71, 1
2026/08/18 06:18:32.518, 0, 1350, 225.18, 744
2026/08/18 06:18:32.525, 1, 210, 41.06, 1
2026/08/18 06:18:32.534, 2, 210, 36.84, 1
2026/08/18 06:18:32.542, 3, 210, 36.80, 1
2026/08/18 06:18:32.805, 0, 1350, 226.74, 744
2026/08/18 06:18:32.812, 1, 210, 41.06, 1
2026/08/18 06:18:32.821, 2, 210, 36.84, 1
2026/08/18 06:18:32.830, 3, 210, 36.80, 1
2026/08/18 06:18:33.107, 0, 1470, 228.45, 744
2026/08/18 06:18:33.114, 1, 210, 41.06, 1
2026/08/18 06:18:33.123, 2, 210, 36.84, 1
2026/08/18 06:18:33.131, 3, 210, 36.80, 1
2026/08/18 06:18:33.406, 0, 1470, 226.93, 744
2026/08/18 06:18:33.413, 1, 210, 41.06, 1
2026/08/18 06:18:33.422, 2, 210, 36.84, 1
2026/08/18 06:18:33.430, 3, 210, 36.80, 1
2026/08/18 06:18:33.702, 0, 1485, 229.25, 744
2026/08/18 06:18:33.709, 1, 210, 41.40, 1
2026/08/18 06:18:33.717, 2, 210, 37.17, 1
2026/08/18 06:18:33.726, 3, 210, 36.79, 1
2026/08/18 06:18:33.991, 0, 1455, 228.43, 744
2026/08/18 06:18:33.998, 1, 210, 41.40, 1
2026/08/18 06:18:34.006, 2, 210, 37.17, 1
2026/08/18 06:18:34.015, 3, 210, 36.79, 1
2026/08/18 06:18:34.285, 0, 1020, 229.37, 744
2026/08/18 06:18:34.292, 1, 210, 41.40, 1
2026/08/18 06:18:34.301, 2, 210, 37.17, 1
2026/08/18 06:18:34.309, 3, 210, 36.79, 1
2026/08/18 06:18:34.574, 0, 1305, 229.93, 744
2026/08/18 06:18:34.581, 1, 210, 41.55, 1
2026/08/18 06:18:34.590, 2, 210, 37.26, 1
2026/08/18 06:18:34.598, 3, 210, 36.77, 1
2026/08/18 06:18:34.873, 0, 1605, 225.25, 744
2026/08/18 06:18:34.880, 1, 210, 41.55, 1
2026/08/18 06:18:34.888, 2, 210, 37.26, 1
2026/08/18 06:18:34.897, 3, 210, 36.77, 1
2026/08/18 06:18:35.153, 0, 1620, 225.92, 744
2026/08/18 06:18:35.160, 1, 210, 41.55, 1
2026/08/18 06:18:35.168, 2, 210, 37.26, 1
2026/08/18 06:18:35.177, 3, 210, 36.77, 1
2026/08/18 06:18:35.437, 0, 1380, 226.52, 748
2026/08/18 06:18:35.444, 1, 210, 41.55, 1
2026/08/18 06:18:35.453, 2, 210, 37.26, 1
2026/08/18 06:18:35.461, 3, 210, 36.75, 1
2026/08/18 06:18:35.726, 0, 1320, 225.83, 748
2026/08/18 06:18:35.733, 1, 210, 41.63, 1
2026/08/18 06:18:35.743, 2, 210, 37.26, 1
2026/08/18 06:18:35.752, 3, 210, 36.75, 1
2026/08/18 06:18:36.025, 0, 1320, 229.46, 748
2026/08/18 06:18:36.032, 1, 210, 41.63, 1
2026/08/18 06:18:36.041, 2, 210, 37.26, 1
2026/08/18 06:18:36.049, 3, 210, 36.75, 1
2026/08/18 06:18:36.324, 0, 1170, 229.40, 748
2026/08/18 06:18:36.332, 1, 210, 41.63, 1
2026/08/18 06:18:36.340, 2, 210, 37.26, 1
2026/08/18 06:18:36.349, 3, 210, 36.75, 1
2026/08/18 06:18:36.627, 0, 1440, 230.09, 748
2026/08/18 06:18:36.634, 1, 210, 41.66, 1
2026/08/18 06:18:36.643, 2, 210, 37.37, 1
2026/08/18 06:18:36.652, 3, 210, 36.70, 1
2026/08/18 06:18:36.925, 0, 1485, 228.00, 748
2026/08/18 06:18:36.933, 1, 210, 41.66, 1
2026/08/18 06:18:36.941, 2, 210, 37.37, 1
2026/08/18 06:18:36.950, 3, 210, 36.70, 1
2026/08/18 06:18:37.223, 0, 1455, 228.84, 748
2026/08/18 06:18:37.230, 1, 210, 41.66, 1
2026/08/18 06:18:37.239, 2, 210, 37.37, 1
2026/08/18 06:18:37.247, 3, 210, 36.70, 1
2026/08/18 06:18:37.509, 0, 1455, 229.65, 748
2026/08/18 06:18:37.516, 1, 210, 41.42, 1
2026/08/18 06:18:37.526, 2, 210, 37.15, 1
2026/08/18 06:18:37.534, 3, 690, 39.39, 1
2026/08/18 06:18:37.810, 0, 1485, 229.65, 748
2026/08/18 06:18:37.817, 1, 210, 41.42, 1
2026/08/18 06:18:37.827, 2, 210, 37.15, 1
2026/08/18 06:18:37.835, 3, 690, 39.39, 1
2026/08/18 06:18:38.110, 0, 1500, 229.63, 748
2026/08/18 06:18:38.117, 1, 210, 41.42, 1
2026/08/18 06:18:38.126, 2, 210, 37.15, 1
2026/08/18 06:18:38.135, 3, 690, 39.39, 1
2026/08/18 06:18:38.409, 0, 1080, 229.26, 748
2026/08/18 06:18:38.416, 1, 210, 41.42, 1
2026/08/18 06:18:38.424, 2, 210, 37.15, 1
2026/08/18 06:18:38.433, 3, 690, 39.39, 1
2026/08/18 06:18:38.693, 0, 1095, 229.64, 748
2026/08/18 06:18:38.700, 1, 210, 41.22, 1
2026/08/18 06:18:38.708, 2, 210, 36.88, 1
2026/08/18 06:18:38.717, 3, 210, 42.85, 1
2026/08/18 06:18:39.006, 0, 1125, 230.02, 748
2026/08/18 06:18:39.013, 1, 210, 41.22, 1
2026/08/18 06:18:39.022, 2, 210, 36.88, 1
2026/08/18 06:18:39.031, 3, 210, 42.85, 1
2026/08/18 06:18:39.295, 0, 1605, 225.34, 748
2026/08/18 06:18:39.301, 1, 210, 41.22, 1
2026/08/18 06:18:39.310, 2, 210, 36.88, 1
2026/08/18 06:18:39.319, 3, 210, 42.85, 1
2026/08/18 06:18:39.595, 0, 1620, 224.86, 748
2026/08/18 06:18:39.602, 1, 210, 41.54, 1
2026/08/18 06:18:39.611, 2, 210, 37.11, 1
2026/08/18 06:18:39.619, 3, 210, 40.21, 1
2026/08/18 06:18:39.895, 0, 1620, 227.07, 748
2026/08/18 06:18:39.902, 1, 210, 41.54, 1
2026/08/18 06:18:39.910, 2, 210, 37.11, 1
2026/08/18 06:18:39.919, 3, 210, 40.21, 1
2026/08/18 06:18:40.196, 0, 1590, 226.41, 770
2026/08/18 06:18:40.202, 1, 210, 41.54, 1
2026/08/18 06:18:40.210, 2, 210, 37.11, 1
2026/08/18 06:18:40.219, 3, 210, 40.21, 1
2026/08/18 06:18:40.480, 0, 1320, 229.18, 770
2026/08/18 06:18:40.486, 1, 210, 41.54, 1
2026/08/18 06:18:40.495, 2, 210, 37.41, 1
2026/08/18 06:18:40.504, 3, 210, 36.77, 1
2026/08/18 06:18:40.779, 0, 1305, 229.63, 770
2026/08/18 06:18:40.786, 1, 210, 41.46, 1
2026/08/18 06:18:40.795, 2, 210, 37.41, 1
2026/08/18 06:18:40.803, 3, 210, 36.77, 1
2026/08/18 06:18:41.080, 0, 1290, 229.34, 770
2026/08/18 06:18:41.087, 1, 210, 41.46, 1
2026/08/18 06:18:41.096, 2, 210, 37.41, 1
2026/08/18 06:18:41.104, 3, 210, 36.77, 1
2026/08/18 06:18:41.380, 0, 1305, 232.60, 770
2026/08/18 06:18:41.387, 1, 210, 41.46, 1
2026/08/18 06:18:41.396, 2, 210, 37.41, 1
2026/08/18 06:18:41.404, 3, 210, 36.77, 1
2026/08/18 06:18:41.678, 0, 1320, 228.74, 770
2026/08/18 06:18:41.685, 1, 210, 41.27, 1
2026/08/18 06:18:41.699, 2, 210, 37.44, 1
2026/08/18 06:18:41.708, 3, 210, 36.73, 1
2026/08/18 06:18:41.977, 0, 1290, 229.74, 770
2026/08/18 06:18:41.984, 1, 210, 41.27, 1
2026/08/18 06:18:41.992, 2, 210, 37.44, 1
2026/08/18 06:18:42.001, 3, 210, 36.73, 1
2026/08/18 06:18:42.264, 0, 1290, 228.86, 770
2026/08/18 06:18:42.272, 1, 210, 41.27, 1
2026/08/18 06:18:42.282, 2, 210, 37.44, 1
2026/08/18 06:18:42.292, 3, 210, 36.73, 1
2026/08/18 06:18:42.563, 0, 1305, 229.70, 770
2026/08/18 06:18:42.570, 1, 210, 41.28, 1
2026/08/18 06:18:42.579, 2, 210, 37.46, 1
2026/08/18 06:18:42.587, 3, 210, 36.75, 1
2026/08/18 06:18:42.863, 0, 1575, 226.38, 770
2026/08/18 06:18:42.870, 1, 210, 41.28, 1
2026/08/18 06:18:42.879, 2, 210, 37.46, 1
2026/08/18 06:18:42.887, 3, 210, 36.75, 1
2026/08/18 06:18:43.148, 0, 1590, 226.60, 770
2026/08/18 06:18:43.155, 1, 210, 41.28, 1
2026/08/18 06:18:43.164, 2, 210, 37.46, 1
2026/08/18 06:18:43.173, 3, 210, 36.75, 1
2026/08/18 06:18:43.450, 0, 1575, 229.49, 770
2026/08/18 06:18:43.458, 1, 210, 41.28, 1
2026/08/18 06:18:43.469, 2, 210, 37.21, 1
2026/08/18 06:18:43.478, 3, 210, 36.72, 1
2026/08/18 06:18:43.747, 0, 1560, 229.09, 770
2026/08/18 06:18:43.754, 1, 210, 40.92, 1
2026/08/18 06:18:43.762, 2, 210, 37.21, 1
2026/08/18 06:18:43.771, 3, 210, 36.72, 1
2026/08/18 06:18:44.033, 0, 1590, 229.09, 770
2026/08/18 06:18:44.040, 1, 210, 40.92, 1
2026/08/18 06:18:44.049, 2, 210, 37.21, 1
2026/08/18 06:18:44.057, 3, 210, 36.72, 1
2026/08/18 06:18:44.334, 0, 1605, 229.57, 770
2026/08/18 06:18:44.341, 1, 210, 40.92, 1
2026/08/18 06:18:44.351, 2, 210, 37.21, 1
2026/08/18 06:18:44.361, 3, 210, 36.72, 1
2026/08/18 06:18:44.635, 0, 1545, 228.88, 770
2026/08/18 06:18:44.643, 1, 210, 40.63, 1
2026/08/18 06:18:44.653, 2, 210, 36.88, 1
2026/08/18 06:18:44.663, 3, 210, 36.72, 1
2026/08/18 06:18:44.933, 0, 1095, 230.79, 770
2026/08/18 06:18:44.940, 1, 210, 40.63, 1
2026/08/18 06:18:44.949, 2, 210, 36.88, 1
2026/08/18 06:18:44.958, 3, 210, 36.72, 1
2026/08/18 06:18:45.232, 0, 1140, 230.20, 770
2026/08/18 06:18:45.239, 1, 210, 40.63, 1
2026/08/18 06:18:45.249, 2, 210, 36.88, 1
2026/08/18 06:18:45.257, 3, 210, 36.72, 1
2026/08/18 06:18:45.534, 0, 1080, 229.74, 770
2026/08/18 06:18:45.541, 1, 210, 40.90, 1
2026/08/18 06:18:45.549, 2, 210, 37.08, 1
2026/08/18 06:18:45.558, 3, 210, 36.75, 1
2026/08/18 06:18:45.833, 0, 1095, 230.24, 770
2026/08/18 06:18:45.840, 1, 210, 40.90, 1
2026/08/18 06:18:45.848, 2, 210, 37.08, 1
2026/08/18 06:18:45.857, 3, 210, 36.75, 1
2026/08/18 06:18:46.129, 0, 1125, 229.76, 770
2026/08/18 06:18:46.136, 1, 210, 40.90, 1
2026/08/18 06:18:46.144, 2, 210, 37.08, 1
2026/08/18 06:18:46.153, 3, 210, 36.75, 1
2026/08/18 06:18:46.416, 0, 1650, 225.51, 770
2026/08/18 06:18:46.423, 1, 210, 40.90, 1
2026/08/18 06:18:46.431, 2, 210, 37.08, 1
2026/08/18 06:18:46.440, 3, 210, 36.75, 1
2026/08/18 06:18:46.701, 0, 1650, 225.95, 770
2026/08/18 06:18:46.707, 1, 210, 41.08, 1
2026/08/18 06:18:46.721, 2, 210, 37.42, 1
2026/08/18 06:18:46.730, 3, 210, 36.74, 1
2026/08/18 06:18:47.002, 0, 1650, 226.66, 770
2026/08/18 06:18:47.009, 1, 210, 41.08, 1
2026/08/18 06:18:47.017, 2, 210, 37.42, 1
2026/08/18 06:18:47.026, 3, 210, 36.74, 1
2026/08/18 06:18:47.303, 0, 1620, 226.28, 770
2026/08/18 06:18:47.310, 1, 210, 41.08, 1
2026/08/18 06:18:47.320, 2, 210, 37.42, 1
2026/08/18 06:18:47.329, 3, 210, 36.74, 1
2026/08/18 06:18:47.601, 0, 1350, 227.94, 794
2026/08/18 06:18:47.608, 1, 210, 40.87, 1
2026/08/18 06:18:47.617, 2, 210, 37.45, 1
2026/08/18 06:18:47.625, 3, 210, 36.75, 1
2026/08/18 06:18:47.901, 0, 1335, 229.16, 794
2026/08/18 06:18:47.908, 1, 210, 40.87, 1
2026/08/18 06:18:47.916, 2, 210, 37.45, 1
2026/08/18 06:18:47.925, 3, 210, 36.75, 1
2026/08/18 06:18:48.201, 0, 1290, 229.24, 794
2026/08/18 06:18:48.208, 1, 210, 40.87, 1
2026/08/18 06:18:48.217, 2, 210, 37.45, 1
2026/08/18 06:18:48.225, 3, 210, 36.75, 1
2026/08/18 06:18:48.497, 0, 1320, 227.54, 794
2026/08/18 06:18:48.504, 1, 210, 40.87, 1
2026/08/18 06:18:48.513, 2, 210, 37.41, 1
2026/08/18 06:18:48.521, 3, 210, 36.72, 1
2026/08/18 06:18:48.786, 0, 1335, 229.05, 794
2026/08/18 06:18:48.792, 1, 210, 40.80, 1
2026/08/18 06:18:48.802, 2, 210, 37.41, 1
2026/08/18 06:18:48.812, 3, 210, 36.72, 1
2026/08/18 06:18:49.085, 0, 1335, 229.03, 794
2026/08/18 06:18:49.092, 1, 210, 40.80, 1
2026/08/18 06:18:49.101, 2, 210, 37.41, 1
2026/08/18 06:18:49.109, 3, 210, 36.72, 1
2026/08/18 06:18:49.386, 0, 1260, 228.38, 794
2026/08/18 06:18:49.393, 1, 210, 40.80, 1
2026/08/18 06:18:49.401, 2, 210, 37.41, 1
2026/08/18 06:18:49.410, 3, 210, 36.72, 1
2026/08/18 06:18:49.687, 0, 1320, 229.68, 794
2026/08/18 06:18:49.693, 1, 210, 40.98, 1
2026/08/18 06:18:49.702, 2, 210, 37.42, 1
2026/08/18 06:18:49.711, 3, 210, 36.69, 1
2026/08/18 06:18:49.986, 0, 1335, 229.68, 794
2026/08/18 06:18:49.993, 1, 210, 40.98, 1
2026/08/18 06:18:50.002, 2, 210, 37.42, 1
2026/08/18 06:18:50.010, 3, 210, 36.69, 1
2026/08/18 06:18:50.288, 0, 1275, 228.93, 794
2026/08/18 06:18:50.295, 1, 210, 40.98, 1
2026/08/18 06:18:50.306, 2, 210, 37.42, 1
2026/08/18 06:18:50.315, 3, 210, 36.69, 1
2026/08/18 06:18:50.587, 0, 1305, 229.31, 794
2026/08/18 06:18:50.594, 1, 210, 41.18, 1
2026/08/18 06:18:50.602, 2, 210, 37.43, 1
2026/08/18 06:18:50.611, 3, 210, 36.68, 1
2026/08/18 06:18:50.886, 0, 1320, 229.76, 794
2026/08/18 06:18:50.893, 1, 210, 41.18, 1
2026/08/18 06:18:50.901, 2, 210, 37.43, 1
2026/08/18 06:18:50.910, 3, 210, 36.68, 1
2026/08/18 06:18:51.172, 0, 1305, 229.44, 794
2026/08/18 06:18:51.179, 1, 210, 41.18, 1
2026/08/18 06:18:51.189, 2, 210, 37.43, 1
2026/08/18 06:18:51.199, 3, 210, 36.68, 1
2026/08/18 06:18:51.472, 0, 1290, 229.32, 794
2026/08/18 06:18:51.480, 1, 210, 41.18, 1
2026/08/18 06:18:51.489, 2, 210, 37.45, 1
2026/08/18 06:18:51.499, 3, 210, 36.70, 1
2026/08/18 06:18:51.774, 0, 1320, 229.81, 794
2026/08/18 06:18:51.781, 1, 210, 41.36, 1
2026/08/18 06:18:51.795, 2, 210, 37.45, 1
2026/08/18 06:18:51.805, 3, 210, 36.70, 1
2026/08/18 06:18:52.069, 0, 1395, 229.79, 794
2026/08/18 06:18:52.076, 1, 210, 41.36, 1
2026/08/18 06:18:52.084, 2, 210, 37.45, 1
2026/08/18 06:18:52.093, 3, 210, 36.70, 1
2026/08/18 06:18:52.355, 0, 1650, 224.71, 794
2026/08/18 06:18:52.362, 1, 210, 41.36, 1
2026/08/18 06:18:52.370, 2, 210, 37.45, 1
2026/08/18 06:18:52.379, 3, 210, 36.70, 1
2026/08/18 06:18:52.656, 0, 1650, 224.13, 794
2026/08/18 06:18:52.663, 1, 210, 41.43, 1
2026/08/18 06:18:52.672, 2, 210, 37.37, 1
2026/08/18 06:18:52.680, 3, 210, 36.76, 1
2026/08/18 06:18:52.954, 0, 1650, 222.27, 794
2026/08/18 06:18:52.961, 1, 210, 41.43, 1
2026/08/18 06:18:52.969, 2, 210, 37.37, 1
2026/08/18 06:18:52.978, 3, 210, 36.76, 1
2026/08/18 06:18:53.240, 0, 1650, 223.27, 794
2026/08/18 06:18:53.247, 1, 210, 41.43, 1
2026/08/18 06:18:53.255, 2, 210, 37.37, 1
2026/08/18 06:18:53.264, 3, 210, 36.76, 1
2026/08/18 06:18:53.539, 0, 1650, 223.51, 794
2026/08/18 06:18:53.546, 1, 210, 41.05, 1
2026/08/18 06:18:53.555, 2, 210, 37.15, 1
2026/08/18 06:18:53.563, 3, 210, 36.80, 1
2026/08/18 06:18:53.840, 0, 1650, 223.56, 794
2026/08/18 06:18:53.847, 1, 210, 41.05, 1
2026/08/18 06:18:53.857, 2, 210, 37.15, 1
2026/08/18 06:18:53.866, 3, 210, 36.80, 1
2026/08/18 06:18:54.142, 0, 1650, 223.64, 794
2026/08/18 06:18:54.149, 1, 210, 41.05, 1
2026/08/18 06:18:54.157, 2, 210, 37.15, 1
2026/08/18 06:18:54.166, 3, 210, 36.80, 1
2026/08/18 06:18:54.440, 0, 1650, 223.77, 794
2026/08/18 06:18:54.446, 1, 210, 41.05, 1
2026/08/18 06:18:54.455, 2, 210, 37.02, 1
2026/08/18 06:18:54.463, 3, 210, 36.82, 1
2026/08/18 06:18:54.741, 0, 1650, 223.79, 794
2026/08/18 06:18:54.748, 1, 210, 40.73, 1
2026/08/18 06:18:54.756, 2, 210, 37.02, 1
2026/08/18 06:18:54.765, 3, 210, 36.82, 1
2026/08/18 06:18:55.041, 0, 1320, 227.47, 794
2026/08/18 06:18:55.048, 1, 210, 40.73, 1
2026/08/18 06:18:55.057, 2, 210, 37.02, 1
2026/08/18 06:18:55.065, 3, 210, 36.82, 1
2026/08/18 06:18:55.342, 0, 1080, 229.14, 794
2026/08/18 06:18:55.349, 1, 210, 40.73, 1
2026/08/18 06:18:55.359, 2, 210, 37.02, 1
2026/08/18 06:18:55.369, 3, 210, 36.82, 1
2026/08/18 06:18:55.643, 0, 1065, 229.15, 794
2026/08/18 06:18:55.650, 1, 210, 40.83, 1
2026/08/18 06:18:55.659, 2, 210, 37.13, 1
2026/08/18 06:18:55.667, 3, 210, 36.83, 1
2026/08/18 06:18:55.942, 0, 1140, 229.74, 794
2026/08/18 06:18:55.949, 1, 210, 40.83, 1
2026/08/18 06:18:55.958, 2, 210, 37.13, 1
2026/08/18 06:18:55.967, 3, 210, 36.83, 1
2026/08/18 06:18:56.241, 0, 1155, 228.29, 794
2026/08/18 06:18:56.248, 1, 210, 40.83, 1
2026/08/18 06:18:56.256, 2, 210, 37.13, 1
2026/08/18 06:18:56.265, 3, 210, 36.83, 1
2026/08/18 06:18:56.542, 0, 1065, 229.09, 794
2026/08/18 06:18:56.548, 1, 210, 41.20, 1
2026/08/18 06:18:56.557, 2, 210, 37.38, 1
2026/08/18 06:18:56.565, 3, 210, 36.82, 1
2026/08/18 06:18:56.843, 0, 1095, 229.33, 794
2026/08/18 06:18:56.850, 1, 210, 41.20, 1
2026/08/18 06:18:56.863, 2, 210, 37.38, 1
2026/08/18 06:18:56.873, 3, 210, 36.82, 1
2026/08/18 06:18:57.142, 0, 1140, 230.33, 794
2026/08/18 06:18:57.149, 1, 210, 41.20, 1
2026/08/18 06:18:57.157, 2, 210, 37.38, 1
2026/08/18 06:18:57.166, 3, 210, 36.82, 1
2026/08/18 06:18:57.443, 0, 1080, 229.45, 794
2026/08/18 06:18:57.450, 1, 210, 41.20, 1
2026/08/18 06:18:57.459, 2, 210, 37.47, 1
2026/08/18 06:18:57.468, 3, 210, 36.81, 1
2026/08/18 06:18:57.744, 0, 1080, 229.28, 794
2026/08/18 06:18:57.751, 1, 210, 41.45, 1
2026/08/18 06:18:57.760, 2, 210, 37.47, 1
2026/08/18 06:18:57.769, 3, 210, 36.81, 1
2026/08/18 06:18:58.045, 0, 1650, 225.34, 794
2026/08/18 06:18:58.052, 1, 210, 41.45, 1
2026/08/18 06:18:58.062, 2, 210, 37.47, 1
2026/08/18 06:18:58.070, 3, 210, 36.81, 1
2026/08/18 06:18:58.344, 0, 1650, 221.40, 794
2026/08/18 06:18:58.351, 1, 210, 41.45, 1
2026/08/18 06:18:58.359, 2, 210, 37.47, 1
2026/08/18 06:18:58.368, 3, 210, 36.81, 1
2026/08/18 06:18:58.642, 0, 1650, 218.90, 794
2026/08/18 06:18:58.648, 1, 210, 41.33, 1
2026/08/18 06:18:58.657, 2, 210, 37.41, 1
2026/08/18 06:18:58.665, 3, 210, 36.79, 1
2026/08/18 06:18:58.922, 0, 1650, 218.10, 794
2026/08/18 06:18:58.929, 1, 210, 41.33, 1
2026/08/18 06:18:58.937, 2, 210, 37.41, 1
2026/08/18 06:18:58.946, 3, 210, 36.79, 1
2026/08/18 06:18:59.211, 0, 1650, 220.13, 794
2026/08/18 06:18:59.217, 1, 210, 41.33, 1
2026/08/18 06:18:59.226, 2, 210, 37.41, 1
2026/08/18 06:18:59.234, 3, 210, 36.79, 1
2026/08/18 06:18:59.513, 0, 1650, 220.12, 744
2026/08/18 06:18:59.519, 1, 210, 40.97, 1
2026/08/18 06:18:59.528, 2, 210, 37.36, 1
2026/08/18 06:18:59.538, 3, 210, 36.78, 1
2026/08/18 06:18:59.811, 0, 1470, 219.51, 744
2026/08/18 06:18:59.818, 1, 210, 40.97, 1
2026/08/18 06:18:59.827, 2, 210, 37.36, 1
2026/08/18 06:18:59.836, 3, 210, 36.78, 1
2026/08/18 06:19:00.111, 0, 1650, 206.35, 744
2026/08/18 06:19:00.117, 1, 210, 40.97, 1
2026/08/18 06:19:00.126, 2, 210, 37.36, 1
2026/08/18 06:19:00.135, 3, 210, 36.78, 1
2026/08/18 06:19:00.412, 0, 1650, 202.31, 744
2026/08/18 06:19:00.419, 1, 210, 40.97, 1
2026/08/18 06:19:00.428, 2, 210, 37.36, 1
2026/08/18 06:19:00.437, 3, 210, 36.78, 1
2026/08/18 06:19:00.712, 0, 1470, 207.08, 744
2026/08/18 06:19:00.718, 1, 210, 41.00, 1
2026/08/18 06:19:00.727, 2, 210, 37.36, 1
2026/08/18 06:19:00.736, 3, 210, 36.76, 1
2026/08/18 06:19:01.013, 0, 1650, 207.30, 744
2026/08/18 06:19:01.019, 1, 210, 41.00, 1
2026/08/18 06:19:01.028, 2, 210, 37.36, 1
2026/08/18 06:19:01.037, 3, 210, 36.76, 1
2026/08/18 06:19:01.312, 0, 1425, 212.58, 744
2026/08/18 06:19:01.319, 1, 210, 41.00, 1
2026/08/18 06:19:01.328, 2, 210, 37.36, 1
2026/08/18 06:19:01.336, 3, 210, 36.76, 1
2026/08/18 06:19:01.614, 0, 1650, 222.40, 744
2026/08/18 06:19:01.621, 1, 210, 41.35, 1
2026/08/18 06:19:01.630, 2, 210, 37.38, 1
2026/08/18 06:19:01.640, 3, 210, 36.75, 1
2026/08/18 06:19:01.913, 0, 1470, 212.93, 748
2026/08/18 06:19:01.920, 1, 210, 41.35, 1
2026/08/18 06:19:01.934, 2, 210, 37.38, 1
2026/08/18 06:19:01.943, 3, 210, 36.75, 1
2026/08/18 06:19:02.213, 0, 1455, 218.85, 748
2026/08/18 06:19:02.219, 1, 210, 41.35, 1
2026/08/18 06:19:02.228, 2, 210, 37.38, 1
2026/08/18 06:19:02.236, 3, 210, 36.75, 1
2026/08/18 06:19:02.497, 0, 1455, 225.20, 748
2026/08/18 06:19:02.503, 1, 210, 41.37, 1
2026/08/18 06:19:02.512, 2, 210, 37.35, 1
2026/08/18 06:19:02.521, 3, 210, 36.74, 1
2026/08/18 06:19:02.793, 0, 1440, 225.46, 748
2026/08/18 06:19:02.799, 1, 210, 41.37, 1
2026/08/18 06:19:02.807, 2, 210, 37.35, 1
2026/08/18 06:19:02.816, 3, 210, 36.74, 1
2026/08/18 06:19:03.079, 0, 1650, 219.34, 748
2026/08/18 06:19:03.085, 1, 210, 41.37, 1
2026/08/18 06:19:03.094, 2, 210, 37.35, 1
2026/08/18 06:19:03.102, 3, 210, 36.74, 1
2026/08/18 06:19:03.365, 0, 1650, 207.80, 748
2026/08/18 06:19:03.371, 1, 210, 41.37, 1
2026/08/18 06:19:03.381, 2, 210, 37.35, 1
2026/08/18 06:19:03.391, 3, 210, 36.74, 1
2026/08/18 06:19:03.665, 0, 1395, 203.05, 748
2026/08/18 06:19:03.671, 1, 210, 40.70, 1
2026/08/18 06:19:03.680, 2, 210, 36.88, 1
2026/08/18 06:19:03.688, 3, 210, 36.85, 1
2026/08/18 06:19:03.966, 0, 1395, 208.40, 748
2026/08/18 06:19:03.972, 1, 210, 40.70, 1
2026/08/18 06:19:03.981, 2, 210, 36.88, 1
2026/08/18 06:19:03.989, 3, 210, 36.85, 1
2026/08/18 06:19:04.267, 0, 1650, 215.22, 748
2026/08/18 06:19:04.273, 1, 210, 40.70, 1
2026/08/18 06:19:04.283, 2, 210, 36.88, 1
2026/08/18 06:19:04.292, 3, 210, 36.85, 1
2026/08/18 06:19:04.562, 0, 1455, 219.51, 770
2026/08/18 06:19:04.569, 1, 210, 40.60, 1
2026/08/18 06:19:04.578, 2, 210, 36.87, 1
2026/08/18 06:19:04.586, 3, 210, 36.82, 1
2026/08/18 06:19:04.847, 0, 1455, 220.68, 770
2026/08/18 06:19:04.854, 1, 210, 40.60, 1
2026/08/18 06:19:04.862, 2, 210, 36.87, 1
2026/08/18 06:19:04.871, 3, 210, 36.82, 1
2026/08/18 06:19:05.128, 0, 1455, 221.09, 770
2026/08/18 06:19:05.134, 1, 210, 40.60, 1
2026/08/18 06:19:05.143, 2, 210, 36.87, 1
2026/08/18 06:19:05.152, 3, 210, 36.82, 1
2026/08/18 06:19:05.416, 0, 1365, 225.18, 770
2026/08/18 06:19:05.423, 1, 210, 40.60, 1
2026/08/18 06:19:05.432, 2, 210, 36.87, 1
2026/08/18 06:19:05.440, 3, 210, 36.82, 1
2026/08/18 06:19:05.718, 0, 1425, 229.57, 770
2026/08/18 06:19:05.725, 1, 210, 41.19, 1
2026/08/18 06:19:05.735, 2, 210, 37.40, 1
2026/08/18 06:19:05.745, 3, 210, 36.71, 1
2026/08/18 06:19:06.016, 0, 1440, 228.90, 770
2026/08/18 06:19:06.023, 1, 210, 41.19, 1
2026/08/18 06:19:06.032, 2, 210, 37.40, 1
2026/08/18 06:19:06.042, 3, 210, 36.71, 1
2026/08/18 06:19:06.315, 0, 1395, 228.53, 770
2026/08/18 06:19:06.322, 1, 210, 41.19, 1
2026/08/18 06:19:06.331, 2, 210, 37.40, 1
2026/08/18 06:19:06.339, 3, 210, 36.71, 1
2026/08/18 06:19:06.596, 0, 1530, 229.16, 770
2026/08/18 06:19:06.602, 1, 210, 41.23, 1
2026/08/18 06:19:06.610, 2, 210, 37.51, 1
2026/08/18 06:19:06.619, 3, 210, 36.72, 1
2026/08/18 06:19:06.883, 0, 1650, 222.99, 770
2026/08/18 06:19:06.889, 1, 210, 41.23, 1
2026/08/18 06:19:06.897, 2, 210, 37.51, 1
2026/08/18 06:19:06.906, 3, 210, 36.72, 1
2026/08/18 06:19:07.169, 0, 1650, 217.20, 770
2026/08/18 06:19:07.175, 1, 210, 41.23, 1
2026/08/18 06:19:07.183, 2, 210, 37.51, 1
2026/08/18 06:19:07.192, 3, 210, 36.72, 1
2026/08/18 06:19:07.512, 0, 1650, 211.72, 770
2026/08/18 06:19:07.518, 1, 210, 41.00, 1
2026/08/18 06:19:07.527, 2, 210, 37.01, 1
2026/08/18 06:19:07.536, 3, 210, 36.69, 1
2026/08/18 06:19:07.799, 0, 1410, 215.21, 770
2026/08/18 06:19:07.806, 1, 210, 41.00, 1
2026/08/18 06:19:07.816, 2, 210, 37.01, 1
2026/08/18 06:19:07.824, 3, 210, 36.69, 1
2026/08/18 06:19:08.101, 0, 1395, 221.48, 770
2026/08/18 06:19:08.108, 1, 210, 41.00, 1
2026/08/18 06:19:08.117, 2, 210, 37.01, 1
2026/08/18 06:19:08.126, 3, 210, 36.69, 1
2026/08/18 06:19:08.403, 0, 1320, 226.87, 770
2026/08/18 06:19:08.410, 1, 210, 41.00, 1
2026/08/18 06:19:08.419, 2, 210, 37.01, 1
2026/08/18 06:19:08.429, 3, 210, 36.69, 1
2026/08/18 06:19:08.700, 0, 1395, 229.54, 770
2026/08/18 06:19:08.706, 1, 210, 41.15, 1
2026/08/18 06:19:08.714, 2, 210, 36.90, 1
2026/08/18 06:19:08.723, 3, 210, 36.70, 1
2026/08/18 06:19:08.985, 0, 1650, 223.96, 770
2026/08/18 06:19:08.992, 1, 210, 41.15, 1
2026/08/18 06:19:09.000, 2, 210, 36.90, 1
2026/08/18 06:19:09.009, 3, 210, 36.70, 1
2026/08/18 06:19:09.286, 0, 1650, 216.42, 770
2026/08/18 06:19:09.292, 1, 210, 41.15, 1
2026/08/18 06:19:09.301, 2, 210, 36.90, 1
2026/08/18 06:19:09.310, 3, 210, 36.70, 1
2026/08/18 06:19:09.586, 0, 1455, 209.12, 794
2026/08/18 06:19:09.592, 1, 210, 41.27, 1
2026/08/18 06:19:09.601, 2, 210, 37.37, 1
2026/08/18 06:19:09.610, 3, 210, 36.76, 1
2026/08/18 06:19:09.887, 0, 1455, 211.69, 794
2026/08/18 06:19:09.893, 1, 210, 41.27, 1
2026/08/18 06:19:09.902, 2, 210, 37.37, 1
2026/08/18 06:19:09.910, 3, 210, 36.76, 1
2026/08/18 06:19:10.186, 0, 1455, 219.63, 794
2026/08/18 06:19:10.193, 1, 210, 41.27, 1
2026/08/18 06:19:10.203, 2, 210, 37.37, 1
2026/08/18 06:19:10.211, 3, 210, 36.76, 1
2026/08/18 06:19:10.485, 0, 1365, 225.01, 794
2026/08/18 06:19:10.492, 1, 210, 41.27, 1
2026/08/18 06:19:10.501, 2, 210, 37.49, 1
2026/08/18 06:19:10.509, 3, 210, 36.79, 1
2026/08/18 06:19:10.772, 0, 1440, 229.60, 794
2026/08/18 06:19:10.779, 1, 210, 41.38, 1
2026/08/18 06:19:10.788, 2, 210, 37.49, 1
2026/08/18 06:19:10.798, 3, 210, 36.79, 1
2026/08/18 06:19:11.072, 0, 1440, 228.75, 794
2026/08/18 06:19:11.079, 1, 210, 41.38, 1
2026/08/18 06:19:11.088, 2, 210, 37.49, 1
2026/08/18 06:19:11.098, 3, 210, 36.79, 1
2026/08/18 06:19:11.371, 0, 1365, 228.27, 794
2026/08/18 06:19:11.377, 1, 210, 41.38, 1
2026/08/18 06:19:11.386, 2, 210, 37.49, 1
2026/08/18 06:19:11.394, 3, 210, 36.79, 1
2026/08/18 06:19:11.667, 0, 1425, 229.58, 794
2026/08/18 06:19:11.673, 1, 210, 41.69, 1
2026/08/18 06:19:11.682, 2, 210, 37.52, 1
2026/08/18 06:19:11.690, 3, 210, 36.75, 1
2026/08/18 06:19:11.954, 0, 1440, 229.47, 794
2026/08/18 06:19:11.960, 1, 210, 41.69, 1
2026/08/18 06:19:11.969, 2, 210, 37.52, 1
2026/08/18 06:19:11.978, 3, 210, 36.75, 1
2026/08/18 06:19:12.257, 0, 1440, 229.42, 794
2026/08/18 06:19:12.263, 1, 210, 41.69, 1
2026/08/18 06:19:12.272, 2, 210, 37.52, 1
2026/08/18 06:19:12.280, 3, 210, 36.75, 1
2026/08/18 06:19:12.552, 0, 1410, 229.17, 794
2026/08/18 06:19:12.559, 1, 210, 41.73, 1
2026/08/18 06:19:12.570, 2, 210, 37.54, 1
2026/08/18 06:19:12.579, 3, 210, 36.72, 1
2026/08/18 06:19:12.857, 0, 1425, 229.50, 794
2026/08/18 06:19:12.863, 1, 210, 41.73, 1
2026/08/18 06:19:12.874, 2, 210, 37.54, 1
2026/08/18 06:19:12.883, 3, 210, 36.72, 1
2026/08/18 06:19:13.156, 0, 1440, 229.27, 794
2026/08/18 06:19:13.162, 1, 210, 41.73, 1
2026/08/18 06:19:13.171, 2, 210, 37.54, 1
2026/08/18 06:19:13.180, 3, 210, 36.72, 1
2026/08/18 06:19:13.451, 0, 1410, 229.31, 794
2026/08/18 06:19:13.457, 1, 210, 41.73, 1
2026/08/18 06:19:13.466, 2, 210, 37.54, 1
2026/08/18 06:19:13.474, 3, 210, 36.73, 1
2026/08/18 06:19:13.739, 0, 1410, 228.42, 794
2026/08/18 06:19:13.745, 1, 210, 41.68, 1
2026/08/18 06:19:13.754, 2, 210, 37.54, 1
2026/08/18 06:19:13.763, 3, 210, 36.73, 1
2026/08/18 06:19:14.041, 0, 1650, 227.01, 794
2026/08/18 06:19:14.047, 1, 210, 41.68, 1
2026/08/18 06:19:14.057, 2, 210, 37.54, 1
2026/08/18 06:19:14.066, 3, 210, 36.73, 1
2026/08/18 06:19:14.340, 0, 1650, 226.13, 794
2026/08/18 06:19:14.346, 1, 210, 41.68, 1
2026/08/18 06:19:14.356, 2, 210, 37.54, 1
2026/08/18 06:19:14.366, 3, 210, 36.73, 1
2026/08/18 06:19:14.639, 0, 1650, 225.71, 794
2026/08/18 06:19:14.645, 1, 210, 41.44, 1
2026/08/18 06:19:14.654, 2, 210, 37.39, 1
2026/08/18 06:19:14.662, 3, 210, 36.76, 1
2026/08/18 06:19:14.923, 0, 1650, 226.86, 794
2026/08/18 06:19:14.929, 1, 210, 41.44, 1
2026/08/18 06:19:14.937, 2, 210, 37.39, 1
2026/08/18 06:19:14.946, 3, 210, 36.76, 1
2026/08/18 06:19:15.207, 0, 1650, 228.29, 794
2026/08/18 06:19:15.213, 1, 210, 41.44, 1
2026/08/18 06:19:15.221, 2, 210, 37.39, 1
2026/08/18 06:19:15.230, 3, 210, 36.76, 1
2026/08/18 06:19:15.490, 0, 1650, 228.43, 794
2026/08/18 06:19:15.496, 1, 210, 41.44, 1
2026/08/18 06:19:15.504, 2, 210, 37.25, 1
2026/08/18 06:19:15.513, 3, 210, 36.77, 1
2026/08/18 06:19:15.777, 0, 1335, 229.84, 794
2026/08/18 06:19:15.783, 1, 210, 41.26, 1
2026/08/18 06:19:15.793, 2, 210, 37.25, 1
2026/08/18 06:19:15.803, 3, 210, 36.77, 1
2026/08/18 06:19:16.075, 0, 1350, 229.11, 794
2026/08/18 06:19:16.082, 1, 210, 41.26, 1
2026/08/18 06:19:16.092, 2, 210, 37.25, 1
2026/08/18 06:19:16.101, 3, 210, 36.77, 1
2026/08/18 06:19:16.377, 0, 1365, 229.46, 794
2026/08/18 06:19:16.383, 1, 210, 41.26, 1
2026/08/18 06:19:16.393, 2, 210, 37.25, 1
2026/08/18 06:19:16.403, 3, 210, 36.77, 1
2026/08/18 06:19:16.676, 0, 1365, 230.37, 794
2026/08/18 06:19:16.683, 1, 210, 41.41, 1
2026/08/18 06:19:16.693, 2, 210, 37.33, 1
2026/08/18 06:19:16.703, 3, 210, 36.78, 1
2026/08/18 06:19:16.976, 0, 1350, 229.48, 794
2026/08/18 06:19:16.983, 1, 210, 41.41, 1
2026/08/18 06:19:16.992, 2, 210, 37.33, 1
2026/08/18 06:19:17.002, 3, 210, 36.78, 1
2026/08/18 06:19:17.278, 0, 1350, 229.42, 794
2026/08/18 06:19:17.285, 1, 210, 41.41, 1
2026/08/18 06:19:17.294, 2, 210, 37.33, 1
2026/08/18 06:19:17.304, 3, 210, 36.78, 1
2026/08/18 06:19:17.577, 0, 1380, 229.63, 794
2026/08/18 06:19:17.584, 1, 210, 41.67, 1
2026/08/18 06:19:17.592, 2, 210, 37.44, 1
2026/08/18 06:19:17.601, 3, 210, 36.79, 1
2026/08/18 06:19:17.875, 0, 1350, 229.44, 794
2026/08/18 06:19:17.881, 1, 210, 41.67, 1
2026/08/18 06:19:17.890, 2, 210, 37.44, 1
2026/08/18 06:19:17.898, 3, 210, 36.79, 1
2026/08/18 06:19:18.161, 0, 1650, 223.72, 794
2026/08/18 06:19:18.168, 1, 210, 41.67, 1
2026/08/18 06:19:18.178, 2, 210, 37.44, 1
2026/08/18 06:19:18.187, 3, 210, 36.79, 1
2026/08/18 06:19:18.458, 0, 1650, 218.09, 794
2026/08/18 06:19:18.465, 1, 210, 41.67, 1
2026/08/18 06:19:18.473, 2, 210, 37.46, 1
2026/08/18 06:19:18.482, 3, 210, 36.79, 1
2026/08/18 06:19:18.744, 0, 1650, 211.12, 794
2026/08/18 06:19:18.751, 1, 210, 41.49, 1
2026/08/18 06:19:18.760, 2, 210, 37.46, 1
2026/08/18 06:19:18.769, 3, 210, 36.79, 1
2026/08/18 06:19:19.043, 0, 1650, 205.55, 794
2026/08/18 06:19:19.050, 1, 210, 41.49, 1
2026/08/18 06:19:19.058, 2, 210, 37.46, 1
2026/08/18 06:19:19.067, 3, 210, 36.79, 1
2026/08/18 06:19:19.339, 0, 1650, 196.13, 794
2026/08/18 06:19:19.344, 1, 210, 41.49, 1
2026/08/18 06:19:19.352, 2, 210, 37.46, 1
2026/08/18 06:19:19.361, 3, 210, 36.79, 1
2026/08/18 06:19:19.627, 0, 1650, 178.91, 794
2026/08/18 06:19:19.632, 1, 210, 40.93, 1
2026/08/18 06:19:19.640, 2, 210, 37.45, 1
2026/08/18 06:19:19.649, 3, 210, 36.79, 1
2026/08/18 06:19:19.912, 0, 1650, 153.00, 794
2026/08/18 06:19:19.917, 1, 210, 40.93, 1
2026/08/18 06:19:19.925, 2, 210, 37.45, 1
2026/08/18 06:19:19.934, 3, 210, 36.79, 1
2026/08/18 06:19:20.194, 0, 1650, 127.15, 794
2026/08/18 06:19:20.199, 1, 210, 40.93, 1
2026/08/18 06:19:20.207, 2, 210, 37.45, 1
2026/08/18 06:19:20.216, 3, 210, 36.79, 1
2026/08/18 06:19:20.476, 0, 1650, 127.15, 794
2026/08/18 06:19:20.481, 1, 210, 40.93, 1
2026/08/18 06:19:20.491, 2, 210, 37.50, 1
2026/08/18 06:19:20.500, 3, 210, 36.76, 1
2026/08/18 06:19:20.774, 0, 1650, 112.12, 794
2026/08/18 06:19:20.779, 1, 210, 41.05, 1
2026/08/18 06:19:20.789, 2, 210, 37.50, 1
2026/08/18 06:19:20.798, 3, 210, 36.76, 1
2026/08/18 06:19:21.061, 0, 1650, 112.49, 1
2026/08/18 06:19:21.066, 1, 210, 41.05, 1
2026/08/18 06:19:21.074, 2, 210, 37.50, 1
2026/08/18 06:19:21.083, 3, 210, 36.76, 1
2026/08/18 06:19:21.344, 0, 1650, 112.74, 1
2026/08/18 06:19:21.348, 1, 210, 41.05, 1
2026/08/18 06:19:21.357, 2, 210, 37.50, 1
2026/08/18 06:19:21.365, 3, 210, 36.76, 1
2026/08/18 06:19:21.679, 0, 1650, 112.86, 1
2026/08/18 06:19:21.684, 1, 210, 41.44, 1
2026/08/18 06:19:21.693, 2, 210, 37.58, 1
2026/08/18 06:19:21.702, 3, 210, 36.77, 1
2026/08/18 06:19:21.978, 0, 1650, 113.33, 1
2026/08/18 06:19:21.982, 1, 210, 41.44, 1
2026/08/18 06:19:21.991, 2, 210, 37.58, 1
2026/08/18 06:19:21.999, 3, 210, 36.77, 1
2026/08/18 06:19:22.264, 0, 1650, 113.33, 1
2026/08/18 06:19:22.271, 1, 210, 41.44, 1
2026/08/18 06:19:22.281, 2, 210, 37.58, 1
2026/08/18 06:19:22.291, 3, 210, 36.77, 1
2026/08/18 06:19:22.575, 0, 1650, 113.33, 1
2026/08/18 06:19:22.584, 1, 210, 41.38, 1
2026/08/18 06:19:22.593, 2, 210, 37.55, 1
2026/08/18 06:19:22.603, 3, 210, 36.78, 1
2026/08/18 06:19:22.882, 0, 1650, 61.49, 1
2026/08/18 06:19:22.889, 1, 210, 41.38, 1
2026/08/18 06:19:22.899, 2, 210, 37.55, 1
2026/08/18 06:19:22.909, 3, 210, 36.78, 1
2026/08/18 06:19:23.180, 0, 375, 61.49, 1
2026/08/18 06:19:23.190, 1, 210, 41.38, 1
2026/08/18 06:19:23.198, 2, 210, 37.55, 1
2026/08/18 06:19:23.207, 3, 210, 36.78, 1
2026/08/18 06:19:23.480, 0, 375, 61.49, 1
2026/08/18 06:19:23.489, 1, 210, 41.38, 1
2026/08/18 06:19:23.498, 2, 210, 37.51, 1
2026/08/18 06:19:23.506, 3, 210, 36.76, 1
2026/08/18 06:19:23.782, 0, 375, 61.49, 1
2026/08/18 06:19:23.791, 1, 210, 41.31, 1
2026/08/18 06:19:23.800, 2, 210, 37.51, 1
2026/08/18 06:19:23.808, 3, 210, 36.76, 1
2026/08/18 06:19:24.143, 0, 240, 47.41, 1
2026/08/18 06:19:24.153, 1, 210, 41.31, 1
2026/08/18 06:19:24.162, 2, 210, 37.51, 1
2026/08/18 06:19:24.171, 3, 210, 36.76, 1
2026/08/18 06:19:24.451, 0, 240, 47.41, 1
2026/08/18 06:19:24.460, 1, 210, 41.31, 1
2026/08/18 06:19:24.469, 2, 210, 37.52, 1
2026/08/18 06:19:24.478, 3, 210, 36.82, 1
2026/08/18 06:19:24.748, 0, 240, 47.41, 1
2026/08/18 06:19:24.757, 1, 210, 41.27, 1
2026/08/18 06:19:24.766, 2, 210, 37.52, 1
2026/08/18 06:19:24.774, 3, 210, 36.82, 1
2026/08/18 06:19:25.048, 0, 210, 37.59, 1
2026/08/18 06:19:25.059, 1, 210, 41.27, 1
2026/08/18 06:19:25.069, 2, 210, 37.52, 1
2026/08/18 06:19:25.078, 3, 210, 36.82, 1
2026/08/18 06:19:25.344, 0, 210, 37.59, 1
2026/08/18 06:19:25.353, 1, 210, 41.27, 1
2026/08/18 06:19:25.362, 2, 210, 37.52, 1
2026/08/18 06:19:25.370, 3, 210, 36.82, 1
2026/08/18 06:19:25.633, 0, 210, 37.59, 1
2026/08/18 06:19:25.643, 1, 210, 41.37, 1
2026/08/18 06:19:25.652, 2, 210, 37.52, 1
2026/08/18 06:19:25.660, 3, 210, 36.84, 1
2026/08/18 06:19:25.934, 0, 210, 36.56, 1
2026/08/18 06:19:25.943, 1, 210, 41.37, 1
2026/08/18 06:19:25.952, 2, 210, 37.52, 1
2026/08/18 06:19:25.960, 3, 210, 36.84, 1
2026/08/18 06:19:26.233, 0, 210, 36.56, 1
2026/08/18 06:19:26.243, 1, 210, 41.37, 1
2026/08/18 06:19:26.252, 2, 210, 37.52, 1
2026/08/18 06:19:26.261, 3, 210, 36.84, 1
2026/08/18 06:19:26.578, 0, 210, 36.56, 1
2026/08/18 06:19:26.587, 1, 210, 41.44, 1
2026/08/18 06:19:26.596, 2, 210, 37.51, 1
2026/08/18 06:19:26.605, 3, 210, 36.78, 1
2026/08/18 06:19:26.868, 0, 210, 36.40, 1
2026/08/18 06:19:26.879, 1, 210, 41.44, 1
2026/08/18 06:19:26.889, 2, 210, 37.51, 1
2026/08/18 06:19:26.898, 3, 210, 36.78, 1
2026/08/18 06:19:27.167, 0, 210, 36.40, 1
2026/08/18 06:19:27.176, 1, 210, 41.44, 1
2026/08/18 06:19:27.185, 2, 210, 37.51, 1
2026/08/18 06:19:27.194, 3, 210, 36.78, 1
2026/08/18 06:19:27.468, 0, 210, 36.40, 1
2026/08/18 06:19:27.478, 1, 210, 41.44, 1
2026/08/18 06:19:27.487, 2, 210, 37.57, 1
2026/08/18 06:19:27.495, 3, 210, 36.75, 1
2026/08/18 06:19:27.767, 0, 210, 36.40, 1
2026/08/18 06:19:27.777, 1, 210, 41.43, 1
2026/08/18 06:19:27.785, 2, 210, 37.57, 1
2026/08/18 06:19:27.794, 3, 210, 36.75, 1
2026/08/18 06:19:28.066, 0, 210, 36.34, 1
2026/08/18 06:19:28.076, 1, 210, 41.43, 1
2026/08/18 06:19:28.085, 2, 210, 37.57, 1
2026/08/18 06:19:28.093, 3, 210, 36.75, 1
2026/08/18 06:19:28.370, 0, 210, 36.34, 1
2026/08/18 06:19:28.381, 1, 210, 41.43, 1
2026/08/18 06:19:28.390, 2, 210, 37.57, 1
2026/08/18 06:19:28.400, 3, 210, 36.75, 1
2026/08/18 06:19:28.669, 0, 210, 36.34, 1
2026/08/18 06:19:28.678, 1, 210, 41.69, 1
2026/08/18 06:19:28.686, 2, 210, 37.67, 1
2026/08/18 06:19:28.695, 3, 210, 36.74, 1
2026/08/18 06:19:28.970, 0, 210, 36.37, 1
2026/08/18 06:19:28.980, 1, 210, 41.69, 1
2026/08/18 06:19:28.988, 2, 210, 37.67, 1
2026/08/18 06:19:28.997, 3, 210, 36.74, 1
2026/08/18 06:19:29.269, 0, 210, 36.37, 1
2026/08/18 06:19:29.279, 1, 210, 41.69, 1
2026/08/18 06:19:29.288, 2, 210, 37.67, 1
2026/08/18 06:19:29.296, 3, 210, 36.74, 1
2026/08/18 06:19:29.568, 0, 210, 36.37, 1
2026/08/18 06:19:29.577, 1, 210, 41.80, 1
2026/08/18 06:19:29.585, 2, 210, 37.72, 1
2026/08/18 06:19:29.594, 3, 210, 36.74, 1
2026/08/18 06:19:29.870, 0, 210, 36.44, 1
2026/08/18 06:19:29.879, 1, 210, 41.80, 1
2026/08/18 06:19:29.888, 2, 210, 37.72, 1
2026/08/18 06:19:29.896, 3, 210, 36.74, 1
2026/08/18 06:19:30.170, 0, 210, 36.44, 1
2026/08/18 06:19:30.181, 1, 210, 41.80, 1
2026/08/18 06:19:30.191, 2, 210, 37.72, 1
2026/08/18 06:19:30.199, 3, 210, 36.74, 1
2026/08/18 06:19:30.470, 0, 210, 36.44, 1
2026/08/18 06:19:30.479, 1, 210, 41.80, 1
2026/08/18 06:19:30.488, 2, 210, 37.58, 1
2026/08/18 06:19:30.496, 3, 210, 36.76, 1
2026/08/18 06:19:30.904, 0, 1650, 37.12, 26
2026/08/18 06:19:30.909, 1, 210, 41.62, 1
2026/08/18 06:19:30.920, 2, 210, 37.58, 1
2026/08/18 06:19:30.930, 3, 210, 36.76, 1
2026/08/18 06:19:31.247, 0, 1650, 59.09, 530
2026/08/18 06:19:31.251, 1, 210, 41.62, 1
2026/08/18 06:19:31.260, 2, 210, 37.58, 1
2026/08/18 06:19:31.269, 3, 210, 36.76, 1
2026/08/18 06:19:31.532, 0, 1650, 68.47, 742
2026/08/18 06:19:31.538, 1, 210, 41.65, 1
2026/08/18 06:19:31.546, 2, 210, 37.46, 1
2026/08/18 06:19:31.555, 3, 210, 36.76, 1
2026/08/18 06:19:31.820, 0, 1350, 86.69, 742
2026/08/18 06:19:31.827, 1, 210, 41.65, 1
2026/08/18 06:19:31.835, 2, 210, 37.46, 1
2026/08/18 06:19:31.844, 3, 210, 36.76, 1
2026/08/18 06:19:32.116, 0, 1515, 166.99, 742
2026/08/18 06:19:32.123, 1, 210, 41.65, 1
2026/08/18 06:19:32.131, 2, 210, 37.46, 1
2026/08/18 06:19:32.140, 3, 210, 36.76, 1
2026/08/18 06:19:32.399, 0, 1455, 199.86, 742
2026/08/18 06:19:32.406, 1, 210, 41.65, 1
2026/08/18 06:19:32.415, 2, 210, 37.46, 1
2026/08/18 06:19:32.424, 3, 210, 36.76, 1
2026/08/18 06:19:32.684, 0, 1125, 232.29, 742
2026/08/18 06:19:32.690, 1, 210, 41.21, 1
2026/08/18 06:19:32.699, 2, 210, 37.04, 1
2026/08/18 06:19:32.707, 3, 210, 36.83, 1
2026/08/18 06:19:32.968, 0, 1605, 226.07, 742
2026/08/18 06:19:32.975, 1, 210, 41.21, 1
2026/08/18 06:19:32.984, 2, 210, 37.04, 1
2026/08/18 06:19:32.992, 3, 210, 36.83, 1
2026/08/18 06:19:33.253, 0, 1335, 225.30, 744
2026/08/18 06:19:33.259, 1, 210, 41.21, 1
2026/08/18 06:19:33.268, 2, 210, 37.04, 1
2026/08/18 06:19:33.276, 3, 210, 36.83, 1
2026/08/18 06:19:33.549, 0, 1335, 227.06, 744
2026/08/18 06:19:33.586, 1, 210, 41.20, 1
2026/08/18 06:19:33.604, 2, 210, 36.94, 1
2026/08/18 06:19:33.614, 3, 210, 36.83, 1
2026/08/18 06:19:33.887, 0, 1440, 226.85, 744
2026/08/18 06:19:33.893, 1, 210, 41.20, 1
2026/08/18 06:19:33.902, 2, 210, 36.94, 1
2026/08/18 06:19:33.910, 3, 210, 36.83, 1
2026/08/18 06:19:34.172, 0, 1425, 227.51, 744
2026/08/18 06:19:34.179, 1, 210, 41.20, 1
2026/08/18 06:19:34.187, 2, 210, 36.94, 1
2026/08/18 06:19:34.196, 3, 210, 36.83, 1
2026/08/18 06:19:34.472, 0, 1440, 228.89, 744
2026/08/18 06:19:34.478, 1, 210, 41.20, 1
2026/08/18 06:19:34.487, 2, 210, 37.22, 1
2026/08/18 06:19:34.496, 3, 210, 39.57, 1
2026/08/18 06:19:34.754, 0, 1440, 227.89, 744
2026/08/18 06:19:34.761, 1, 210, 41.57, 1
2026/08/18 06:19:34.770, 2, 210, 37.22, 1
2026/08/18 06:19:34.778, 3, 690, 39.57, 1
2026/08/18 06:19:35.038, 0, 1380, 229.10, 744
2026/08/18 06:19:35.045, 1, 210, 41.57, 1
2026/08/18 06:19:35.054, 2, 210, 37.22, 1
2026/08/18 06:19:35.062, 3, 690, 39.57, 1
2026/08/18 06:19:35.324, 0, 1095, 230.09, 744
2026/08/18 06:19:35.330, 1, 210, 41.57, 1
2026/08/18 06:19:35.339, 2, 210, 37.22, 1
2026/08/18 06:19:35.347, 3, 690, 39.57, 1
2026/08/18 06:19:35.619, 0, 1590, 226.34, 744
2026/08/18 06:19:35.626, 1, 210, 41.35, 1
2026/08/18 06:19:35.634, 2, 210, 37.16, 1
2026/08/18 06:19:35.643, 3, 210, 43.03, 1
2026/08/18 06:19:35.906, 0, 1605, 225.82, 744
2026/08/18 06:19:35.913, 1, 210, 41.35, 1
2026/08/18 06:19:35.922, 2, 210, 37.16, 1
2026/08/18 06:19:35.931, 3, 210, 43.03, 1
2026/08/18 06:19:36.207, 0, 1605, 227.32, 744
2026/08/18 06:19:36.214, 1, 210, 41.35, 1
2026/08/18 06:19:36.223, 2, 210, 37.16, 1
2026/08/18 06:19:36.232, 3, 210, 43.03, 1
2026/08/18 06:19:36.507, 0, 1305, 225.59, 748
2026/08/18 06:19:36.514, 1, 210, 41.49, 1
2026/08/18 06:19:36.522, 2, 210, 37.25, 1
2026/08/18 06:19:36.531, 3, 645, 41.57, 1
2026/08/18 06:19:36.806, 0, 1305, 229.91, 748
2026/08/18 06:19:36.813, 1, 210, 41.49, 1
2026/08/18 06:19:36.821, 2, 210, 37.25, 1
2026/08/18 06:19:36.829, 3, 645, 41.57, 1
2026/08/18 06:19:37.086, 0, 1305, 230.10, 748
2026/08/18 06:19:37.092, 1, 210, 41.49, 1
2026/08/18 06:19:37.101, 2, 210, 37.25, 1
2026/08/18 06:19:37.110, 3, 645, 41.57, 1
2026/08/18 06:19:37.373, 0, 1305, 227.61, 748
2026/08/18 06:19:37.380, 1, 210, 41.49, 1
2026/08/18 06:19:37.389, 2, 210, 37.25, 1
2026/08/18 06:19:37.397, 3, 645, 41.57, 1
2026/08/18 06:19:37.657, 0, 1470, 227.96, 748
2026/08/18 06:19:37.663, 1, 210, 41.78, 1
2026/08/18 06:19:37.677, 2, 210, 37.36, 1
2026/08/18 06:19:37.685, 3, 645, 41.40, 1
2026/08/18 06:19:37.959, 0, 1470, 228.34, 748
2026/08/18 06:19:37.966, 1, 210, 41.78, 1
2026/08/18 06:19:37.976, 2, 210, 37.36, 1
2026/08/18 06:19:37.986, 3, 645, 41.40, 1
2026/08/18 06:19:38.258, 0, 1425, 227.27, 748
2026/08/18 06:19:38.266, 1, 210, 41.78, 1
2026/08/18 06:19:38.275, 2, 210, 37.36, 1
2026/08/18 06:19:38.283, 3, 645, 41.40, 1
2026/08/18 06:19:38.557, 0, 1440, 228.89, 748
2026/08/18 06:19:38.565, 1, 210, 41.51, 1
2026/08/18 06:19:38.573, 2, 210, 37.14, 1
2026/08/18 06:19:38.582, 3, 210, 41.37, 1
2026/08/18 06:19:38.844, 0, 1455, 229.41, 748
2026/08/18 06:19:38.851, 1, 210, 41.51, 1
2026/08/18 06:19:38.859, 2, 210, 37.14, 1
2026/08/18 06:19:38.868, 3, 210, 41.37, 1
2026/08/18 06:19:39.145, 0, 1440, 228.88, 748
2026/08/18 06:19:39.152, 1, 210, 41.51, 1
2026/08/18 06:19:39.161, 2, 210, 37.14, 1
2026/08/18 06:19:39.171, 3, 210, 41.37, 1
2026/08/18 06:19:39.440, 0, 1050, 229.99, 748
2026/08/18 06:19:39.446, 1, 210, 41.51, 1
2026/08/18 06:19:39.455, 2, 210, 36.97, 1
2026/08/18 06:19:39.463, 3, 210, 38.06, 1
2026/08/18 06:19:39.726, 0, 1080, 229.96, 748
2026/08/18 06:19:39.733, 1, 210, 41.29, 1
2026/08/18 06:19:39.743, 2, 210, 36.97, 1
2026/08/18 06:19:39.751, 3, 210, 38.06, 1
2026/08/18 06:19:40.025, 0, 1110, 229.30, 748
2026/08/18 06:19:40.032, 1, 210, 41.29, 1
2026/08/18 06:19:40.040, 2, 210, 36.97, 1
2026/08/18 06:19:40.049, 3, 210, 38.06, 1
2026/08/18 06:19:40.310, 0, 1605, 226.43, 748
2026/08/18 06:19:40.317, 1, 210, 41.29, 1
2026/08/18 06:19:40.325, 2, 210, 36.97, 1
2026/08/18 06:19:40.334, 3, 210, 38.06, 1
2026/08/18 06:19:40.610, 0, 1605, 227.33, 748
2026/08/18 06:19:40.617, 1, 210, 41.53, 1
2026/08/18 06:19:40.625, 2, 210, 37.28, 1
2026/08/18 06:19:40.634, 3, 210, 36.71, 1
2026/08/18 06:19:40.911, 0, 1590, 228.81, 748
2026/08/18 06:19:40.917, 1, 210, 41.53, 1
2026/08/18 06:19:40.926, 2, 210, 37.28, 1
2026/08/18 06:19:40.934, 3, 210, 36.71, 1
2026/08/18 06:19:41.213, 0, 1380, 227.63, 770
2026/08/18 06:19:41.220, 1, 210, 41.53, 1
2026/08/18 06:19:41.228, 2, 210, 37.28, 1
2026/08/18 06:19:41.237, 3, 210, 36.71, 1
2026/08/18 06:19:41.512, 0, 1320, 229.05, 770
2026/08/18 06:19:41.518, 1, 210, 41.71, 1
2026/08/18 06:19:41.527, 2, 210, 37.46, 1
2026/08/18 06:19:41.535, 3, 210, 36.71, 1
2026/08/18 06:19:41.811, 0, 1320, 229.84, 770
2026/08/18 06:19:41.818, 1, 210, 41.71, 1
2026/08/18 06:19:41.827, 2, 210, 37.46, 1
2026/08/18 06:19:41.836, 3, 210, 36.71, 1
2026/08/18 06:19:42.109, 0, 1125, 228.27, 770
2026/08/18 06:19:42.115, 1, 210, 41.71, 1
2026/08/18 06:19:42.124, 2, 210, 37.46, 1
2026/08/18 06:19:42.132, 3, 210, 36.71, 1
2026/08/18 06:19:42.397, 0, 1305, 229.75, 770
2026/08/18 06:19:42.404, 1, 210, 41.71, 1
2026/08/18 06:19:42.412, 2, 210, 37.46, 1
2026/08/18 06:19:42.421, 3, 210, 36.71, 1
2026/08/18 06:19:42.694, 0, 1320, 228.65, 770
2026/08/18 06:19:42.701, 1, 210, 41.70, 1
2026/08/18 06:19:42.715, 2, 210, 37.42, 1
2026/08/18 06:19:42.724, 3, 210, 36.72, 1
2026/08/18 06:19:42.998, 0, 1230, 228.56, 770
2026/08/18 06:19:43.005, 1, 210, 41.70, 1
2026/08/18 06:19:43.015, 2, 210, 37.42, 1
2026/08/18 06:19:43.025, 3, 210, 36.72, 1
2026/08/18 06:19:43.296, 0, 1290, 229.60, 770
2026/08/18 06:19:43.303, 1, 210, 41.70, 1
2026/08/18 06:19:43.312, 2, 210, 37.42, 1
2026/08/18 06:19:43.320, 3, 210, 36.72, 1
2026/08/18 06:19:43.599, 0, 1530, 228.70, 770
2026/08/18 06:19:43.607, 1, 210, 41.76, 1
2026/08/18 06:19:43.617, 2, 210, 37.45, 1
2026/08/18 06:19:43.626, 3, 210, 36.74, 1
2026/08/18 06:19:43.897, 0, 1560, 226.60, 770
2026/08/18 06:19:43.903, 1, 210, 41.76, 1
2026/08/18 06:19:43.912, 2, 210, 37.45, 1
2026/08/18 06:19:43.921, 3, 210, 36.74, 1
2026/08/18 06:19:44.197, 0, 1575, 227.01, 770
2026/08/18 06:19:44.204, 1, 210, 41.76, 1
2026/08/18 06:19:44.213, 2, 210, 37.45, 1
2026/08/18 06:19:44.221, 3, 210, 36.74, 1
2026/08/18 06:19:44.499, 0, 1500, 228.94, 770
2026/08/18 06:19:44.507, 1, 210, 41.43, 1
2026/08/18 06:19:44.517, 2, 210, 37.19, 1
2026/08/18 06:19:44.527, 3, 210, 36.77, 1
2026/08/18 06:19:44.798, 0, 1560, 229.27, 770
2026/08/18 06:19:44.805, 1, 210, 41.43, 1
2026/08/18 06:19:44.814, 2, 210, 37.19, 1
2026/08/18 06:19:44.823, 3, 210, 36.77, 1
2026/08/18 06:19:45.098, 0, 1575, 229.32, 770
2026/08/18 06:19:45.105, 1, 210, 41.43, 1
2026/08/18 06:19:45.114, 2, 210, 37.19, 1
2026/08/18 06:19:45.122, 3, 210, 36.77, 1
2026/08/18 06:19:45.398, 0, 1545, 229.37, 770
2026/08/18 06:19:45.405, 1, 210, 41.43, 1
2026/08/18 06:19:45.413, 2, 210, 37.19, 1
2026/08/18 06:19:45.422, 3, 210, 36.77, 1
2026/08/18 06:19:45.698, 0, 1530, 228.94, 770
2026/08/18 06:19:45.704, 1, 210, 40.95, 1
2026/08/18 06:19:45.713, 2, 210, 36.90, 1
2026/08/18 06:19:45.722, 3, 210, 36.75, 1
2026/08/18 06:19:46.000, 0, 1080, 230.22, 770
2026/08/18 06:19:46.007, 1, 210, 40.95, 1
2026/08/18 06:19:46.017, 2, 210, 36.90, 1
2026/08/18 06:19:46.026, 3, 210, 36.75, 1
2026/08/18 06:19:46.298, 0, 1095, 229.98, 770
2026/08/18 06:19:46.305, 1, 210, 40.95, 1
2026/08/18 06:19:46.314, 2, 210, 36.90, 1
2026/08/18 06:19:46.322, 3, 210, 36.75, 1
2026/08/18 06:19:46.596, 0, 1095, 229.30, 770
2026/08/18 06:19:46.603, 1, 210, 41.16, 1
2026/08/18 06:19:46.611, 2, 210, 37.11, 1
2026/08/18 06:19:46.620, 3, 210, 36.72, 1
2026/08/18 06:19:46.884, 0, 1065, 228.37, 770
2026/08/18 06:19:46.890, 1, 210, 41.16, 1
2026/08/18 06:19:46.899, 2, 210, 37.11, 1
2026/08/18 06:19:46.907, 3, 210, 36.72, 1
2026/08/18 06:19:47.183, 0, 1095, 229.96, 770
2026/08/18 06:19:47.189, 1, 210, 41.16, 1
2026/08/18 06:19:47.198, 2, 210, 37.11, 1
2026/08/18 06:19:47.207, 3, 210, 36.72, 1
2026/08/18 06:19:47.483, 0, 1620, 225.60, 770
2026/08/18 06:19:47.489, 1, 210, 41.42, 1
2026/08/18 06:19:47.497, 2, 210, 37.41, 1
2026/08/18 06:19:47.506, 3, 210, 36.69, 1
2026/08/18 06:19:47.782, 0, 1620, 226.02, 770
2026/08/18 06:19:47.789, 1, 210, 41.42, 1
2026/08/18 06:19:47.797, 2, 210, 37.41, 1
2026/08/18 06:19:47.806, 3, 210, 36.69, 1
2026/08/18 06:19:48.067, 0, 1620, 226.20, 770
2026/08/18 06:19:48.074, 1, 210, 41.42, 1
2026/08/18 06:19:48.082, 2, 210, 37.41, 1
2026/08/18 06:19:48.091, 3, 210, 36.69, 1
2026/08/18 06:19:48.366, 0, 1605, 227.98, 770
2026/08/18 06:19:48.373, 1, 210, 41.42, 1
2026/08/18 06:19:48.381, 2, 210, 37.41, 1
2026/08/18 06:19:48.390, 3, 210, 36.69, 1
2026/08/18 06:19:48.650, 0, 1320, 228.65, 794
2026/08/18 06:19:48.657, 1, 210, 41.37, 1
2026/08/18 06:19:48.667, 2, 210, 37.49, 1
2026/08/18 06:19:48.676, 3, 210, 36.69, 1
2026/08/18 06:19:48.953, 0, 1305, 229.58, 794
2026/08/18 06:19:48.960, 1, 210, 41.37, 1
2026/08/18 06:19:48.970, 2, 210, 37.49, 1
2026/08/18 06:19:48.980, 3, 210, 36.69, 1
2026/08/18 06:19:49.252, 0, 1275, 229.68, 794
2026/08/18 06:19:49.258, 1, 210, 41.37, 1
2026/08/18 06:19:49.267, 2, 210, 37.49, 1
2026/08/18 06:19:49.275, 3, 210, 36.69, 1
2026/08/18 06:19:49.549, 0, 1305, 227.76, 794
2026/08/18 06:19:49.556, 1, 210, 41.50, 1
2026/08/18 06:19:49.565, 2, 210, 37.51, 1
2026/08/18 06:19:49.573, 3, 210, 36.74, 1
2026/08/18 06:19:49.834, 0, 1305, 229.53, 794
2026/08/18 06:19:49.841, 1, 210, 41.50, 1
2026/08/18 06:19:49.850, 2, 210, 37.51, 1
2026/08/18 06:19:49.859, 3, 210, 36.74, 1
2026/08/18 06:19:50.135, 0, 1305, 229.40, 794
2026/08/18 06:19:50.141, 1, 210, 41.50, 1
2026/08/18 06:19:50.150, 2, 210, 37.51, 1
2026/08/18 06:19:50.158, 3, 210, 36.74, 1
2026/08/18 06:19:50.435, 0, 1275, 228.38, 794
2026/08/18 06:19:50.442, 1, 210, 41.50, 1
2026/08/18 06:19:50.450, 2, 210, 37.49, 1
2026/08/18 06:19:50.459, 3, 210, 36.80, 1
2026/08/18 06:19:50.735, 0, 1305, 229.95, 794
2026/08/18 06:19:50.742, 1, 210, 41.55, 1
2026/08/18 06:19:50.750, 2, 210, 37.49, 1
2026/08/18 06:19:50.759, 3, 210, 36.80, 1
2026/08/18 06:19:51.036, 0, 1305, 230.04, 794
2026/08/18 06:19:51.043, 1, 210, 41.55, 1
2026/08/18 06:19:51.052, 2, 210, 37.49, 1
2026/08/18 06:19:51.061, 3, 210, 36.80, 1
2026/08/18 06:19:51.336, 0, 1260, 228.80, 794
2026/08/18 06:19:51.342, 1, 210, 41.55, 1
2026/08/18 06:19:51.351, 2, 210, 37.49, 1
2026/08/18 06:19:51.359, 3, 210, 36.80, 1
2026/08/18 06:19:51.635, 0, 1290, 230.00, 794
2026/08/18 06:19:51.641, 1, 210, 41.47, 1
2026/08/18 06:19:51.650, 2, 210, 37.42, 1
2026/08/18 06:19:51.658, 3, 210, 36.81, 1
2026/08/18 06:19:51.920, 0, 1305, 229.89, 794
2026/08/18 06:19:51.927, 1, 210, 41.47, 1
2026/08/18 06:19:51.936, 2, 210, 37.42, 1
2026/08/18 06:19:51.946, 3, 210, 36.81, 1
2026/08/18 06:19:52.215, 0, 1275, 229.60, 794
2026/08/18 06:19:52.222, 1, 210, 41.47, 1
2026/08/18 06:19:52.230, 2, 210, 37.42, 1
2026/08/18 06:19:52.239, 3, 210, 36.81, 1
2026/08/18 06:19:52.503, 0, 1290, 229.25, 794
2026/08/18 06:19:52.510, 1, 210, 41.49, 1
2026/08/18 06:19:52.519, 2, 210, 37.43, 1
2026/08/18 06:19:52.527, 3, 210, 36.76, 1
2026/08/18 06:19:52.804, 0, 1305, 229.77, 794
2026/08/18 06:19:52.811, 1, 210, 41.49, 1
2026/08/18 06:19:52.820, 2, 210, 37.43, 1
2026/08/18 06:19:52.828, 3, 210, 36.76, 1
2026/08/18 06:19:53.104, 0, 1275, 229.98, 794
2026/08/18 06:19:53.111, 1, 210, 41.49, 1
2026/08/18 06:19:53.120, 2, 210, 37.43, 1
2026/08/18 06:19:53.129, 3, 210, 36.76, 1
2026/08/18 06:19:53.404, 0, 1650, 226.26, 794
2026/08/18 06:19:53.411, 1, 210, 41.49, 1
2026/08/18 06:19:53.419, 2, 210, 37.43, 1
2026/08/18 06:19:53.428, 3, 210, 36.76, 1
2026/08/18 06:19:53.705, 0, 1650, 227.10, 794
2026/08/18 06:19:53.711, 1, 210, 41.26, 1
2026/08/18 06:19:53.720, 2, 210, 37.38, 1
2026/08/18 06:19:53.728, 3, 210, 36.79, 1
2026/08/18 06:19:54.005, 0, 1650, 226.91, 794
2026/08/18 06:19:54.012, 1, 210, 41.26, 1
2026/08/18 06:19:54.020, 2, 210, 37.38, 1
2026/08/18 06:19:54.029, 3, 210, 36.79, 1
2026/08/18 06:19:54.307, 0, 1620, 226.08, 794
2026/08/18 06:19:54.314, 1, 210, 41.26, 1
2026/08/18 06:19:54.324, 2, 210, 37.38, 1
2026/08/18 06:19:54.334, 3, 210, 36.79, 1
2026/08/18 06:19:54.601, 0, 1635, 229.01, 794
2026/08/18 06:19:54.608, 1, 210, 40.99, 1
2026/08/18 06:19:54.616, 2, 210, 37.16, 1
2026/08/18 06:19:54.625, 3, 210, 36.80, 1
2026/08/18 06:19:54.887, 0, 1650, 229.16, 794
2026/08/18 06:19:54.894, 1, 210, 40.99, 1
2026/08/18 06:19:54.903, 2, 210, 37.16, 1
2026/08/18 06:19:54.911, 3, 210, 36.80, 1
2026/08/18 06:19:55.169, 0, 1620, 229.16, 794
2026/08/18 06:19:55.175, 1, 210, 40.99, 1
2026/08/18 06:19:55.184, 2, 210, 37.16, 1
2026/08/18 06:19:55.193, 3, 210, 36.80, 1
2026/08/18 06:19:55.457, 0, 1635, 228.65, 794
2026/08/18 06:19:55.464, 1, 210, 40.99, 1
2026/08/18 06:19:55.473, 2, 210, 36.95, 1
2026/08/18 06:19:55.481, 3, 210, 38.20, 1
2026/08/18 06:19:55.757, 0, 1650, 228.76, 794
2026/08/18 06:19:55.764, 1, 210, 40.83, 1
2026/08/18 06:19:55.774, 2, 210, 36.95, 1
2026/08/18 06:19:55.783, 3, 690, 38.20, 1
2026/08/18 06:19:56.056, 0, 1650, 228.76, 794
2026/08/18 06:19:56.063, 1, 210, 40.83, 1
2026/08/18 06:19:56.072, 2, 210, 36.95, 1
2026/08/18 06:19:56.080, 3, 690, 38.20, 1
2026/08/18 06:19:56.358, 0, 1020, 229.57, 794
2026/08/18 06:19:56.365, 1, 210, 40.83, 1
2026/08/18 06:19:56.373, 2, 210, 36.95, 1
2026/08/18 06:19:56.382, 3, 690, 38.20, 1
2026/08/18 06:19:56.656, 0, 1080, 229.71, 794
2026/08/18 06:19:56.663, 1, 210, 41.04, 1
2026/08/18 06:19:56.672, 2, 210, 36.97, 1
2026/08/18 06:19:56.680, 3, 690, 41.75, 1
2026/08/18 06:19:56.940, 0, 1080, 229.96, 794
2026/08/18 06:19:56.946, 1, 210, 41.04, 1
2026/08/18 06:19:56.955, 2, 210, 36.97, 1
2026/08/18 06:19:56.963, 3, 690, 41.75, 1
2026/08/18 06:19:57.226, 0, 1050, 227.04, 794
2026/08/18 06:19:57.233, 1, 210, 41.04, 1
2026/08/18 06:19:57.243, 2, 210, 36.97, 1
2026/08/18 06:19:57.252, 3, 690, 41.75, 1
2026/08/18 06:19:57.520, 0, 1035, 229.58, 794
2026/08/18 06:19:57.527, 1, 210, 41.32, 1
2026/08/18 06:19:57.537, 2, 210, 37.22, 1
2026/08/18 06:19:57.545, 3, 210, 41.82, 1
2026/08/18 06:19:57.808, 0, 1065, 229.83, 794
2026/08/18 06:19:57.815, 1, 210, 41.32, 1
2026/08/18 06:19:57.825, 2, 210, 37.22, 1
2026/08/18 06:19:57.839, 3, 210, 41.82, 1
2026/08/18 06:19:58.107, 0, 1080, 230.07, 794
2026/08/18 06:19:58.115, 1, 210, 41.32, 1
2026/08/18 06:19:58.125, 2, 210, 37.22, 1
2026/08/18 06:19:58.134, 3, 210, 41.82, 1
2026/08/18 06:19:58.409, 0, 1050, 229.30, 794
2026/08/18 06:19:58.416, 1, 210, 41.32, 1
2026/08/18 06:19:58.425, 2, 210, 37.22, 1
2026/08/18 06:19:58.434, 3, 210, 38.27, 1
2026/08/18 06:19:58.710, 0, 1065, 229.65, 794
2026/08/18 06:19:58.717, 1, 210, 41.24, 1
2026/08/18 06:19:58.727, 2, 210, 37.35, 1
2026/08/18 06:19:58.736, 3, 210, 38.27, 1
2026/08/18 06:19:59.010, 0, 1080, 229.98, 794
2026/08/18 06:19:59.017, 1, 210, 41.24, 1
2026/08/18 06:19:59.027, 2, 210, 37.35, 1
2026/08/18 06:19:59.036, 3, 210, 38.27, 1
2026/08/18 06:19:59.310, 0, 1650, 225.74, 794
2026/08/18 06:19:59.317, 1, 210, 41.24, 1
2026/08/18 06:19:59.325, 2, 210, 37.35, 1
2026/08/18 06:19:59.334, 3, 210, 38.27, 1
2026/08/18 06:19:59.609, 0, 1650, 224.86, 794
2026/08/18 06:19:59.616, 1, 210, 41.27, 1
2026/08/18 06:19:59.625, 2, 210, 37.32, 1
2026/08/18 06:19:59.633, 3, 210, 36.78, 1
2026/08/18 06:19:59.911, 0, 1650, 224.51, 794
2026/08/18 06:19:59.918, 1, 210, 41.27, 1
2026/08/18 06:19:59.927, 2, 210, 37.32, 1
2026/08/18 06:19:59.936, 3, 210, 36.78, 1
2026/08/18 06:20:00.210, 0, 1650, 223.39, 794
2026/08/18 06:20:00.216, 1, 210, 41.27, 1
2026/08/18 06:20:00.225, 2, 210, 37.32, 1
2026/08/18 06:20:00.233, 3, 210, 36.78, 1
2026/08/18 06:20:00.507, 0, 1650, 227.41, 794
2026/08/18 06:20:00.514, 1, 210, 41.07, 1
2026/08/18 06:20:00.522, 2, 210, 37.29, 1
2026/08/18 06:20:00.530, 3, 210, 36.81, 1
2026/08/18 06:20:00.793, 0, 1650, 226.64, 744
2026/08/18 06:20:00.800, 1, 210, 41.07, 1
2026/08/18 06:20:00.808, 2, 210, 37.29, 1
2026/08/18 06:20:00.817, 3, 210, 36.81, 1
2026/08/18 06:20:01.077, 0, 1650, 225.11, 744
2026/08/18 06:20:01.082, 1, 210, 41.07, 1
2026/08/18 06:20:01.091, 2, 210, 37.29, 1
2026/08/18 06:20:01.099, 3, 210, 36.81, 1
2026/08/18 06:20:01.362, 0, 1650, 207.65, 744
2026/08/18 06:20:01.367, 1, 210, 41.07, 1
2026/08/18 06:20:01.376, 2, 210, 37.29, 1
2026/08/18 06:20:01.384, 3, 210, 36.81, 1
2026/08/18 06:20:01.659, 0, 1650, 201.67, 744
2026/08/18 06:20:01.666, 1, 210, 40.72, 1
2026/08/18 06:20:01.674, 2, 210, 37.25, 1
2026/08/18 06:20:01.683, 3, 210, 36.80, 1
2026/08/18 06:20:01.944, 0, 1440, 207.50, 744
2026/08/18 06:20:01.951, 1, 210, 40.72, 1
2026/08/18 06:20:01.961, 2, 210, 37.25, 1
2026/08/18 06:20:01.970, 3, 210, 36.80, 1
2026/08/18 06:20:02.264, 0, 1650, 210.19, 744
2026/08/18 06:20:02.270, 1, 210, 40.72, 1
2026/08/18 06:20:02.278, 2, 210, 37.25, 1
2026/08/18 06:20:02.287, 3, 210, 36.80, 1
2026/08/18 06:20:02.563, 0, 1425, 212.77, 744
2026/08/18 06:20:02.570, 1, 210, 40.86, 1
2026/08/18 06:20:02.579, 2, 210, 37.27, 1
2026/08/18 06:20:02.589, 3, 210, 36.79, 1
2026/08/18 06:20:02.861, 0, 1590, 220.72, 744
2026/08/18 06:20:02.867, 1, 210, 40.86, 1
2026/08/18 06:20:02.881, 2, 210, 37.27, 1
2026/08/18 06:20:02.890, 3, 210, 36.79, 1
2026/08/18 06:20:03.163, 0, 1455, 213.76, 748
2026/08/18 06:20:03.170, 1, 210, 40.86, 1
2026/08/18 06:20:03.178, 2, 210, 37.27, 1
2026/08/18 06:20:03.187, 3, 210, 36.79, 1
2026/08/18 06:20:03.462, 0, 1440, 221.66, 748
2026/08/18 06:20:03.469, 1, 210, 40.86, 1
2026/08/18 06:20:03.477, 2, 210, 37.28, 1
2026/08/18 06:20:03.486, 3, 210, 36.76, 1
2026/08/18 06:20:03.763, 0, 1440, 225.24, 748
2026/08/18 06:20:03.770, 1, 210, 41.02, 1
2026/08/18 06:20:03.779, 2, 210, 37.28, 1
2026/08/18 06:20:03.787, 3, 210, 36.76, 1
2026/08/18 06:20:04.064, 0, 1425, 225.93, 748
2026/08/18 06:20:04.070, 1, 210, 41.02, 1
2026/08/18 06:20:04.079, 2, 210, 37.28, 1
2026/08/18 06:20:04.088, 3, 210, 36.76, 1
2026/08/18 06:20:04.364, 0, 1650, 220.09, 748
2026/08/18 06:20:04.370, 1, 210, 41.02, 1
2026/08/18 06:20:04.380, 2, 210, 37.28, 1
2026/08/18 06:20:04.389, 3, 210, 36.76, 1
2026/08/18 06:20:04.662, 0, 1650, 209.48, 748
2026/08/18 06:20:04.668, 1, 210, 40.72, 1
2026/08/18 06:20:04.677, 2, 210, 37.01, 1
2026/08/18 06:20:04.686, 3, 210, 36.84, 1
2026/08/18 06:20:04.946, 0, 1380, 206.89, 748
2026/08/18 06:20:04.953, 1, 210, 40.72, 1
2026/08/18 06:20:04.961, 2, 210, 37.01, 1
2026/08/18 06:20:04.970, 3, 210, 36.84, 1
2026/08/18 06:20:05.230, 0, 1380, 213.88, 748
2026/08/18 06:20:05.236, 1, 210, 40.72, 1
2026/08/18 06:20:05.245, 2, 210, 37.01, 1
2026/08/18 06:20:05.253, 3, 210, 36.84, 1
2026/08/18 06:20:05.515, 0, 1650, 218.76, 748
2026/08/18 06:20:05.521, 1, 210, 40.76, 1
2026/08/18 06:20:05.530, 2, 210, 36.74, 1
2026/08/18 06:20:05.538, 3, 210, 36.91, 1
2026/08/18 06:20:05.826, 0, 1455, 222.23, 770
2026/08/18 06:20:05.833, 1, 210, 40.76, 1
2026/08/18 06:20:05.843, 2, 210, 36.74, 1
2026/08/18 06:20:05.851, 3, 210, 36.91, 1
2026/08/18 06:20:06.116, 0, 1440, 221.88, 770
2026/08/18 06:20:06.123, 1, 210, 40.76, 1
2026/08/18 06:20:06.133, 2, 210, 36.74, 1
2026/08/18 06:20:06.143, 3, 210, 36.91, 1
2026/08/18 06:20:06.414, 0, 1440, 221.64, 770
2026/08/18 06:20:06.421, 1, 210, 40.76, 1
2026/08/18 06:20:06.429, 2, 210, 37.02, 1
2026/08/18 06:20:06.438, 3, 210, 36.81, 1
2026/08/18 06:20:06.700, 0, 1350, 225.80, 770
2026/08/18 06:20:06.707, 1, 210, 41.28, 1
2026/08/18 06:20:06.716, 2, 210, 37.02, 1
2026/08/18 06:20:06.726, 3, 210, 36.81, 1
2026/08/18 06:20:06.994, 0, 1425, 229.59, 770
2026/08/18 06:20:07.001, 1, 210, 41.28, 1
2026/08/18 06:20:07.009, 2, 210, 37.02, 1
2026/08/18 06:20:07.017, 3, 210, 36.81, 1
2026/08/18 06:20:07.284, 0, 1440, 229.10, 770
2026/08/18 06:20:07.291, 1, 210, 41.28, 1
2026/08/18 06:20:07.300, 2, 210, 37.02, 1
2026/08/18 06:20:07.310, 3, 210, 36.81, 1
2026/08/18 06:20:07.583, 0, 1365, 229.09, 770
2026/08/18 06:20:07.590, 1, 210, 41.45, 1
2026/08/18 06:20:07.599, 2, 210, 37.32, 1
2026/08/18 06:20:07.607, 3, 210, 36.75, 1
2026/08/18 06:20:07.882, 0, 1455, 229.54, 770
2026/08/18 06:20:07.888, 1, 210, 41.45, 1
2026/08/18 06:20:07.902, 2, 210, 37.32, 1
2026/08/18 06:20:07.910, 3, 210, 36.75, 1
2026/08/18 06:20:08.184, 0, 1650, 224.31, 770
2026/08/18 06:20:08.190, 1, 210, 41.45, 1
2026/08/18 06:20:08.200, 2, 210, 37.32, 1
2026/08/18 06:20:08.210, 3, 210, 36.75, 1
2026/08/18 06:20:08.479, 0, 1650, 219.90, 770
2026/08/18 06:20:08.485, 1, 210, 41.22, 1
2026/08/18 06:20:08.493, 2, 210, 37.06, 1
2026/08/18 06:20:08.502, 3, 210, 36.72, 1
2026/08/18 06:20:08.766, 0, 1650, 216.44, 770
2026/08/18 06:20:08.772, 1, 210, 41.22, 1
2026/08/18 06:20:08.782, 2, 210, 37.06, 1
2026/08/18 06:20:08.791, 3, 210, 36.72, 1
2026/08/18 06:20:09.063, 0, 1380, 220.38, 770
2026/08/18 06:20:09.069, 1, 210, 41.22, 1
2026/08/18 06:20:09.078, 2, 210, 37.06, 1
2026/08/18 06:20:09.087, 3, 210, 36.72, 1
2026/08/18 06:20:09.366, 0, 1380, 225.22, 770
2026/08/18 06:20:09.373, 1, 210, 41.22, 1
2026/08/18 06:20:09.381, 2, 210, 37.06, 1
2026/08/18 06:20:09.390, 3, 210, 36.72, 1
2026/08/18 06:20:09.649, 0, 1320, 228.12, 770
2026/08/18 06:20:09.655, 1, 210, 40.92, 1
2026/08/18 06:20:09.664, 2, 210, 36.83, 1
2026/08/18 06:20:09.673, 3, 210, 36.75, 1
2026/08/18 06:20:09.934, 0, 1365, 229.50, 770
2026/08/18 06:20:09.940, 1, 210, 40.92, 1
2026/08/18 06:20:09.949, 2, 210, 36.83, 1
2026/08/18 06:20:09.957, 3, 210, 36.75, 1
2026/08/18 06:20:10.219, 0, 1650, 224.27, 770
2026/08/18 06:20:10.225, 1, 210, 40.92, 1
2026/08/18 06:20:10.235, 2, 210, 36.83, 1
2026/08/18 06:20:10.245, 3, 210, 36.75, 1
2026/08/18 06:20:10.513, 0, 1650, 217.63, 770
2026/08/18 06:20:10.519, 1, 210, 40.95, 1
2026/08/18 06:20:10.528, 2, 210, 37.12, 1
2026/08/18 06:20:10.536, 3, 210, 36.79, 1
2026/08/18 06:20:10.801, 0, 1650, 215.10, 794
2026/08/18 06:20:10.806, 1, 210, 40.95, 1
2026/08/18 06:20:10.815, 2, 210, 37.12, 1
2026/08/18 06:20:10.825, 3, 210, 36.79, 1
2026/08/18 06:20:11.086, 0, 1440, 214.77, 794
2026/08/18 06:20:11.093, 1, 210, 40.95, 1
2026/08/18 06:20:11.103, 2, 210, 37.12, 1
2026/08/18 06:20:11.112, 3, 210, 36.79, 1
2026/08/18 06:20:11.385, 0, 1440, 219.38, 794
2026/08/18 06:20:11.392, 1, 210, 40.95, 1
2026/08/18 06:20:11.400, 2, 210, 37.12, 1
2026/08/18 06:20:11.409, 3, 210, 36.79, 1
2026/08/18 06:20:11.731, 0, 1290, 226.05, 794
2026/08/18 06:20:11.738, 1, 210, 41.12, 1
2026/08/18 06:20:11.746, 2, 210, 37.32, 1
2026/08/18 06:20:11.755, 3, 210, 36.80, 1
2026/08/18 06:20:12.020, 0, 1425, 229.39, 794
2026/08/18 06:20:12.027, 1, 210, 41.12, 1
2026/08/18 06:20:12.035, 2, 210, 37.32, 1
2026/08/18 06:20:12.044, 3, 210, 36.80, 1
2026/08/18 06:20:12.320, 0, 1425, 228.50, 794
2026/08/18 06:20:12.326, 1, 210, 41.12, 1
2026/08/18 06:20:12.335, 2, 210, 37.32, 1
2026/08/18 06:20:12.343, 3, 210, 36.80, 1
2026/08/18 06:20:12.618, 0, 1425, 228.40, 794
2026/08/18 06:20:12.625, 1, 210, 41.42, 1
2026/08/18 06:20:12.634, 2, 210, 37.40, 1
2026/08/18 06:20:12.642, 3, 210, 36.80, 1
2026/08/18 06:20:12.902, 0, 1395, 228.56, 794
2026/08/18 06:20:12.909, 1, 210, 41.42, 1
2026/08/18 06:20:12.923, 2, 210, 37.40, 1
2026/08/18 06:20:12.932, 3, 210, 36.80, 1
2026/08/18 06:20:13.203, 0, 1425, 229.45, 794
2026/08/18 06:20:13.210, 1, 210, 41.42, 1
2026/08/18 06:20:13.218, 2, 210, 37.40, 1
2026/08/18 06:20:13.227, 3, 210, 36.80, 1
2026/08/18 06:20:13.490, 0, 1440, 229.37, 794
2026/08/18 06:20:13.497, 1, 210, 41.63, 1
2026/08/18 06:20:13.507, 2, 210, 37.49, 1
2026/08/18 06:20:13.517, 3, 210, 36.79, 1
2026/08/18 06:20:13.788, 0, 1395, 228.89, 794
2026/08/18 06:20:13.795, 1, 210, 41.63, 1
2026/08/18 06:20:13.804, 2, 210, 37.49, 1
2026/08/18 06:20:13.812, 3, 210, 36.79, 1
2026/08/18 06:20:14.133, 0, 1395, 229.63, 794
2026/08/18 06:20:14.139, 1, 210, 41.63, 1
2026/08/18 06:20:14.148, 2, 210, 37.49, 1
2026/08/18 06:20:14.156, 3, 210, 36.79, 1
2026/08/18 06:20:14.422, 0, 1425, 229.46, 794
2026/08/18 06:20:14.429, 1, 210, 41.63, 1
2026/08/18 06:20:14.437, 2, 210, 37.48, 1
2026/08/18 06:20:14.446, 3, 210, 36.79, 1
2026/08/18 06:20:14.723, 0, 1425, 229.15, 794
2026/08/18 06:20:14.729, 1, 210, 41.55, 1
2026/08/18 06:20:14.738, 2, 210, 37.48, 1
2026/08/18 06:20:14.746, 3, 210, 36.79, 1
2026/08/18 06:20:15.023, 0, 1410, 229.37, 794
2026/08/18 06:20:15.030, 1, 210, 41.55, 1
2026/08/18 06:20:15.038, 2, 210, 37.48, 1
2026/08/18 06:20:15.047, 3, 210, 36.79, 1
2026/08/18 06:20:15.323, 0, 1635, 227.35, 794
2026/08/18 06:20:15.329, 1, 210, 41.55, 1
2026/08/18 06:20:15.338, 2, 210, 37.48, 1
2026/08/18 06:20:15.347, 3, 210, 36.79, 1
2026/08/18 06:20:15.622, 0, 1650, 227.86, 794
2026/08/18 06:20:15.628, 1, 210, 41.23, 1
2026/08/18 06:20:15.636, 2, 210, 37.35, 1
2026/08/18 06:20:15.645, 3, 210, 36.78, 1
2026/08/18 06:20:15.905, 0, 1650, 228.18, 794
2026/08/18 06:20:15.911, 1, 210, 41.23, 1
2026/08/18 06:20:15.920, 2, 210, 37.35, 1
2026/08/18 06:20:15.928, 3, 210, 36.78, 1
2026/08/18 06:20:16.190, 0, 1620, 227.38, 794
2026/08/18 06:20:16.196, 1, 210, 41.23, 1
2026/08/18 06:20:16.204, 2, 210, 37.35, 1
2026/08/18 06:20:16.213, 3, 210, 36.78, 1
2026/08/18 06:20:16.502, 0, 1650, 229.24, 794
2026/08/18 06:20:16.508, 1, 210, 40.98, 1
2026/08/18 06:20:16.516, 2, 210, 37.12, 1
2026/08/18 06:20:16.525, 3, 210, 36.77, 1
2026/08/18 06:20:16.790, 0, 1650, 229.36, 794
2026/08/18 06:20:16.796, 1, 210, 40.98, 1
2026/08/18 06:20:16.804, 2, 210, 37.12, 1
2026/08/18 06:20:16.813, 3, 210, 36.77, 1
2026/08/18 06:20:17.073, 0, 1290, 229.99, 794
2026/08/18 06:20:17.080, 1, 210, 40.98, 1
2026/08/18 06:20:17.088, 2, 210, 37.12, 1
2026/08/18 06:20:17.097, 3, 210, 36.77, 1
2026/08/18 06:20:17.376, 0, 1350, 229.13, 794
2026/08/18 06:20:17.383, 1, 210, 40.98, 1
2026/08/18 06:20:17.393, 2, 210, 37.12, 1
2026/08/18 06:20:17.402, 3, 210, 36.77, 1
2026/08/18 06:20:17.672, 0, 1365, 228.98, 794
2026/08/18 06:20:17.679, 1, 210, 41.18, 1
2026/08/18 06:20:17.688, 2, 210, 37.14, 1
2026/08/18 06:20:17.696, 3, 210, 36.76, 1
2026/08/18 06:20:17.958, 0, 1380, 228.84, 794
2026/08/18 06:20:17.965, 1, 210, 41.18, 1
2026/08/18 06:20:17.979, 2, 210, 37.14, 1
2026/08/18 06:20:17.987, 3, 210, 36.76, 1
2026/08/18 06:20:18.253, 0, 1335, 228.29, 794
2026/08/18 06:20:18.260, 1, 210, 41.18, 1
2026/08/18 06:20:18.269, 2, 210, 37.14, 1
2026/08/18 06:20:18.278, 3, 210, 36.76, 1
2026/08/18 06:20:18.543, 0, 1365, 229.16, 794
2026/08/18 06:20:18.549, 1, 210, 41.34, 1
2026/08/18 06:20:18.558, 2, 210, 37.34, 1
2026/08/18 06:20:18.566, 3, 210, 36.74, 1
2026/08/18 06:20:18.870, 0, 1380, 229.52, 794
2026/08/18 06:20:18.876, 1, 210, 41.34, 1
2026/08/18 06:20:18.885, 2, 210, 37.34, 1
2026/08/18 06:20:18.893, 3, 210, 36.74, 1
2026/08/18 06:20:19.160, 0, 1335, 228.95, 794
2026/08/18 06:20:19.167, 1, 210, 41.34, 1
2026/08/18 06:20:19.176, 2, 210, 37.34, 1
2026/08/18 06:20:19.186, 3, 210, 36.74, 1
2026/08/18 06:20:19.460, 0, 1650, 225.15, 794
2026/08/18 06:20:19.466, 1, 210, 41.34, 1
2026/08/18 06:20:19.474, 2, 210, 37.42, 1
2026/08/18 06:20:19.483, 3, 210, 36.72, 1
2026/08/18 06:20:19.758, 0, 1650, 220.12, 794
2026/08/18 06:20:19.764, 1, 210, 41.28, 1
2026/08/18 06:20:19.774, 2, 210, 37.42, 1
2026/08/18 06:20:19.783, 3, 210, 36.72, 1
2026/08/18 06:20:20.055, 0, 1650, 214.03, 794
2026/08/18 06:20:20.061, 1, 210, 41.28, 1
2026/08/18 06:20:20.070, 2, 210, 37.42, 1
2026/08/18 06:20:20.078, 3, 210, 36.72, 1
2026/08/18 06:20:20.342, 0, 1650, 209.36, 794
2026/08/18 06:20:20.348, 1, 210, 41.28, 1
2026/08/18 06:20:20.357, 2, 210, 37.42, 1
2026/08/18 06:20:20.365, 3, 210, 36.72, 1
2026/08/18 06:20:20.629, 0, 1650, 205.59, 794
2026/08/18 06:20:20.634, 1, 210, 40.84, 1
2026/08/18 06:20:20.644, 2, 210, 37.34, 1
2026/08/18 06:20:20.654, 3, 210, 36.74, 1
2026/08/18 06:20:20.929, 0, 1650, 179.24, 794
2026/08/18 06:20:20.934, 1, 210, 40.84, 1
2026/08/18 06:20:20.943, 2, 210, 37.34, 1
2026/08/18 06:20:20.952, 3, 210, 36.74, 1
2026/08/18 06:20:21.239, 0, 1650, 152.88, 794
2026/08/18 06:20:21.244, 1, 210, 40.84, 1
2026/08/18 06:20:21.252, 2, 210, 37.34, 1
2026/08/18 06:20:21.261, 3, 210, 36.74, 1
2026/08/18 06:20:21.528, 0, 1650, 126.38, 794
2026/08/18 06:20:21.533, 1, 210, 40.58, 1
2026/08/18 06:20:21.542, 2, 210, 37.38, 1
2026/08/18 06:20:21.550, 3, 210, 36.78, 1
2026/08/18 06:20:21.827, 0, 1650, 126.38, 794
2026/08/18 06:20:21.832, 1, 210, 40.58, 1
2026/08/18 06:20:21.841, 2, 210, 37.38, 1
2026/08/18 06:20:21.849, 3, 210, 36.78, 1
2026/08/18 06:20:22.123, 0, 1650, 113.45, 791
2026/08/18 06:20:22.128, 1, 210, 40.58, 1
2026/08/18 06:20:22.139, 2, 210, 37.38, 1
2026/08/18 06:20:22.195, 3, 210, 36.78, 1
2026/08/18 06:20:22.461, 0, 1650, 113.87, 1
2026/08/18 06:20:22.466, 1, 210, 40.58, 1
2026/08/18 06:20:22.475, 2, 210, 37.49, 1
2026/08/18 06:20:22.484, 3, 210, 36.76, 1
2026/08/18 06:20:22.746, 0, 1650, 114.12, 1
2026/08/18 06:20:22.750, 1, 210, 40.92, 1
2026/08/18 06:20:22.758, 2, 210, 37.49, 1
2026/08/18 06:20:22.767, 3, 210, 36.76, 1
2026/08/18 06:20:23.026, 0, 1650, 114.56, 1
2026/08/18 06:20:23.031, 1, 210, 40.92, 1
2026/08/18 06:20:23.044, 2, 210, 37.49, 1
2026/08/18 06:20:23.054, 3, 210, 36.76, 1
2026/08/18 06:20:23.329, 0, 1650, 114.53, 1
2026/08/18 06:20:23.334, 1, 210, 40.92, 1
2026/08/18 06:20:23.343, 2, 210, 37.49, 1
2026/08/18 06:20:23.353, 3, 210, 36.76, 1
2026/08/18 06:20:23.680, 0, 1650, 114.53, 1
2026/08/18 06:20:23.684, 1, 210, 41.08, 1
2026/08/18 06:20:23.693, 2, 210, 37.46, 1
2026/08/18 06:20:23.702, 3, 210, 36.75, 1
2026/08/18 06:20:23.964, 0, 1650, 114.53, 1
2026/08/18 06:20:23.969, 1, 210, 41.08, 1
2026/08/18 06:20:23.979, 2, 210, 37.46, 1
2026/08/18 06:20:23.989, 3, 210, 36.75, 1
2026/08/18 06:20:24.263, 0, 450, 108.78, 1
2026/08/18 06:20:24.271, 1, 210, 41.08, 1
2026/08/18 06:20:24.279, 2, 210, 37.46, 1
2026/08/18 06:20:24.288, 3, 210, 36.75, 1
2026/08/18 06:20:24.563, 0, 450, 108.78, 1
2026/08/18 06:20:24.571, 1, 210, 41.03, 1
2026/08/18 06:20:24.580, 2, 210, 37.44, 1
2026/08/18 06:20:24.589, 3, 210, 36.78, 1
2026/08/18 06:20:24.864, 0, 450, 108.78, 1
2026/08/18 06:20:24.871, 1, 210, 41.03, 1
2026/08/18 06:20:24.879, 2, 210, 37.44, 1
2026/08/18 06:20:24.888, 3, 210, 36.78, 1
2026/08/18 06:20:25.166, 0, 450, 75.69, 1
2026/08/18 06:20:25.173, 1, 210, 41.03, 1
2026/08/18 06:20:25.182, 2, 210, 37.44, 1
2026/08/18 06:20:25.190, 3, 210, 36.78, 1
2026/08/18 06:20:25.464, 0, 285, 75.69, 1
2026/08/18 06:20:25.471, 1, 210, 41.03, 1
2026/08/18 06:20:25.481, 2, 210, 37.42, 1
2026/08/18 06:20:25.489, 3, 210, 36.79, 1
2026/08/18 06:20:25.765, 0, 285, 75.69, 1
2026/08/18 06:20:25.773, 1, 210, 41.15, 1
2026/08/18 06:20:25.782, 2, 210, 37.42, 1
2026/08/18 06:20:25.790, 3, 210, 36.79, 1
2026/08/18 06:20:26.083, 0, 285, 75.69, 1
2026/08/18 06:20:26.092, 1, 210, 41.15, 1
2026/08/18 06:20:26.100, 2, 210, 37.42, 1
2026/08/18 06:20:26.109, 3, 210, 36.79, 1
2026/08/18 06:20:26.382, 0, 210, 41.14, 1
2026/08/18 06:20:26.391, 1, 210, 41.15, 1
2026/08/18 06:20:26.400, 2, 210, 37.42, 1
2026/08/18 06:20:26.408, 3, 210, 36.79, 1
2026/08/18 06:20:26.683, 0, 210, 41.14, 1
2026/08/18 06:20:26.692, 1, 210, 41.34, 1
2026/08/18 06:20:26.701, 2, 210, 37.40, 1
2026/08/18 06:20:26.710, 3, 210, 36.77, 1
2026/08/18 06:20:26.979, 0, 210, 41.14, 1
2026/08/18 06:20:26.989, 1, 210, 41.34, 1
2026/08/18 06:20:26.998, 2, 210, 37.40, 1
2026/08/18 06:20:27.006, 3, 210, 36.77, 1
2026/08/18 06:20:27.283, 0, 210, 38.21, 1
2026/08/18 06:20:27.292, 1, 210, 41.34, 1
2026/08/18 06:20:27.300, 2, 210, 37.40, 1
2026/08/18 06:20:27.309, 3, 210, 36.77, 1
2026/08/18 06:20:27.583, 0, 210, 38.21, 1
2026/08/18 06:20:27.591, 1, 210, 41.39, 1
2026/08/18 06:20:27.600, 2, 210, 37.36, 1
2026/08/18 06:20:27.609, 3, 210, 36.75, 1
2026/08/18 06:20:27.883, 0, 210, 38.21, 1
2026/08/18 06:20:27.892, 1, 210, 41.39, 1
2026/08/18 06:20:27.901, 2, 210, 37.36, 1
2026/08/18 06:20:27.910, 3, 210, 36.75, 1
2026/08/18 06:20:28.184, 0, 210, 37.27, 1
2026/08/18 06:20:28.192, 1, 210, 41.39, 1
2026/08/18 06:20:28.201, 2, 210, 37.36, 1
2026/08/18 06:20:28.209, 3, 210, 36.75, 1
2026/08/18 06:20:28.483, 0, 210, 37.27, 1
2026/08/18 06:20:28.492, 1, 210, 41.38, 1
2026/08/18 06:20:28.501, 2, 210, 37.41, 1
2026/08/18 06:20:28.509, 3, 210, 36.74, 1
2026/08/18 06:20:28.783, 0, 210, 37.27, 1
2026/08/18 06:20:28.792, 1, 210, 41.38, 1
2026/08/18 06:20:28.800, 2, 210, 37.41, 1
2026/08/18 06:20:28.809, 3, 210, 36.74, 1
2026/08/18 06:20:29.084, 0, 210, 37.27, 1
2026/08/18 06:20:29.094, 1, 210, 41.38, 1
2026/08/18 06:20:29.102, 2, 210, 37.41, 1
2026/08/18 06:20:29.111, 3, 210, 36.74, 1
2026/08/18 06:20:29.384, 0, 210, 37.25, 1
2026/08/18 06:20:29.393, 1, 210, 41.38, 1
2026/08/18 06:20:29.402, 2, 210, 37.41, 1
2026/08/18 06:20:29.410, 3, 210, 36.74, 1
2026/08/18 06:20:29.685, 0, 210, 37.25, 1
2026/08/18 06:20:29.694, 1, 210, 41.26, 1
2026/08/18 06:20:29.703, 2, 210, 37.52, 1
2026/08/18 06:20:29.712, 3, 210, 36.76, 1
2026/08/18 06:20:29.984, 0, 210, 37.25, 1
2026/08/18 06:20:29.994, 1, 210, 41.26, 1
2026/08/18 06:20:30.002, 2, 210, 37.52, 1
2026/08/18 06:20:30.011, 3, 210, 36.76, 1
2026/08/18 06:20:30.286, 0, 210, 37.11, 1
2026/08/18 06:20:30.294, 1, 210, 41.26, 1
2026/08/18 06:20:30.302, 2, 210, 37.52, 1
2026/08/18 06:20:30.311, 3, 210, 36.76, 1
2026/08/18 06:20:30.585, 0, 210, 37.11, 1
2026/08/18 06:20:30.594, 1, 210, 41.14, 1
2026/08/18 06:20:30.603, 2, 210, 37.51, 1
2026/08/18 06:20:30.615, 3, 210, 36.75, 1
2026/08/18 06:20:30.885, 0, 210, 37.11, 1
2026/08/18 06:20:30.894, 1, 210, 41.14, 1
2026/08/18 06:20:30.903, 2, 210, 37.51, 1
2026/08/18 06:20:30.912, 3, 210, 36.75, 1
2026/08/18 06:20:31.185, 0, 210, 36.97, 1
2026/08/18 06:20:31.195, 1, 210, 41.14, 1
2026/08/18 06:20:31.204, 2, 210, 37.51, 1
2026/08/18 06:20:31.213, 3, 210, 36.75, 1
2026/08/18 06:20:31.482, 0, 210, 36.97, 1
2026/08/18 06:20:31.491, 1, 210, 41.24, 1
2026/08/18 06:20:31.500, 2, 210, 37.53, 1
2026/08/18 06:20:31.509, 3, 210, 36.71, 1
2026/08/18 06:20:31.782, 0, 210, 36.97, 1
2026/08/18 06:20:31.792, 1, 210, 41.24, 1
2026/08/18 06:20:31.801, 2, 210, 37.53, 1
2026/08/18 06:20:31.810, 3, 210, 36.71, 1
2026/08/18 06:20:32.153, 0, 1650, 41.18, 398
2026/08/18 06:20:32.159, 1, 210, 41.24, 1
2026/08/18 06:20:32.167, 2, 210, 37.53, 1
2026/08/18 06:20:32.175, 3, 210, 36.71, 1
2026/08/18 06:20:32.453, 0, 1650, 60.85, 530
2026/08/18 06:20:32.458, 1, 210, 41.24, 1
2026/08/18 06:20:32.467, 2, 210, 37.50, 1
2026/08/18 06:20:32.476, 3, 210, 36.75, 1
2026/08/18 06:20:32.751, 0, 1650, 70.53, 742
2026/08/18 06:20:32.756, 1, 210, 41.28, 1
2026/08/18 06:20:32.765, 2, 210, 37.50, 1
2026/08/18 06:20:32.774, 3, 210, 36.75, 1
2026/08/18 06:20:33.037, 0, 1335, 142.59, 742
2026/08/18 06:20:33.045, 1, 210, 41.28, 1
2026/08/18 06:20:33.055, 2, 210, 37.50, 1
2026/08/18 06:20:33.065, 3, 210, 36.75, 1
2026/08/18 06:20:33.336, 0, 1515, 173.86, 742
2026/08/18 06:20:33.343, 1, 210, 41.28, 1
2026/08/18 06:20:33.354, 2, 210, 37.50, 1
2026/08/18 06:20:33.364, 3, 210, 36.75, 1
2026/08/18 06:20:33.615, 0, 1440, 207.06, 742
2026/08/18 06:20:33.622, 1, 210, 40.94, 1
2026/08/18 06:20:33.631, 2, 210, 37.16, 1
2026/08/18 06:20:33.639, 3, 645, 37.52, 1
2026/08/18 06:20:33.899, 0, 1110, 228.06, 742
2026/08/18 06:20:33.906, 1, 210, 40.94, 1
2026/08/18 06:20:33.914, 2, 210, 37.16, 1
2026/08/18 06:20:33.924, 3, 645, 37.52, 1
2026/08/18 06:20:34.188, 0, 1605, 226.11, 742
2026/08/18 06:20:34.195, 1, 210, 40.94, 1
2026/08/18 06:20:34.205, 2, 210, 37.16, 1
2026/08/18 06:20:34.215, 3, 645, 37.52, 1
2026/08/18 06:20:34.484, 0, 1335, 223.32, 744
2026/08/18 06:20:34.491, 1, 210, 40.71, 1
2026/08/18 06:20:34.499, 2, 210, 36.90, 1
2026/08/18 06:20:34.508, 3, 645, 40.85, 1
2026/08/18 06:20:34.772, 0, 1320, 225.38, 744
2026/08/18 06:20:34.778, 1, 210, 40.71, 1
2026/08/18 06:20:34.787, 2, 210, 36.90, 1
2026/08/18 06:20:34.796, 3, 645, 40.85, 1
2026/08/18 06:20:35.073, 0, 1410, 225.29, 744
2026/08/18 06:20:35.080, 1, 210, 40.71, 1
2026/08/18 06:20:35.090, 2, 210, 36.90, 1
2026/08/18 06:20:35.099, 3, 645, 40.85, 1
2026/08/18 06:20:35.372, 0, 1410, 227.48, 744
2026/08/18 06:20:35.379, 1, 210, 40.71, 1
2026/08/18 06:20:35.387, 2, 210, 36.90, 1
2026/08/18 06:20:35.396, 3, 645, 40.85, 1
2026/08/18 06:20:35.673, 0, 1440, 228.99, 744
2026/08/18 06:20:35.680, 1, 210, 40.91, 1
2026/08/18 06:20:35.690, 2, 210, 37.05, 1
2026/08/18 06:20:35.700, 3, 210, 42.22, 1
2026/08/18 06:20:35.972, 0, 1425, 228.35, 744
2026/08/18 06:20:35.979, 1, 210, 40.91, 1
2026/08/18 06:20:35.988, 2, 210, 37.05, 1
2026/08/18 06:20:35.996, 3, 210, 42.22, 1
2026/08/18 06:20:36.273, 0, 1380, 229.44, 744
2026/08/18 06:20:36.280, 1, 210, 40.91, 1
2026/08/18 06:20:36.289, 2, 210, 37.05, 1
2026/08/18 06:20:36.298, 3, 210, 42.22, 1
2026/08/18 06:20:36.569, 0, 1095, 230.30, 744
2026/08/18 06:20:36.576, 1, 210, 41.07, 1
2026/08/18 06:20:36.585, 2, 210, 37.11, 1
2026/08/18 06:20:36.593, 3, 210, 38.83, 1
2026/08/18 06:20:36.856, 0, 1590, 225.52, 744
2026/08/18 06:20:36.862, 1, 210, 41.07, 1
2026/08/18 06:20:36.871, 2, 210, 37.11, 1
2026/08/18 06:20:36.879, 3, 210, 38.83, 1
2026/08/18 06:20:37.140, 0, 1605, 225.95, 744
2026/08/18 06:20:37.147, 1, 210, 41.07, 1
2026/08/18 06:20:37.155, 2, 210, 37.11, 1
2026/08/18 06:20:37.164, 3, 210, 38.83, 1
2026/08/18 06:20:37.442, 0, 1605, 227.13, 744
2026/08/18 06:20:37.448, 1, 210, 41.07, 1
2026/08/18 06:20:37.457, 2, 210, 37.17, 1
2026/08/18 06:20:37.465, 3, 210, 36.69, 1
2026/08/18 06:20:37.741, 0, 1275, 226.60, 748
2026/08/18 06:20:37.748, 1, 210, 41.01, 1
2026/08/18 06:20:37.757, 2, 210, 37.17, 1
2026/08/18 06:20:37.766, 3, 210, 36.69, 1
2026/08/18 06:20:38.036, 0, 1290, 229.74, 748
2026/08/18 06:20:38.043, 1, 210, 41.01, 1
2026/08/18 06:20:38.052, 2, 210, 37.17, 1
2026/08/18 06:20:38.060, 3, 210, 36.69, 1
2026/08/18 06:20:38.323, 0, 1305, 229.83, 748
2026/08/18 06:20:38.330, 1, 210, 41.01, 1
2026/08/18 06:20:38.344, 2, 210, 37.17, 1
2026/08/18 06:20:38.353, 3, 210, 36.69, 1
2026/08/18 06:20:38.624, 0, 1305, 232.38, 748
2026/08/18 06:20:38.630, 1, 210, 40.94, 1
2026/08/18 06:20:38.639, 2, 210, 37.32, 1
2026/08/18 06:20:38.648, 3, 210, 36.72, 1
2026/08/18 06:20:38.935, 0, 1455, 228.46, 748
2026/08/18 06:20:38.943, 1, 210, 40.94, 1
2026/08/18 06:20:38.951, 2, 210, 37.32, 1
2026/08/18 06:20:38.960, 3, 210, 36.72, 1
2026/08/18 06:20:39.225, 0, 1470, 229.05, 748
2026/08/18 06:20:39.232, 1, 210, 40.94, 1
2026/08/18 06:20:39.241, 2, 210, 37.32, 1
2026/08/18 06:20:39.250, 3, 210, 36.72, 1
2026/08/18 06:20:39.525, 0, 1440, 229.10, 748
2026/08/18 06:20:39.532, 1, 210, 40.70, 1
2026/08/18 06:20:39.540, 2, 210, 37.13, 1
2026/08/18 06:20:39.549, 3, 210, 36.72, 1
2026/08/18 06:20:39.826, 0, 1440, 228.88, 748
2026/08/18 06:20:39.832, 1, 210, 40.70, 1
2026/08/18 06:20:39.841, 2, 210, 37.13, 1
2026/08/18 06:20:39.850, 3, 210, 36.72, 1
2026/08/18 06:20:40.126, 0, 1455, 229.28, 748
2026/08/18 06:20:40.133, 1, 210, 40.70, 1
2026/08/18 06:20:40.142, 2, 210, 37.13, 1
2026/08/18 06:20:40.150, 3, 210, 36.72, 1
2026/08/18 06:20:40.425, 0, 1440, 229.05, 748
2026/08/18 06:20:40.432, 1, 210, 40.70, 1
2026/08/18 06:20:40.441, 2, 210, 36.92, 1
2026/08/18 06:20:40.449, 3, 210, 36.73, 1
2026/08/18 06:20:40.721, 0, 1050, 229.60, 748
2026/08/18 06:20:40.728, 1, 210, 40.50, 1
2026/08/18 06:20:40.736, 2, 210, 36.92, 1
2026/08/18 06:20:40.746, 3, 210, 36.73, 1
2026/08/18 06:20:41.008, 0, 1080, 229.80, 748
2026/08/18 06:20:41.015, 1, 210, 40.50, 1
2026/08/18 06:20:41.024, 2, 210, 36.92, 1
2026/08/18 06:20:41.032, 3, 210, 36.73, 1
2026/08/18 06:20:41.294, 0, 1260, 230.04, 748
2026/08/18 06:20:41.301, 1, 210, 40.50, 1
2026/08/18 06:20:41.310, 2, 210, 36.92, 1
2026/08/18 06:20:41.320, 3, 210, 36.73, 1
2026/08/18 06:20:41.592, 0, 1590, 225.94, 748
2026/08/18 06:20:41.599, 1, 210, 40.86, 1
2026/08/18 06:20:41.608, 2, 210, 37.16, 1
2026/08/18 06:20:41.616, 3, 210, 36.77, 1
2026/08/18 06:20:41.875, 0, 1605, 226.52, 748
2026/08/18 06:20:41.882, 1, 210, 40.86, 1
2026/08/18 06:20:41.890, 2, 210, 37.16, 1
2026/08/18 06:20:41.899, 3, 210, 36.77, 1
2026/08/18 06:20:42.155, 0, 1605, 228.17, 748
2026/08/18 06:20:42.162, 1, 210, 40.86, 1
2026/08/18 06:20:42.170, 2, 210, 37.16, 1
2026/08/18 06:20:42.179, 3, 210, 36.77, 1
2026/08/18 06:20:42.445, 0, 1650, 226.17, 770
2026/08/18 06:20:42.451, 1, 210, 40.86, 1
2026/08/18 06:20:42.460, 2, 210, 37.39, 1
2026/08/18 06:20:42.468, 3, 210, 36.77, 1
2026/08/18 06:20:42.797, 0, 1305, 229.51, 770
2026/08/18 06:20:42.804, 1, 210, 41.15, 1
2026/08/18 06:20:42.812, 2, 210, 37.39, 1
2026/08/18 06:20:42.821, 3, 210, 36.77, 1
2026/08/18 06:20:43.095, 0, 1290, 229.86, 770
2026/08/18 06:20:43.102, 1, 210, 41.15, 1
2026/08/18 06:20:43.110, 2, 210, 37.39, 1
2026/08/18 06:20:43.119, 3, 210, 36.77, 1
2026/08/18 06:20:43.394, 0, 1245, 228.14, 770
2026/08/18 06:20:43.401, 1, 210, 41.15, 1
2026/08/18 06:20:43.410, 2, 210, 37.39, 1
2026/08/18 06:20:43.419, 3, 210, 36.77, 1
2026/08/18 06:20:43.695, 0, 1305, 229.90, 770
2026/08/18 06:20:43.701, 1, 210, 41.16, 1
2026/08/18 06:20:43.710, 2, 210, 37.40, 1
2026/08/18 06:20:43.719, 3, 210, 36.77, 1
2026/08/18 06:20:43.994, 0, 1305, 229.51, 770
2026/08/18 06:20:44.000, 1, 210, 41.16, 1
2026/08/18 06:20:44.009, 2, 210, 37.40, 1
2026/08/18 06:20:44.017, 3, 210, 36.77, 1
2026/08/18 06:20:44.280, 0, 1170, 228.91, 770
2026/08/18 06:20:44.287, 1, 210, 41.16, 1
2026/08/18 06:20:44.295, 2, 210, 37.40, 1
2026/08/18 06:20:44.304, 3, 210, 36.77, 1
2026/08/18 06:20:44.578, 0, 1290, 229.95, 770
2026/08/18 06:20:44.585, 1, 210, 41.05, 1
2026/08/18 06:20:44.593, 2, 210, 37.40, 1
2026/08/18 06:20:44.602, 3, 210, 36.76, 1
2026/08/18 06:20:44.865, 0, 1500, 228.67, 770
2026/08/18 06:20:44.873, 1, 210, 41.05, 1
2026/08/18 06:20:44.882, 2, 210, 37.40, 1
2026/08/18 06:20:44.892, 3, 210, 36.76, 1
2026/08/18 06:20:45.225, 0, 1560, 226.64, 770
2026/08/18 06:20:45.232, 1, 210, 41.05, 1
2026/08/18 06:20:45.241, 2, 210, 37.40, 1
2026/08/18 06:20:45.249, 3, 210, 36.76, 1
2026/08/18 06:20:45.513, 0, 1560, 229.27, 770
2026/08/18 06:20:45.521, 1, 210, 40.91, 1
2026/08/18 06:20:45.531, 2, 210, 37.18, 1
2026/08/18 06:20:45.541, 3, 210, 36.75, 1
2026/08/18 06:20:45.814, 0, 1500, 228.51, 770
2026/08/18 06:20:45.821, 1, 210, 40.91, 1
2026/08/18 06:20:45.829, 2, 210, 37.18, 1
2026/08/18 06:20:45.838, 3, 210, 36.75, 1
2026/08/18 06:20:46.114, 0, 1560, 229.50, 770
2026/08/18 06:20:46.121, 1, 210, 40.91, 1
2026/08/18 06:20:46.129, 2, 210, 37.18, 1
2026/08/18 06:20:46.138, 3, 210, 36.75, 1
2026/08/18 06:20:46.417, 0, 1560, 229.59, 770
2026/08/18 06:20:46.424, 1, 210, 40.91, 1
2026/08/18 06:20:46.434, 2, 210, 36.94, 1
2026/08/18 06:20:46.444, 3, 210, 36.74, 1
2026/08/18 06:20:46.714, 0, 1515, 229.18, 770
2026/08/18 06:20:46.721, 1, 210, 40.83, 1
2026/08/18 06:20:46.730, 2, 210, 36.94, 1
2026/08/18 06:20:46.738, 3, 210, 36.74, 1
2026/08/18 06:20:47.016, 0, 1290, 231.06, 770
2026/08/18 06:20:47.023, 1, 210, 40.83, 1
2026/08/18 06:20:47.031, 2, 210, 36.94, 1
2026/08/18 06:20:47.040, 3, 210, 36.74, 1
2026/08/18 06:20:47.314, 0, 1080, 230.00, 770
2026/08/18 06:20:47.320, 1, 210, 40.83, 1
2026/08/18 06:20:47.329, 2, 210, 36.94, 1
2026/08/18 06:20:47.337, 3, 210, 36.74, 1
2026/08/18 06:20:47.626, 0, 1065, 229.79, 770
2026/08/18 06:20:47.633, 1, 210, 40.92, 1
2026/08/18 06:20:47.642, 2, 210, 36.99, 1
2026/08/18 06:20:47.650, 3, 210, 36.74, 1
2026/08/18 06:20:47.916, 0, 1110, 229.60, 770
2026/08/18 06:20:47.923, 1, 210, 40.92, 1
2026/08/18 06:20:47.932, 2, 210, 36.99, 1
2026/08/18 06:20:47.940, 3, 210, 36.74, 1
2026/08/18 06:20:48.215, 0, 1080, 229.34, 770
2026/08/18 06:20:48.222, 1, 210, 40.92, 1
2026/08/18 06:20:48.230, 2, 210, 36.99, 1
2026/08/18 06:20:48.239, 3, 210, 36.74, 1
2026/08/18 06:20:48.515, 0, 1290, 228.30, 770
2026/08/18 06:20:48.522, 1, 210, 41.11, 1
2026/08/18 06:20:48.530, 2, 210, 37.28, 1
2026/08/18 06:20:48.539, 3, 210, 36.75, 1
2026/08/18 06:20:48.815, 0, 1620, 226.02, 770
2026/08/18 06:20:48.821, 1, 210, 41.11, 1
2026/08/18 06:20:48.830, 2, 210, 37.28, 1
2026/08/18 06:20:48.839, 3, 210, 36.75, 1
2026/08/18 06:20:49.116, 0, 1635, 227.33, 770
2026/08/18 06:20:49.122, 1, 210, 41.11, 1
2026/08/18 06:20:49.131, 2, 210, 37.28, 1
2026/08/18 06:20:49.139, 3, 210, 36.75, 1
2026/08/18 06:20:49.416, 0, 1575, 228.16, 770
2026/08/18 06:20:49.422, 1, 210, 41.11, 1
2026/08/18 06:20:49.430, 2, 210, 37.45, 1
2026/08/18 06:20:49.439, 3, 210, 36.77, 1
2026/08/18 06:20:49.699, 0, 1590, 229.34, 770
2026/08/18 06:20:49.706, 1, 210, 41.17, 1
2026/08/18 06:20:49.715, 2, 210, 37.45, 1
2026/08/18 06:20:49.724, 3, 210, 36.77, 1
2026/08/18 06:20:50.029, 0, 1320, 228.14, 794
2026/08/18 06:20:50.035, 1, 210, 41.17, 1
2026/08/18 06:20:50.044, 2, 210, 37.45, 1
2026/08/18 06:20:50.052, 3, 210, 36.77, 1
2026/08/18 06:20:50.318, 0, 1305, 227.90, 794
2026/08/18 06:20:50.325, 1, 210, 41.17, 1
2026/08/18 06:20:50.335, 2, 210, 37.45, 1
2026/08/18 06:20:50.345, 3, 210, 36.77, 1
2026/08/18 06:20:50.618, 0, 1245, 228.37, 794
2026/08/18 06:20:50.625, 1, 210, 41.32, 1
2026/08/18 06:20:50.635, 2, 210, 37.37, 1
2026/08/18 06:20:50.643, 3, 210, 36.80, 1
2026/08/18 06:20:50.916, 0, 1290, 231.45, 794
2026/08/18 06:20:50.923, 1, 210, 41.32, 1
2026/08/18 06:20:50.932, 2, 210, 37.37, 1
2026/08/18 06:20:50.941, 3, 210, 36.80, 1
2026/08/18 06:20:51.218, 0, 1305, 229.57, 794
2026/08/18 06:20:51.225, 1, 210, 41.32, 1
2026/08/18 06:20:51.233, 2, 210, 37.37, 1
2026/08/18 06:20:51.242, 3, 210, 36.80, 1
2026/08/18 06:20:51.519, 0, 1260, 229.23, 794
2026/08/18 06:20:51.526, 1, 210, 41.29, 1
2026/08/18 06:20:51.536, 2, 210, 37.26, 1
2026/08/18 06:20:51.545, 3, 210, 36.82, 1
2026/08/18 06:20:51.815, 0, 1290, 229.54, 794
2026/08/18 06:20:51.822, 1, 210, 41.29, 1
2026/08/18 06:20:51.830, 2, 210, 37.26, 1
2026/08/18 06:20:51.839, 3, 210, 36.82, 1
2026/08/18 06:20:52.103, 0, 1290, 230.24, 794
2026/08/18 06:20:52.110, 1, 210, 41.29, 1
2026/08/18 06:20:52.119, 2, 210, 37.26, 1
2026/08/18 06:20:52.127, 3, 210, 36.82, 1
2026/08/18 06:20:52.399, 0, 1275, 230.03, 794
2026/08/18 06:20:52.405, 1, 210, 41.29, 1
2026/08/18 06:20:52.414, 2, 210, 37.23, 1
2026/08/18 06:20:52.422, 3, 210, 36.84, 1
2026/08/18 06:20:52.684, 0, 1245, 228.42, 794
2026/08/18 06:20:52.691, 1, 210, 41.06, 1
2026/08/18 06:20:52.700, 2, 210, 37.23, 1
2026/08/18 06:20:52.708, 3, 210, 36.84, 1
2026/08/18 06:20:52.965, 0, 1290, 230.09, 794
2026/08/18 06:20:52.971, 1, 210, 41.06, 1
2026/08/18 06:20:52.985, 2, 210, 37.23, 1
2026/08/18 06:20:52.993, 3, 210, 36.84, 1
2026/08/18 06:20:53.272, 0, 1290, 230.16, 794
2026/08/18 06:20:53.280, 1, 210, 41.06, 1
2026/08/18 06:20:53.289, 2, 210, 37.23, 1
2026/08/18 06:20:53.299, 3, 210, 36.84, 1
2026/08/18 06:20:53.570, 0, 1260, 228.98, 794
2026/08/18 06:20:53.577, 1, 210, 41.09, 1
2026/08/18 06:20:53.586, 2, 210, 37.25, 1
2026/08/18 06:20:53.594, 3, 210, 36.81, 1
2026/08/18 06:20:53.870, 0, 1290, 229.46, 794
2026/08/18 06:20:53.876, 1, 210, 41.09, 1
2026/08/18 06:20:53.885, 2, 210, 37.25, 1
2026/08/18 06:20:53.893, 3, 210, 36.81, 1
2026/08/18 06:20:54.172, 0, 1290, 230.24, 794
2026/08/18 06:20:54.178, 1, 210, 41.09, 1
2026/08/18 06:20:54.187, 2, 210, 37.25, 1
2026/08/18 06:20:54.196, 3, 210, 36.81, 1
2026/08/18 06:20:54.469, 0, 1260, 229.32, 794
2026/08/18 06:20:54.475, 1, 210, 41.19, 1
2026/08/18 06:20:54.484, 2, 210, 37.30, 1
2026/08/18 06:20:54.492, 3, 210, 36.79, 1
2026/08/18 06:20:54.771, 0, 1650, 226.56, 794
2026/08/18 06:20:54.777, 1, 210, 41.19, 1
2026/08/18 06:20:54.786, 2, 210, 37.30, 1
2026/08/18 06:20:54.795, 3, 210, 36.79, 1
2026/08/18 06:20:55.070, 0, 1650, 227.11, 794
2026/08/18 06:20:55.076, 1, 210, 41.19, 1
2026/08/18 06:20:55.085, 2, 210, 37.30, 1
2026/08/18 06:20:55.093, 3, 210, 36.79, 1
2026/08/18 06:20:55.356, 0, 1650, 225.96, 794
2026/08/18 06:20:55.363, 1, 210, 41.19, 1
2026/08/18 06:20:55.371, 2, 210, 37.30, 1
2026/08/18 06:20:55.380, 3, 210, 36.79, 1
2026/08/18 06:20:55.656, 0, 1635, 227.59, 794
2026/08/18 06:20:55.663, 1, 210, 40.97, 1
2026/08/18 06:20:55.672, 2, 210, 37.16, 1
2026/08/18 06:20:55.681, 3, 210, 36.83, 1
2026/08/18 06:20:55.954, 0, 1650, 229.03, 794
2026/08/18 06:20:55.961, 1, 210, 40.97, 1
2026/08/18 06:20:55.970, 2, 210, 37.16, 1
2026/08/18 06:20:55.978, 3, 210, 36.83, 1
2026/08/18 06:20:56.254, 0, 1650, 229.07, 794
2026/08/18 06:20:56.260, 1, 210, 40.97, 1
2026/08/18 06:20:56.269, 2, 210, 37.16, 1
2026/08/18 06:20:56.277, 3, 210, 36.83, 1
2026/08/18 06:20:56.540, 0, 1650, 229.07, 794
2026/08/18 06:20:56.547, 1, 210, 40.81, 1
2026/08/18 06:20:56.557, 2, 210, 36.93, 1
2026/08/18 06:20:56.567, 3, 210, 36.83, 1
2026/08/18 06:20:56.838, 0, 1635, 229.15, 794
2026/08/18 06:20:56.844, 1, 210, 40.81, 1
2026/08/18 06:20:56.853, 2, 210, 36.93, 1
2026/08/18 06:20:56.861, 3, 210, 36.83, 1
2026/08/18 06:20:57.139, 0, 1650, 229.04, 794
2026/08/18 06:20:57.146, 1, 210, 40.81, 1
2026/08/18 06:20:57.155, 2, 210, 36.93, 1
2026/08/18 06:20:57.164, 3, 210, 36.83, 1
2026/08/18 06:20:57.439, 0, 1650, 229.02, 794
2026/08/18 06:20:57.445, 1, 210, 40.81, 1
2026/08/18 06:20:57.454, 2, 210, 36.85, 1
2026/08/18 06:20:57.462, 3, 210, 36.79, 1
2026/08/18 06:20:57.724, 0, 1065, 229.82, 794
2026/08/18 06:20:57.731, 1, 210, 40.74, 1
2026/08/18 06:20:57.741, 2, 210, 36.85, 1
2026/08/18 06:20:57.751, 3, 210, 36.79, 1
2026/08/18 06:20:58.020, 0, 1065, 229.49, 794
2026/08/18 06:20:58.026, 1, 210, 40.74, 1
2026/08/18 06:20:58.040, 2, 210, 36.85, 1
2026/08/18 06:20:58.049, 3, 210, 36.79, 1
2026/08/18 06:20:58.324, 0, 1080, 229.87, 794
2026/08/18 06:20:58.330, 1, 210, 40.74, 1
2026/08/18 06:20:58.339, 2, 210, 36.85, 1
2026/08/18 06:20:58.347, 3, 210, 36.79, 1
2026/08/18 06:20:58.625, 0, 1065, 227.78, 794
2026/08/18 06:20:58.631, 1, 210, 40.88, 1
2026/08/18 06:20:58.640, 2, 210, 37.07, 1
2026/08/18 06:20:58.648, 3, 210, 36.80, 1
2026/08/18 06:20:58.924, 0, 1080, 229.51, 794
2026/08/18 06:20:58.930, 1, 210, 40.88, 1
2026/08/18 06:20:58.939, 2, 210, 37.07, 1
2026/08/18 06:20:58.947, 3, 210, 36.80, 1
2026/08/18 06:20:59.226, 0, 1080, 229.87, 794
2026/08/18 06:20:59.233, 1, 210, 40.88, 1
2026/08/18 06:20:59.241, 2, 210, 37.07, 1
2026/08/18 06:20:59.250, 3, 210, 36.80, 1
2026/08/18 06:20:59.527, 0, 1080, 229.97, 794
2026/08/18 06:20:59.534, 1, 210, 41.22, 1
2026/08/18 06:20:59.543, 2, 210, 37.33, 1
2026/08/18 06:20:59.552, 3, 210, 36.80, 1
2026/08/18 06:20:59.826, 0, 1065, 229.46, 794
2026/08/18 06:20:59.833, 1, 210, 41.22, 1
2026/08/18 06:20:59.843, 2, 210, 37.33, 1
2026/08/18 06:20:59.852, 3, 210, 36.80, 1
2026/08/18 06:21:00.125, 0, 1080, 229.76, 794
2026/08/18 06:21:00.131, 1, 210, 41.22, 1
2026/08/18 06:21:00.140, 2, 210, 37.33, 1
2026/08/18 06:21:00.148, 3, 210, 36.80, 1
2026/08/18 06:21:00.425, 0, 1095, 230.03, 794
2026/08/18 06:21:00.431, 1, 210, 41.22, 1
2026/08/18 06:21:00.440, 2, 210, 37.36, 1
2026/08/18 06:21:00.448, 3, 210, 36.75, 1
2026/08/18 06:21:00.726, 0, 1650, 224.25, 794
2026/08/18 06:21:00.732, 1, 210, 41.19, 1
2026/08/18 06:21:00.741, 2, 210, 37.36, 1
2026/08/18 06:21:00.749, 3, 210, 36.75, 1
2026/08/18 06:21:01.025, 0, 1650, 223.47, 794
2026/08/18 06:21:01.032, 1, 210, 41.19, 1
2026/08/18 06:21:01.042, 2, 210, 37.36, 1
2026/08/18 06:21:01.051, 3, 210, 36.75, 1
2026/08/18 06:21:01.327, 0, 1650, 222.12, 794
2026/08/18 06:21:01.334, 1, 210, 41.19, 1
2026/08/18 06:21:01.342, 2, 210, 37.36, 1
2026/08/18 06:21:01.351, 3, 210, 36.75, 1
2026/08/18 06:21:01.622, 0, 1650, 223.80, 794
2026/08/18 06:21:01.628, 1, 210, 40.71, 1
2026/08/18 06:21:01.637, 2, 210, 37.25, 1
2026/08/18 06:21:01.645, 3, 210, 36.74, 1
2026/08/18 06:21:01.911, 0, 1650, 225.05, 794
2026/08/18 06:21:01.917, 1, 210, 40.71, 1
2026/08/18 06:21:01.926, 2, 210, 37.25, 1
2026/08/18 06:21:01.935, 3, 210, 36.74, 1
2026/08/18 06:21:02.210, 0, 1455, 222.73, 744
2026/08/18 06:21:02.217, 1, 210, 40.71, 1
2026/08/18 06:21:02.225, 2, 210, 37.25, 1
2026/08/18 06:21:02.234, 3, 210, 36.74, 1
2026/08/18 06:21:02.510, 0, 1650, 212.91, 744
2026/08/18 06:21:02.516, 1, 210, 40.61, 1
2026/08/18 06:21:02.525, 2, 210, 37.15, 1
2026/08/18 06:21:02.533, 3, 210, 36.74, 1
2026/08/18 06:21:02.809, 0, 1500, 207.10, 744
2026/08/18 06:21:02.815, 1, 210, 40.61, 1
2026/08/18 06:21:02.824, 2, 210, 37.15, 1
2026/08/18 06:21:02.832, 3, 210, 36.74, 1
2026/08/18 06:21:03.094, 0, 1455, 203.31, 744
2026/08/18 06:21:03.101, 1, 210, 40.61, 1
2026/08/18 06:21:03.114, 2, 210, 37.15, 1
2026/08/18 06:21:03.123, 3, 210, 36.74, 1
2026/08/18 06:21:03.395, 0, 1455, 207.55, 744
2026/08/18 06:21:03.402, 1, 210, 40.61, 1
2026/08/18 06:21:03.410, 2, 210, 37.25, 1
2026/08/18 06:21:03.419, 3, 210, 36.74, 1
2026/08/18 06:21:03.697, 0, 1650, 215.64, 744
2026/08/18 06:21:03.703, 1, 210, 40.99, 1
2026/08/18 06:21:03.713, 2, 210, 37.25, 1
2026/08/18 06:21:03.722, 3, 210, 36.74, 1
2026/08/18 06:21:03.992, 0, 1395, 216.09, 744
2026/08/18 06:21:03.998, 1, 210, 40.99, 1
2026/08/18 06:21:04.007, 2, 210, 37.25, 1
2026/08/18 06:21:04.015, 3, 210, 36.74, 1
2026/08/18 06:21:04.277, 0, 1650, 217.98, 748
2026/08/18 06:21:04.282, 1, 210, 40.99, 1
2026/08/18 06:21:04.291, 2, 210, 37.25, 1
2026/08/18 06:21:04.300, 3, 210, 36.74, 1
2026/08/18 06:21:04.564, 0, 1455, 213.45, 748
2026/08/18 06:21:04.571, 1, 210, 40.98, 1
2026/08/18 06:21:04.580, 2, 210, 37.31, 1
2026/08/18 06:21:04.590, 3, 210, 36.76, 1
2026/08/18 06:21:04.863, 0, 1455, 224.67, 748
2026/08/18 06:21:04.869, 1, 210, 40.98, 1
2026/08/18 06:21:04.878, 2, 210, 37.31, 1
2026/08/18 06:21:04.886, 3, 210, 36.76, 1
2026/08/18 06:21:05.162, 0, 1320, 225.91, 748
2026/08/18 06:21:05.168, 1, 210, 40.98, 1
2026/08/18 06:21:05.177, 2, 210, 37.31, 1
2026/08/18 06:21:05.185, 3, 210, 36.76, 1
2026/08/18 06:21:05.447, 0, 1650, 228.41, 748
2026/08/18 06:21:05.453, 1, 210, 40.98, 1
2026/08/18 06:21:05.461, 2, 210, 37.25, 1
2026/08/18 06:21:05.470, 3, 210, 36.77, 1
2026/08/18 06:21:05.748, 0, 1650, 215.92, 748
2026/08/18 06:21:05.754, 1, 210, 40.84, 1
2026/08/18 06:21:05.764, 2, 210, 37.25, 1
2026/08/18 06:21:05.774, 3, 210, 36.77, 1
2026/08/18 06:21:06.048, 0, 1650, 204.65, 748
2026/08/18 06:21:06.054, 1, 210, 40.84, 1
2026/08/18 06:21:06.062, 2, 210, 37.25, 1
2026/08/18 06:21:06.071, 3, 210, 36.77, 1
2026/08/18 06:21:06.344, 0, 1395, 207.47, 748
2026/08/18 06:21:06.350, 1, 210, 40.84, 1
2026/08/18 06:21:06.358, 2, 210, 37.25, 1
2026/08/18 06:21:06.367, 3, 210, 36.77, 1
2026/08/18 06:21:06.629, 0, 1395, 216.93, 748
2026/08/18 06:21:06.635, 1, 210, 40.61, 1
2026/08/18 06:21:06.644, 2, 210, 36.68, 1
2026/08/18 06:21:06.653, 3, 210, 36.87, 1
2026/08/18 06:21:06.913, 0, 1650, 220.18, 748
2026/08/18 06:21:06.919, 1, 210, 40.61, 1
2026/08/18 06:21:06.927, 2, 210, 36.68, 1
2026/08/18 06:21:06.936, 3, 210, 36.87, 1
2026/08/18 06:21:07.199, 0, 1455, 222.38, 770
2026/08/18 06:21:07.206, 1, 210, 40.61, 1
2026/08/18 06:21:07.216, 2, 210, 36.68, 1
2026/08/18 06:21:07.225, 3, 210, 36.87, 1
2026/08/18 06:21:07.498, 0, 1455, 222.47, 770
2026/08/18 06:21:07.505, 1, 210, 40.66, 1
2026/08/18 06:21:07.513, 2, 210, 36.69, 1
2026/08/18 06:21:07.522, 3, 210, 36.85, 1
2026/08/18 06:21:07.797, 0, 1425, 225.85, 770
2026/08/18 06:21:07.804, 1, 210, 40.66, 1
2026/08/18 06:21:07.812, 2, 210, 36.69, 1
2026/08/18 06:21:07.821, 3, 210, 36.85, 1
2026/08/18 06:21:08.082, 0, 1425, 225.48, 770
2026/08/18 06:21:08.089, 1, 210, 40.66, 1
2026/08/18 06:21:08.097, 2, 210, 36.69, 1
2026/08/18 06:21:08.106, 3, 210, 36.85, 1
2026/08/18 06:21:08.383, 0, 1440, 229.17, 770
2026/08/18 06:21:08.390, 1, 210, 40.66, 1
2026/08/18 06:21:08.400, 2, 210, 36.69, 1
2026/08/18 06:21:08.409, 3, 210, 36.85, 1
2026/08/18 06:21:08.682, 0, 1440, 228.03, 770
2026/08/18 06:21:08.689, 1, 210, 41.09, 1
2026/08/18 06:21:08.699, 2, 210, 37.24, 1
2026/08/18 06:21:08.708, 3, 210, 36.76, 1
2026/08/18 06:21:09.010, 0, 1395, 227.52, 770
2026/08/18 06:21:09.017, 1, 210, 41.09, 1
2026/08/18 06:21:09.026, 2, 210, 37.24, 1
2026/08/18 06:21:09.034, 3, 210, 36.76, 1
2026/08/18 06:21:09.298, 0, 1650, 225.44, 770
2026/08/18 06:21:09.303, 1, 210, 41.09, 1
2026/08/18 06:21:09.312, 2, 210, 37.24, 1
2026/08/18 06:21:09.321, 3, 210, 36.76, 1
2026/08/18 06:21:09.583, 0, 1650, 222.45, 770
2026/08/18 06:21:09.589, 1, 210, 41.20, 1
2026/08/18 06:21:09.597, 2, 210, 37.18, 1
2026/08/18 06:21:09.606, 3, 210, 36.79, 1
2026/08/18 06:21:09.884, 0, 1650, 217.65, 770
2026/08/18 06:21:09.890, 1, 210, 41.20, 1
2026/08/18 06:21:09.899, 2, 210, 37.18, 1
2026/08/18 06:21:09.909, 3, 210, 36.79, 1
2026/08/18 06:21:10.184, 0, 1650, 214.49, 770
2026/08/18 06:21:10.190, 1, 210, 41.20, 1
2026/08/18 06:21:10.199, 2, 210, 37.18, 1
2026/08/18 06:21:10.207, 3, 210, 36.79, 1
2026/08/18 06:21:10.485, 0, 1380, 220.95, 770
2026/08/18 06:21:10.492, 1, 210, 40.91, 1
2026/08/18 06:21:10.501, 2, 210, 36.71, 1
2026/08/18 06:21:10.511, 3, 210, 36.77, 1
2026/08/18 06:21:10.783, 0, 1350, 226.02, 770
2026/08/18 06:21:10.790, 1, 210, 40.91, 1
2026/08/18 06:21:10.798, 2, 210, 36.71, 1
2026/08/18 06:21:10.807, 3, 210, 36.77, 1
2026/08/18 06:21:11.083, 0, 1320, 228.03, 770
2026/08/18 06:21:11.089, 1, 210, 40.91, 1
2026/08/18 06:21:11.097, 2, 210, 36.71, 1
2026/08/18 06:21:11.106, 3, 210, 36.77, 1
2026/08/18 06:21:11.386, 0, 1365, 230.60, 770
2026/08/18 06:21:11.393, 1, 210, 40.91, 1
2026/08/18 06:21:11.402, 2, 210, 36.71, 1
2026/08/18 06:21:11.411, 3, 210, 36.79, 1
2026/08/18 06:21:11.684, 0, 1650, 221.00, 770
2026/08/18 06:21:11.690, 1, 210, 41.03, 1
2026/08/18 06:21:11.699, 2, 210, 36.82, 1
2026/08/18 06:21:11.707, 3, 210, 36.79, 1
2026/08/18 06:21:11.967, 0, 1650, 214.61, 770
2026/08/18 06:21:11.973, 1, 210, 41.03, 1
2026/08/18 06:21:11.982, 2, 210, 36.82, 1
2026/08/18 06:21:11.990, 3, 210, 36.79, 1
2026/08/18 06:21:12.247, 0, 1440, 213.60, 794
2026/08/18 06:21:12.253, 1, 210, 41.03, 1
2026/08/18 06:21:12.262, 2, 210, 36.82, 1
2026/08/18 06:21:12.271, 3, 210, 36.79, 1
2026/08/18 06:21:12.534, 0, 1440, 215.48, 794
2026/08/18 06:21:12.540, 1, 210, 41.19, 1
2026/08/18 06:21:12.549, 2, 210, 37.20, 1
2026/08/18 06:21:12.557, 3, 210, 36.80, 1
2026/08/18 06:21:12.817, 0, 1440, 223.55, 794
2026/08/18 06:21:12.823, 1, 210, 41.19, 1
2026/08/18 06:21:12.832, 2, 210, 37.20, 1
2026/08/18 06:21:12.841, 3, 210, 36.80, 1
2026/08/18 06:21:13.104, 0, 1410, 226.84, 794
2026/08/18 06:21:13.110, 1, 210, 41.19, 1
2026/08/18 06:21:13.119, 2, 210, 37.20, 1
2026/08/18 06:21:13.128, 3, 210, 36.80, 1
2026/08/18 06:21:13.403, 0, 1425, 228.88, 794
2026/08/18 06:21:13.409, 1, 210, 41.19, 1
2026/08/18 06:21:13.417, 2, 210, 37.17, 1
2026/08/18 06:21:13.426, 3, 210, 36.76, 1
2026/08/18 06:21:13.748, 0, 1440, 228.89, 794
2026/08/18 06:21:13.755, 1, 210, 41.26, 1
2026/08/18 06:21:13.764, 2, 210, 37.17, 1
2026/08/18 06:21:13.773, 3, 210, 36.76, 1
2026/08/18 06:21:14.037, 0, 1380, 227.50, 794
2026/08/18 06:21:14.044, 1, 210, 41.26, 1
2026/08/18 06:21:14.052, 2, 210, 37.17, 1
2026/08/18 06:21:14.061, 3, 210, 36.76, 1
2026/08/18 06:21:14.338, 0, 1410, 229.62, 794
2026/08/18 06:21:14.345, 1, 210, 41.26, 1
2026/08/18 06:21:14.355, 2, 210, 37.17, 1
2026/08/18 06:21:14.364, 3, 210, 36.76, 1
2026/08/18 06:21:14.638, 0, 1425, 229.37, 794
2026/08/18 06:21:14.645, 1, 210, 41.40, 1
2026/08/18 06:21:14.654, 2, 210, 37.30, 1
2026/08/18 06:21:14.663, 3, 690, 38.79, 1
2026/08/18 06:21:14.937, 0, 1380, 229.10, 794
2026/08/18 06:21:14.943, 1, 210, 41.40, 1
2026/08/18 06:21:14.952, 2, 210, 37.30, 1
2026/08/18 06:21:14.961, 3, 690, 38.79, 1
2026/08/18 06:21:15.233, 0, 1395, 229.32, 794
2026/08/18 06:21:15.239, 1, 210, 41.40, 1
2026/08/18 06:21:15.248, 2, 210, 37.30, 1
2026/08/18 06:21:15.256, 3, 690, 38.79, 1
2026/08/18 06:21:15.517, 0, 1425, 229.41, 794
2026/08/18 06:21:15.523, 1, 210, 41.23, 1
2026/08/18 06:21:15.532, 2, 210, 37.36, 1
2026/08/18 06:21:15.540, 3, 690, 42.28, 1
2026/08/18 06:21:15.805, 0, 1440, 229.48, 794
2026/08/18 06:21:15.812, 1, 210, 41.23, 1
2026/08/18 06:21:15.822, 2, 210, 37.36, 1
2026/08/18 06:21:15.831, 3, 690, 42.28, 1
2026/08/18 06:21:16.119, 0, 1395, 229.19, 794
2026/08/18 06:21:16.125, 1, 210, 41.23, 1
2026/08/18 06:21:16.134, 2, 210, 37.36, 1
2026/08/18 06:21:16.142, 3, 690, 42.28, 1
2026/08/18 06:21:16.404, 0, 1620, 227.25, 794
2026/08/18 06:21:16.410, 1, 210, 41.23, 1
2026/08/18 06:21:16.419, 2, 210, 37.35, 1
2026/08/18 06:21:16.428, 3, 690, 41.12, 1
2026/08/18 06:21:16.687, 0, 1650, 227.70, 794
2026/08/18 06:21:16.693, 1, 210, 41.24, 1
2026/08/18 06:21:16.702, 2, 210, 37.35, 1
2026/08/18 06:21:16.710, 3, 210, 41.12, 1
2026/08/18 06:21:16.971, 0, 1650, 227.82, 794
2026/08/18 06:21:16.977, 1, 210, 41.24, 1
2026/08/18 06:21:16.986, 2, 210, 37.35, 1
2026/08/18 06:21:16.994, 3, 210, 41.12, 1
2026/08/18 06:21:17.254, 0, 1620, 228.66, 794
2026/08/18 06:21:17.260, 1, 210, 41.24, 1
2026/08/18 06:21:17.269, 2, 210, 37.35, 1
2026/08/18 06:21:17.278, 3, 210, 41.12, 1
2026/08/18 06:21:17.538, 0, 1650, 229.40, 794
2026/08/18 06:21:17.544, 1, 210, 41.15, 1
2026/08/18 06:21:17.553, 2, 210, 37.18, 1
2026/08/18 06:21:17.561, 3, 210, 37.68, 1
2026/08/18 06:21:17.821, 0, 1650, 229.44, 794
2026/08/18 06:21:17.827, 1, 210, 41.15, 1
2026/08/18 06:21:17.837, 2, 210, 37.18, 1
2026/08/18 06:21:17.845, 3, 210, 37.68, 1
2026/08/18 06:21:18.107, 0, 1650, 229.48, 794
2026/08/18 06:21:18.113, 1, 210, 41.15, 1
2026/08/18 06:21:18.121, 2, 210, 37.18, 1
2026/08/18 06:21:18.130, 3, 210, 37.68, 1
2026/08/18 06:21:18.469, 0, 1350, 229.00, 794
2026/08/18 06:21:18.475, 1, 210, 41.13, 1
2026/08/18 06:21:18.484, 2, 210, 37.04, 1
2026/08/18 06:21:18.493, 3, 210, 36.81, 1
2026/08/18 06:21:18.756, 0, 1365, 229.37, 794
2026/08/18 06:21:18.763, 1, 210, 41.13, 1
2026/08/18 06:21:18.772, 2, 210, 37.04, 1
2026/08/18 06:21:18.780, 3, 210, 36.81, 1
2026/08/18 06:21:19.058, 0, 1380, 229.16, 794
2026/08/18 06:21:19.064, 1, 210, 41.13, 1
2026/08/18 06:21:19.073, 2, 210, 37.04, 1
2026/08/18 06:21:19.081, 3, 210, 36.81, 1
2026/08/18 06:21:19.358, 0, 1335, 226.95, 794
2026/08/18 06:21:19.364, 1, 210, 41.13, 1
2026/08/18 06:21:19.372, 2, 210, 37.04, 1
2026/08/18 06:21:19.381, 3, 210, 36.81, 1
2026/08/18 06:21:19.659, 0, 1365, 229.18, 794
2026/08/18 06:21:19.666, 1, 210, 41.46, 1
2026/08/18 06:21:19.676, 2, 210, 37.18, 1
2026/08/18 06:21:19.686, 3, 210, 36.78, 1
2026/08/18 06:21:19.958, 0, 1380, 229.53, 794
2026/08/18 06:21:19.965, 1, 210, 41.46, 1
2026/08/18 06:21:19.975, 2, 210, 37.18, 1
2026/08/18 06:21:19.984, 3, 210, 36.78, 1
2026/08/18 06:21:20.258, 0, 1350, 229.65, 794
2026/08/18 06:21:20.264, 1, 210, 41.46, 1
2026/08/18 06:21:20.273, 2, 210, 37.18, 1
2026/08/18 06:21:20.281, 3, 210, 36.78, 1
2026/08/18 06:21:20.559, 0, 1350, 229.24, 794
2026/08/18 06:21:20.565, 1, 210, 41.66, 1
2026/08/18 06:21:20.574, 2, 210, 37.35, 1
2026/08/18 06:21:20.582, 3, 210, 36.78, 1
2026/08/18 06:21:20.853, 0, 1650, 222.98, 794
2026/08/18 06:21:20.859, 1, 210, 41.66, 1
2026/08/18 06:21:20.868, 2, 210, 37.35, 1
2026/08/18 06:21:20.877, 3, 210, 36.78, 1
2026/08/18 06:21:21.141, 0, 1650, 216.84, 794
2026/08/18 06:21:21.147, 1, 210, 41.66, 1
2026/08/18 06:21:21.156, 2, 210, 37.35, 1
2026/08/18 06:21:21.164, 3, 210, 36.78, 1
2026/08/18 06:21:21.426, 0, 1650, 210.98, 794
2026/08/18 06:21:21.432, 1, 210, 41.66, 1
2026/08/18 06:21:21.442, 2, 210, 37.34, 1
2026/08/18 06:21:21.452, 3, 210, 36.78, 1
2026/08/18 06:21:21.725, 0, 1650, 209.71, 794
2026/08/18 06:21:21.731, 1, 210, 41.31, 1
2026/08/18 06:21:21.740, 2, 210, 37.34, 1
2026/08/18 06:21:21.749, 3, 210, 36.78, 1
2026/08/18 06:21:22.008, 0, 1650, 193.71, 794
2026/08/18 06:21:22.014, 1, 210, 41.31, 1
2026/08/18 06:21:22.022, 2, 210, 37.34, 1
2026/08/18 06:21:22.031, 3, 210, 36.78, 1
2026/08/18 06:21:22.292, 0, 1650, 167.49, 794
2026/08/18 06:21:22.298, 1, 210, 41.31, 1
2026/08/18 06:21:22.307, 2, 210, 37.34, 1
2026/08/18 06:21:22.317, 3, 210, 36.78, 1
2026/08/18 06:21:22.592, 0, 1650, 141.17, 794
2026/08/18 06:21:22.597, 1, 210, 40.99, 1
2026/08/18 06:21:22.605, 2, 210, 37.31, 1
2026/08/18 06:21:22.614, 3, 210, 36.74, 1
2026/08/18 06:21:22.877, 0, 1650, 123.59, 794
2026/08/18 06:21:22.882, 1, 210, 40.99, 1
2026/08/18 06:21:22.891, 2, 210, 37.31, 1
2026/08/18 06:21:22.899, 3, 210, 36.74, 1
2026/08/18 06:21:23.229, 0, 1650, 113.16, 794
2026/08/18 06:21:23.234, 1, 210, 40.99, 1
2026/08/18 06:21:23.244, 2, 210, 37.31, 1
2026/08/18 06:21:23.254, 3, 210, 36.74, 1
2026/08/18 06:21:23.528, 0, 1650, 113.54, 1
2026/08/18 06:21:23.532, 1, 210, 41.14, 1
2026/08/18 06:21:23.546, 2, 210, 37.35, 1
2026/08/18 06:21:23.555, 3, 210, 36.73, 1
2026/08/18 06:21:23.824, 0, 1650, 113.78, 1
2026/08/18 06:21:23.828, 1, 210, 41.14, 1
2026/08/18 06:21:23.837, 2, 210, 37.35, 1
2026/08/18 06:21:23.846, 3, 210, 36.73, 1
2026/08/18 06:21:24.110, 0, 1650, 113.90, 1
2026/08/18 06:21:24.114, 1, 210, 41.14, 1
2026/08/18 06:21:24.123, 2, 210, 37.35, 1
2026/08/18 06:21:24.131, 3, 210, 36.73, 1
2026/08/18 06:21:24.395, 0, 1650, 114.27, 1
2026/08/18 06:21:24.400, 1, 210, 41.14, 1
2026/08/18 06:21:24.409, 2, 210, 37.37, 1
2026/08/18 06:21:24.419, 3, 210, 36.72, 1
2026/08/18 06:21:24.692, 0, 1650, 114.27, 1
2026/08/18 06:21:24.697, 1, 210, 41.28, 1
2026/08/18 06:21:24.705, 2, 210, 37.37, 1
2026/08/18 06:21:24.714, 3, 210, 36.72, 1
2026/08/18 06:21:24.977, 0, 1650, 114.27, 1
2026/08/18 06:21:24.982, 1, 210, 41.28, 1
2026/08/18 06:21:24.991, 2, 210, 37.37, 1
2026/08/18 06:21:24.999, 3, 210, 36.72, 1
2026/08/18 06:21:25.262, 0, 1650, 114.27, 1
2026/08/18 06:21:25.269, 1, 210, 41.28, 1
2026/08/18 06:21:25.277, 2, 210, 37.37, 1
2026/08/18 06:21:25.286, 3, 210, 36.72, 1
2026/08/18 06:21:25.607, 0, 420, 90.73, 1
2026/08/18 06:21:25.614, 1, 210, 41.32, 1
2026/08/18 06:21:25.623, 2, 210, 37.37, 1
2026/08/18 06:21:25.631, 3, 210, 36.70, 1
2026/08/18 06:21:25.896, 0, 420, 90.73, 1
2026/08/18 06:21:25.903, 1, 210, 41.32, 1
2026/08/18 06:21:25.913, 2, 210, 37.37, 1
2026/08/18 06:21:25.922, 3, 210, 36.70, 1
2026/08/18 06:21:26.196, 0, 420, 90.73, 1
2026/08/18 06:21:26.205, 1, 210, 41.32, 1
2026/08/18 06:21:26.215, 2, 210, 37.37, 1
2026/08/18 06:21:26.223, 3, 210, 36.70, 1
2026/08/18 06:21:26.493, 0, 270, 64.97, 1
2026/08/18 06:21:26.503, 1, 210, 41.41, 1
2026/08/18 06:21:26.512, 2, 210, 37.40, 1
2026/08/18 06:21:26.521, 3, 210, 36.67, 1
2026/08/18 06:21:26.796, 0, 270, 64.97, 1
2026/08/18 06:21:26.805, 1, 210, 41.41, 1
2026/08/18 06:21:26.814, 2, 210, 37.40, 1
2026/08/18 06:21:26.823, 3, 210, 36.67, 1
2026/08/18 06:21:27.091, 0, 270, 64.97, 1
2026/08/18 06:21:27.100, 1, 210, 41.41, 1
2026/08/18 06:21:27.108, 2, 210, 37.40, 1
2026/08/18 06:21:27.117, 3, 210, 36.67, 1
2026/08/18 06:21:27.382, 0, 270, 64.97, 1
2026/08/18 06:21:27.392, 1, 210, 41.41, 1
2026/08/18 06:21:27.400, 2, 210, 37.36, 1
2026/08/18 06:21:27.409, 3, 210, 36.65, 1
2026/08/18 06:21:27.681, 0, 210, 39.48, 1
2026/08/18 06:21:27.690, 1, 210, 41.59, 1
2026/08/18 06:21:27.699, 2, 210, 37.36, 1
2026/08/18 06:21:27.708, 3, 210, 36.65, 1
2026/08/18 06:21:27.982, 0, 210, 39.48, 1
2026/08/18 06:21:27.991, 1, 210, 41.59, 1
2026/08/18 06:21:27.999, 2, 210, 37.36, 1
2026/08/18 06:21:28.008, 3, 210, 36.65, 1
2026/08/18 06:21:28.282, 0, 210, 39.48, 1
2026/08/18 06:21:28.292, 1, 210, 41.59, 1
2026/08/18 06:21:28.300, 2, 210, 37.36, 1
2026/08/18 06:21:28.309, 3, 210, 36.65, 1
2026/08/18 06:21:28.579, 0, 210, 37.32, 1
2026/08/18 06:21:28.589, 1, 210, 41.69, 1
2026/08/18 06:21:28.597, 2, 210, 37.34, 1
2026/08/18 06:21:28.606, 3, 210, 36.63, 1
2026/08/18 06:21:28.882, 0, 210, 37.32, 1
2026/08/18 06:21:28.891, 1, 210, 41.69, 1
2026/08/18 06:21:28.899, 2, 210, 37.34, 1
2026/08/18 06:21:28.908, 3, 210, 36.63, 1
2026/08/18 06:21:29.183, 0, 210, 37.32, 1
2026/08/18 06:21:29.193, 1, 210, 41.69, 1
2026/08/18 06:21:29.201, 2, 210, 37.34, 1
2026/08/18 06:21:29.210, 3, 210, 36.63, 1
2026/08/18 06:21:29.484, 0, 210, 37.19, 1
2026/08/18 06:21:29.495, 1, 210, 41.69, 1
2026/08/18 06:21:29.505, 2, 210, 37.37, 1
2026/08/18 06:21:29.514, 3, 210, 36.62, 1
2026/08/18 06:21:29.785, 0, 210, 37.19, 1
2026/08/18 06:21:29.796, 1, 210, 41.69, 1
2026/08/18 06:21:29.806, 2, 210, 37.37, 1
2026/08/18 06:21:29.814, 3, 210, 36.62, 1
2026/08/18 06:21:30.083, 0, 210, 37.19, 1
2026/08/18 06:21:30.091, 1, 210, 41.69, 1
2026/08/18 06:21:30.100, 2, 210, 37.37, 1
2026/08/18 06:21:30.109, 3, 210, 36.62, 1
2026/08/18 06:21:30.378, 0, 210, 37.19, 1
2026/08/18 06:21:30.388, 1, 210, 41.69, 1
2026/08/18 06:21:30.396, 2, 210, 37.37, 1
2026/08/18 06:21:30.405, 3, 210, 36.62, 1
2026/08/18 06:21:30.664, 0, 210, 37.10, 1
2026/08/18 06:21:30.674, 1, 210, 41.57, 1
2026/08/18 06:21:30.682, 2, 210, 37.42, 1
2026/08/18 06:21:30.691, 3, 210, 36.64, 1
2026/08/18 06:21:30.967, 0, 210, 37.10, 1
2026/08/18 06:21:30.976, 1, 210, 41.57, 1
2026/08/18 06:21:30.985, 2, 210, 37.42, 1
2026/08/18 06:21:30.993, 3, 210, 36.64, 1
2026/08/18 06:21:31.268, 0, 210, 37.10, 1
2026/08/18 06:21:31.277, 1, 210, 41.57, 1
2026/08/18 06:21:31.286, 2, 210, 37.42, 1
2026/08/18 06:21:31.294, 3, 210, 36.64, 1
2026/08/18 06:21:31.567, 0, 210, 37.03, 1
2026/08/18 06:21:31.577, 1, 210, 41.48, 1
2026/08/18 06:21:31.585, 2, 210, 37.42, 1
2026/08/18 06:21:31.594, 3, 210, 36.63, 1
2026/08/18 06:21:31.869, 0, 210, 37.03, 1
2026/08/18 06:21:31.879, 1, 210, 41.48, 1
2026/08/18 06:21:31.888, 2, 210, 37.42, 1
2026/08/18 06:21:31.898, 3, 210, 36.63, 1
2026/08/18 06:21:32.168, 0, 210, 37.03, 1
2026/08/18 06:21:32.176, 1, 210, 41.48, 1
2026/08/18 06:21:32.185, 2, 210, 37.42, 1
2026/08/18 06:21:32.194, 3, 210, 36.63, 1
2026/08/18 06:21:32.470, 0, 210, 36.96, 1
2026/08/18 06:21:32.480, 1, 210, 41.50, 1
2026/08/18 06:21:32.490, 2, 210, 37.37, 1
2026/08/18 06:21:32.499, 3, 210, 36.61, 1
2026/08/18 06:21:32.783, 0, 210, 36.96, 1
2026/08/18 06:21:32.792, 1, 210, 41.50, 1
2026/08/18 06:21:32.801, 2, 210, 37.37, 1
2026/08/18 06:21:32.810, 3, 210, 36.61, 1
2026/08/18 06:21:33.083, 0, 210, 36.96, 1
2026/08/18 06:21:33.093, 1, 210, 41.50, 1
2026/08/18 06:21:33.102, 2, 210, 37.37, 1
2026/08/18 06:21:33.110, 3, 210, 36.61, 1
2026/08/18 06:21:33.421, 0, 1650, 41.89, 398
2026/08/18 06:21:33.427, 1, 210, 41.50, 1
2026/08/18 06:21:33.436, 2, 210, 37.28, 1
2026/08/18 06:21:33.446, 3, 210, 36.65, 1
2026/08/18 06:21:33.721, 0, 1650, 61.88, 530
2026/08/18 06:21:33.726, 1, 210, 41.15, 1
2026/08/18 06:21:33.734, 2, 210, 37.28, 1
2026/08/18 06:21:33.742, 3, 210, 36.65, 1
2026/08/18 06:21:34.002, 0, 1650, 71.18, 698
2026/08/18 06:21:34.008, 1, 210, 41.15, 1
2026/08/18 06:21:34.016, 2, 210, 37.28, 1
2026/08/18 06:21:34.025, 3, 210, 36.65, 1
2026/08/18 06:21:34.287, 0, 1335, 134.96, 742
2026/08/18 06:21:34.294, 1, 210, 41.15, 1
2026/08/18 06:21:34.303, 2, 210, 37.28, 1
2026/08/18 06:21:34.312, 3, 210, 36.65, 1
2026/08/18 06:21:34.582, 0, 1515, 156.18, 742
2026/08/18 06:21:34.589, 1, 210, 40.96, 1
2026/08/18 06:21:34.599, 2, 210, 37.23, 1
2026/08/18 06:21:34.608, 3, 210, 36.70, 1
2026/08/18 06:21:34.866, 0, 1530, 188.74, 742
2026/08/18 06:21:34.872, 1, 210, 40.96, 1
2026/08/18 06:21:34.880, 2, 210, 37.23, 1
2026/08/18 06:21:34.889, 3, 210, 36.70, 1
2026/08/18 06:21:35.165, 0, 1080, 219.93, 742
2026/08/18 06:21:35.171, 1, 210, 40.96, 1
2026/08/18 06:21:35.180, 2, 210, 37.23, 1
2026/08/18 06:21:35.189, 3, 210, 36.70, 1
2026/08/18 06:21:35.453, 0, 1605, 226.51, 742
2026/08/18 06:21:35.459, 1, 210, 40.65, 1
2026/08/18 06:21:35.468, 2, 210, 36.79, 1
2026/08/18 06:21:35.476, 3, 210, 38.12, 1
2026/08/18 06:21:35.737, 0, 1650, 227.79, 744
2026/08/18 06:21:35.743, 1, 210, 40.65, 1
2026/08/18 06:21:35.752, 2, 210, 36.79, 1
2026/08/18 06:21:35.760, 3, 690, 38.12, 1
2026/08/18 06:21:36.019, 0, 1320, 225.62, 744
2026/08/18 06:21:36.026, 1, 210, 40.65, 1
2026/08/18 06:21:36.035, 2, 210, 36.79, 1
2026/08/18 06:21:36.043, 3, 690, 38.12, 1
2026/08/18 06:21:36.303, 0, 1275, 226.28, 744
2026/08/18 06:21:36.310, 1, 210, 40.65, 1
2026/08/18 06:21:36.319, 2, 210, 36.79, 1
2026/08/18 06:21:36.327, 3, 690, 38.12, 1
2026/08/18 06:21:36.584, 0, 1425, 228.60, 744
2026/08/18 06:21:36.591, 1, 210, 40.63, 1
2026/08/18 06:21:36.599, 2, 210, 36.81, 1
2026/08/18 06:21:36.607, 3, 690, 41.59, 1
2026/08/18 06:21:36.872, 0, 1425, 226.86, 744
2026/08/18 06:21:36.879, 1, 210, 40.63, 1
2026/08/18 06:21:36.888, 2, 210, 36.81, 1
2026/08/18 06:21:36.896, 3, 690, 41.59, 1
2026/08/18 06:21:37.171, 0, 1440, 228.65, 744
2026/08/18 06:21:37.178, 1, 210, 40.63, 1
2026/08/18 06:21:37.186, 2, 210, 36.81, 1
2026/08/18 06:21:37.195, 3, 690, 41.59, 1
2026/08/18 06:21:37.467, 0, 1425, 228.30, 744
2026/08/18 06:21:37.474, 1, 210, 40.89, 1
2026/08/18 06:21:37.483, 2, 210, 37.12, 1
2026/08/18 06:21:37.491, 3, 210, 41.63, 1
2026/08/18 06:21:37.751, 0, 1020, 229.74, 744
2026/08/18 06:21:37.757, 1, 210, 40.89, 1
2026/08/18 06:21:37.766, 2, 210, 37.12, 1
2026/08/18 06:21:37.774, 3, 210, 41.63, 1
2026/08/18 06:21:38.039, 0, 1365, 230.02, 744
2026/08/18 06:21:38.045, 1, 210, 40.89, 1
2026/08/18 06:21:38.054, 2, 210, 37.12, 1
2026/08/18 06:21:38.063, 3, 210, 41.63, 1
2026/08/18 06:21:38.334, 0, 1590, 225.93, 744
2026/08/18 06:21:38.341, 1, 210, 40.89, 1
2026/08/18 06:21:38.350, 2, 210, 37.12, 1
2026/08/18 06:21:38.359, 3, 210, 41.63, 1
2026/08/18 06:21:38.618, 0, 1605, 226.18, 744
2026/08/18 06:21:38.624, 1, 210, 40.75, 1
2026/08/18 06:21:38.632, 2, 210, 37.06, 1
2026/08/18 06:21:38.641, 3, 210, 38.18, 1
2026/08/18 06:21:38.907, 0, 1365, 226.21, 748
2026/08/18 06:21:38.914, 1, 210, 40.75, 1
2026/08/18 06:21:38.924, 2, 210, 37.06, 1
2026/08/18 06:21:38.933, 3, 210, 38.18, 1
2026/08/18 06:21:39.205, 0, 1290, 229.40, 748
2026/08/18 06:21:39.212, 1, 210, 40.75, 1
2026/08/18 06:21:39.220, 2, 210, 37.06, 1
2026/08/18 06:21:39.229, 3, 210, 38.18, 1
2026/08/18 06:21:39.490, 0, 1290, 230.05, 748
2026/08/18 06:21:39.497, 1, 210, 40.87, 1
2026/08/18 06:21:39.505, 2, 210, 37.22, 1
2026/08/18 06:21:39.514, 3, 210, 36.71, 1
2026/08/18 06:21:39.852, 0, 1290, 228.24, 748
2026/08/18 06:21:39.859, 1, 210, 40.87, 1
2026/08/18 06:21:39.867, 2, 210, 37.22, 1
2026/08/18 06:21:39.876, 3, 210, 36.71, 1
2026/08/18 06:21:40.140, 0, 1440, 227.99, 748
2026/08/18 06:21:40.147, 1, 210, 40.87, 1
2026/08/18 06:21:40.156, 2, 210, 37.22, 1
2026/08/18 06:21:40.164, 3, 210, 36.71, 1
2026/08/18 06:21:40.444, 0, 1470, 228.55, 748
2026/08/18 06:21:40.451, 1, 210, 40.84, 1
2026/08/18 06:21:40.460, 2, 210, 37.27, 1
2026/08/18 06:21:40.470, 3, 210, 36.67, 1
2026/08/18 06:21:40.743, 0, 1440, 228.83, 748
2026/08/18 06:21:40.750, 1, 210, 40.84, 1
2026/08/18 06:21:40.760, 2, 210, 37.27, 1
2026/08/18 06:21:40.769, 3, 210, 36.67, 1
2026/08/18 06:21:41.040, 0, 1410, 229.02, 748
2026/08/18 06:21:41.047, 1, 210, 40.84, 1
2026/08/18 06:21:41.056, 2, 210, 37.27, 1
2026/08/18 06:21:41.064, 3, 210, 36.67, 1
2026/08/18 06:21:41.343, 0, 1455, 229.36, 748
2026/08/18 06:21:41.350, 1, 210, 40.84, 1
2026/08/18 06:21:41.358, 2, 210, 37.27, 1
2026/08/18 06:21:41.367, 3, 210, 36.67, 1
2026/08/18 06:21:41.642, 0, 1455, 229.12, 748
2026/08/18 06:21:41.650, 1, 210, 40.50, 1
2026/08/18 06:21:41.660, 2, 210, 37.07, 1
2026/08/18 06:21:41.669, 3, 210, 36.67, 1
2026/08/18 06:21:41.941, 0, 975, 230.70, 748
2026/08/18 06:21:41.948, 1, 210, 40.50, 1
2026/08/18 06:21:41.956, 2, 210, 37.07, 1
2026/08/18 06:21:41.965, 3, 210, 36.67, 1
2026/08/18 06:21:42.288, 0, 1080, 229.77, 748
2026/08/18 06:21:42.295, 1, 210, 40.50, 1
2026/08/18 06:21:42.304, 2, 210, 37.07, 1
2026/08/18 06:21:42.313, 3, 210, 36.67, 1
2026/08/18 06:21:42.575, 0, 1095, 229.90, 748
2026/08/18 06:21:42.581, 1, 210, 40.51, 1
2026/08/18 06:21:42.590, 2, 210, 37.01, 1
2026/08/18 06:21:42.598, 3, 210, 36.70, 1
2026/08/18 06:21:42.859, 0, 1605, 226.00, 748
2026/08/18 06:21:42.865, 1, 210, 40.51, 1
2026/08/18 06:21:42.874, 2, 210, 37.01, 1
2026/08/18 06:21:42.882, 3, 210, 36.70, 1
2026/08/18 06:21:43.143, 0, 1620, 226.21, 748
2026/08/18 06:21:43.150, 1, 210, 40.51, 1
2026/08/18 06:21:43.158, 2, 210, 37.01, 1
2026/08/18 06:21:43.167, 3, 210, 36.70, 1
2026/08/18 06:21:43.444, 0, 1620, 228.70, 748
2026/08/18 06:21:43.451, 1, 210, 40.71, 1
2026/08/18 06:21:43.460, 2, 210, 37.18, 1
2026/08/18 06:21:43.469, 3, 210, 36.71, 1
2026/08/18 06:21:43.743, 0, 1560, 227.05, 770
2026/08/18 06:21:43.749, 1, 210, 40.71, 1
2026/08/18 06:21:43.757, 2, 210, 37.18, 1
2026/08/18 06:21:43.766, 3, 210, 36.71, 1
2026/08/18 06:21:44.026, 0, 1320, 228.67, 770
2026/08/18 06:21:44.033, 1, 210, 40.71, 1
2026/08/18 06:21:44.042, 2, 210, 37.18, 1
2026/08/18 06:21:44.050, 3, 210, 36.71, 1
2026/08/18 06:21:44.329, 0, 1320, 229.27, 770
2026/08/18 06:21:44.335, 1, 210, 40.71, 1
2026/08/18 06:21:44.344, 2, 210, 37.18, 1
2026/08/18 06:21:44.352, 3, 210, 36.71, 1
2026/08/18 06:21:44.673, 0, 1020, 228.39, 770
2026/08/18 06:21:44.679, 1, 210, 40.68, 1
2026/08/18 06:21:44.688, 2, 210, 37.24, 1
2026/08/18 06:21:44.697, 3, 210, 36.69, 1
2026/08/18 06:21:44.962, 0, 1305, 232.07, 770
2026/08/18 06:21:44.968, 1, 210, 40.68, 1
2026/08/18 06:21:44.978, 2, 210, 37.24, 1
2026/08/18 06:21:44.986, 3, 210, 36.69, 1
2026/08/18 06:21:45.261, 0, 1320, 229.71, 770
2026/08/18 06:21:45.268, 1, 210, 40.68, 1
2026/08/18 06:21:45.277, 2, 210, 37.24, 1
2026/08/18 06:21:45.285, 3, 210, 36.69, 1
2026/08/18 06:21:45.563, 0, 1170, 229.57, 770
2026/08/18 06:21:45.570, 1, 210, 40.91, 1
2026/08/18 06:21:45.580, 2, 210, 37.21, 1
2026/08/18 06:21:45.590, 3, 210, 36.70, 1
2026/08/18 06:21:45.861, 0, 1290, 229.46, 770
2026/08/18 06:21:45.868, 1, 210, 40.91, 1
2026/08/18 06:21:45.876, 2, 210, 37.21, 1
2026/08/18 06:21:45.885, 3, 210, 36.70, 1
2026/08/18 06:21:46.163, 0, 1455, 229.98, 770
2026/08/18 06:21:46.170, 1, 210, 40.91, 1
2026/08/18 06:21:46.180, 2, 210, 37.21, 1
2026/08/18 06:21:46.189, 3, 210, 36.70, 1
2026/08/18 06:21:46.462, 0, 1560, 226.87, 770
2026/08/18 06:21:46.469, 1, 210, 41.27, 1
2026/08/18 06:21:46.477, 2, 210, 37.11, 1
2026/08/18 06:21:46.486, 3, 210, 36.72, 1
2026/08/18 06:21:46.763, 0, 1575, 227.59, 770
2026/08/18 06:21:46.770, 1, 210, 41.27, 1
2026/08/18 06:21:46.779, 2, 210, 37.11, 1
2026/08/18 06:21:46.788, 3, 210, 36.72, 1
2026/08/18 06:21:47.079, 0, 1500, 229.56, 770
2026/08/18 06:21:47.086, 1, 210, 41.27, 1
2026/08/18 06:21:47.095, 2, 210, 37.11, 1
2026/08/18 06:21:47.103, 3, 210, 36.72, 1
2026/08/18 06:21:47.379, 0, 1545, 229.34, 770
2026/08/18 06:21:47.386, 1, 210, 41.27, 1
2026/08/18 06:21:47.394, 2, 210, 36.87, 1
2026/08/18 06:21:47.403, 3, 210, 36.72, 1
2026/08/18 06:21:47.679, 0, 1575, 229.20, 770
2026/08/18 06:21:47.687, 1, 210, 41.17, 1
2026/08/18 06:21:47.697, 2, 210, 36.87, 1
2026/08/18 06:21:47.707, 3, 210, 36.72, 1
2026/08/18 06:21:47.979, 0, 1560, 229.17, 770
2026/08/18 06:21:47.986, 1, 210, 41.17, 1
2026/08/18 06:21:47.995, 2, 210, 36.87, 1
2026/08/18 06:21:48.003, 3, 210, 36.72, 1
2026/08/18 06:21:48.283, 0, 1530, 229.21, 770
2026/08/18 06:21:48.291, 1, 210, 41.17, 1
2026/08/18 06:21:48.301, 2, 210, 36.87, 1
2026/08/18 06:21:48.310, 3, 210, 36.72, 1
2026/08/18 06:21:48.580, 0, 1065, 230.12, 770
2026/08/18 06:21:48.587, 1, 210, 40.97, 1
2026/08/18 06:21:48.595, 2, 210, 36.74, 1
2026/08/18 06:21:48.604, 3, 210, 36.71, 1
2026/08/18 06:21:48.882, 0, 1095, 230.09, 770
2026/08/18 06:21:48.889, 1, 210, 40.97, 1
2026/08/18 06:21:48.897, 2, 210, 36.74, 1
2026/08/18 06:21:48.906, 3, 210, 36.71, 1
2026/08/18 06:21:49.181, 0, 1050, 229.35, 770
2026/08/18 06:21:49.187, 1, 210, 40.97, 1
2026/08/18 06:21:49.196, 2, 210, 36.74, 1
2026/08/18 06:21:49.205, 3, 210, 36.71, 1
2026/08/18 06:21:49.480, 0, 1065, 228.98, 770
2026/08/18 06:21:49.487, 1, 210, 41.29, 1
2026/08/18 06:21:49.496, 2, 210, 37.04, 1
2026/08/18 06:21:49.504, 3, 210, 36.75, 1
2026/08/18 06:21:49.765, 0, 1080, 229.96, 770
2026/08/18 06:21:49.771, 1, 210, 41.29, 1
2026/08/18 06:21:49.780, 2, 210, 37.04, 1
2026/08/18 06:21:49.788, 3, 210, 36.75, 1
2026/08/18 06:21:50.065, 0, 1620, 225.62, 770
2026/08/18 06:21:50.071, 1, 210, 41.29, 1
2026/08/18 06:21:50.079, 2, 210, 37.04, 1
2026/08/18 06:21:50.088, 3, 210, 36.75, 1
2026/08/18 06:21:50.349, 0, 1620, 226.45, 770
2026/08/18 06:21:50.356, 1, 210, 41.29, 1
2026/08/18 06:21:50.365, 2, 210, 37.04, 1
2026/08/18 06:21:50.374, 3, 210, 36.75, 1
2026/08/18 06:21:50.651, 0, 1620, 226.37, 770
2026/08/18 06:21:50.658, 1, 210, 41.57, 1
2026/08/18 06:21:50.667, 2, 210, 37.31, 1
2026/08/18 06:21:50.677, 3, 210, 36.76, 1
2026/08/18 06:21:50.949, 0, 1605, 225.94, 770
2026/08/18 06:21:50.955, 1, 210, 41.57, 1
2026/08/18 06:21:50.964, 2, 210, 37.31, 1
2026/08/18 06:21:50.972, 3, 210, 36.76, 1
2026/08/18 06:21:51.235, 0, 1320, 228.46, 794
2026/08/18 06:21:51.242, 1, 210, 41.57, 1
2026/08/18 06:21:51.252, 2, 210, 37.31, 1
2026/08/18 06:21:51.261, 3, 210, 36.76, 1
2026/08/18 06:21:51.528, 0, 1290, 229.72, 794
2026/08/18 06:21:51.534, 1, 210, 41.50, 1
2026/08/18 06:21:51.543, 2, 210, 37.29, 1
2026/08/18 06:21:51.552, 3, 210, 36.74, 1
2026/08/18 06:21:51.813, 0, 1275, 229.51, 794
2026/08/18 06:21:51.820, 1, 210, 41.50, 1
2026/08/18 06:21:51.829, 2, 210, 37.29, 1
2026/08/18 06:21:51.837, 3, 210, 36.74, 1
2026/08/18 06:21:52.103, 0, 1305, 228.12, 794
2026/08/18 06:21:52.110, 1, 210, 41.50, 1
2026/08/18 06:21:52.120, 2, 210, 37.29, 1
2026/08/18 06:21:52.130, 3, 210, 36.74, 1
2026/08/18 06:21:52.412, 0, 1305, 229.36, 794
2026/08/18 06:21:52.419, 1, 210, 41.50, 1
2026/08/18 06:21:52.428, 2, 210, 37.38, 1
2026/08/18 06:21:52.437, 3, 210, 36.76, 1
2026/08/18 06:21:52.700, 0, 1275, 229.46, 794
2026/08/18 06:21:52.706, 1, 210, 41.48, 1
2026/08/18 06:21:52.715, 2, 210, 37.38, 1
2026/08/18 06:21:52.724, 3, 210, 36.76, 1
2026/08/18 06:21:52.987, 0, 1230, 228.68, 794
2026/08/18 06:21:52.994, 1, 210, 41.48, 1
2026/08/18 06:21:53.003, 2, 210, 37.38, 1
2026/08/18 06:21:53.013, 3, 210, 36.76, 1
2026/08/18 06:21:53.283, 0, 1290, 230.06, 794
2026/08/18 06:21:53.290, 1, 210, 41.48, 1
2026/08/18 06:21:53.299, 2, 210, 37.38, 1
2026/08/18 06:21:53.308, 3, 210, 36.76, 1
2026/08/18 06:21:53.586, 0, 1305, 230.06, 794
2026/08/18 06:21:53.593, 1, 210, 41.59, 1
2026/08/18 06:21:53.601, 2, 210, 37.38, 1
2026/08/18 06:21:53.610, 3, 210, 36.76, 1
2026/08/18 06:21:53.885, 0, 1260, 229.05, 794
2026/08/18 06:21:53.892, 1, 210, 41.59, 1
2026/08/18 06:21:53.901, 2, 210, 37.38, 1
2026/08/18 06:21:53.909, 3, 210, 36.76, 1
2026/08/18 06:21:54.184, 0, 1290, 229.84, 794
2026/08/18 06:21:54.190, 1, 210, 41.59, 1
2026/08/18 06:21:54.199, 2, 210, 37.38, 1
2026/08/18 06:21:54.207, 3, 210, 36.76, 1
2026/08/18 06:21:54.465, 0, 1305, 230.06, 794
2026/08/18 06:21:54.471, 1, 210, 41.57, 1
2026/08/18 06:21:54.480, 2, 210, 37.28, 1
2026/08/18 06:21:54.488, 3, 210, 36.78, 1
2026/08/18 06:21:54.753, 0, 1275, 229.72, 794
2026/08/18 06:21:54.759, 1, 210, 41.57, 1
2026/08/18 06:21:54.768, 2, 210, 37.28, 1
2026/08/18 06:21:54.776, 3, 210, 36.78, 1
2026/08/18 06:21:55.052, 0, 1260, 229.40, 794
2026/08/18 06:21:55.059, 1, 210, 41.57, 1
2026/08/18 06:21:55.068, 2, 210, 37.28, 1
2026/08/18 06:21:55.076, 3, 210, 36.78, 1
2026/08/18 06:21:55.353, 0, 1290, 230.08, 794
2026/08/18 06:21:55.360, 1, 210, 41.57, 1
2026/08/18 06:21:55.369, 2, 210, 37.28, 1
2026/08/18 06:21:55.378, 3, 210, 36.78, 1
2026/08/18 06:21:55.650, 0, 1275, 229.93, 794
2026/08/18 06:21:55.657, 1, 210, 41.49, 1
2026/08/18 06:21:55.666, 2, 210, 37.31, 1
2026/08/18 06:21:55.674, 3, 210, 36.80, 1
2026/08/18 06:21:55.936, 0, 1635, 226.41, 794
2026/08/18 06:21:55.943, 1, 210, 41.49, 1
2026/08/18 06:21:55.951, 2, 210, 37.31, 1
2026/08/18 06:21:55.960, 3, 210, 36.80, 1
2026/08/18 06:21:56.221, 0, 1650, 227.06, 794
2026/08/18 06:21:56.227, 1, 210, 41.49, 1
2026/08/18 06:21:56.236, 2, 210, 37.31, 1
2026/08/18 06:21:56.245, 3, 210, 36.80, 1
2026/08/18 06:21:56.533, 0, 1650, 226.69, 794
2026/08/18 06:21:56.540, 1, 210, 41.33, 1
2026/08/18 06:21:56.548, 2, 210, 37.19, 1
2026/08/18 06:21:56.557, 3, 210, 36.77, 1
2026/08/18 06:21:56.819, 0, 1620, 226.42, 794
2026/08/18 06:21:56.826, 1, 210, 41.33, 1
2026/08/18 06:21:56.834, 2, 210, 37.19, 1
2026/08/18 06:21:56.843, 3, 210, 36.77, 1
2026/08/18 06:21:57.104, 0, 1635, 229.10, 794
2026/08/18 06:21:57.110, 1, 210, 41.33, 1
2026/08/18 06:21:57.119, 2, 210, 37.19, 1
2026/08/18 06:21:57.127, 3, 210, 36.77, 1
2026/08/18 06:21:57.399, 0, 1650, 228.97, 794
2026/08/18 06:21:57.406, 1, 210, 41.33, 1
2026/08/18 06:21:57.416, 2, 210, 36.94, 1
2026/08/18 06:21:57.424, 3, 210, 39.44, 1
2026/08/18 06:21:57.683, 0, 1650, 229.00, 794
2026/08/18 06:21:57.690, 1, 210, 40.89, 1
2026/08/18 06:21:57.699, 2, 210, 36.94, 1
2026/08/18 06:21:57.708, 3, 690, 39.44, 1
2026/08/18 06:21:57.971, 0, 1635, 228.86, 794
2026/08/18 06:21:57.977, 1, 210, 40.89, 1
2026/08/18 06:21:57.986, 2, 210, 36.94, 1
2026/08/18 06:21:57.995, 3, 690, 39.44, 1
2026/08/18 06:21:58.255, 0, 1635, 229.37, 794
2026/08/18 06:21:58.261, 1, 210, 40.89, 1
2026/08/18 06:21:58.270, 2, 210, 36.94, 1
2026/08/18 06:21:58.278, 3, 690, 39.44, 1
2026/08/18 06:21:58.538, 0, 1650, 229.30, 794
2026/08/18 06:21:58.544, 1, 210, 40.64, 1
2026/08/18 06:21:58.553, 2, 210, 36.93, 1
2026/08/18 06:21:58.561, 3, 210, 42.93, 1
2026/08/18 06:21:58.874, 0, 930, 232.46, 794
2026/08/18 06:21:58.880, 1, 210, 40.64, 1
2026/08/18 06:21:58.889, 2, 210, 36.93, 1
2026/08/18 06:21:58.898, 3, 210, 42.93, 1
2026/08/18 06:21:59.157, 0, 1050, 229.68, 794
2026/08/18 06:21:59.164, 1, 210, 40.64, 1
2026/08/18 06:21:59.172, 2, 210, 36.93, 1
2026/08/18 06:21:59.181, 3, 210, 42.93, 1
2026/08/18 06:21:59.456, 0, 1065, 229.76, 794
2026/08/18 06:21:59.463, 1, 210, 40.75, 1
2026/08/18 06:21:59.472, 2, 210, 37.11, 1
2026/08/18 06:21:59.481, 3, 210, 40.35, 1
2026/08/18 06:21:59.752, 0, 1095, 230.02, 794
2026/08/18 06:21:59.759, 1, 210, 40.75, 1
2026/08/18 06:21:59.768, 2, 210, 37.11, 1
2026/08/18 06:21:59.777, 3, 210, 40.35, 1
2026/08/18 06:22:00.040, 0, 1050, 228.72, 794
2026/08/18 06:22:00.046, 1, 210, 40.75, 1
2026/08/18 06:22:00.055, 2, 210, 37.11, 1
2026/08/18 06:22:00.063, 3, 210, 40.35, 1
2026/08/18 06:22:00.341, 0, 1065, 229.70, 794
2026/08/18 06:22:00.348, 1, 210, 40.75, 1
2026/08/18 06:22:00.358, 2, 210, 37.11, 1
2026/08/18 06:22:00.367, 3, 210, 40.35, 1
2026/08/18 06:22:00.641, 0, 1080, 229.90, 794
2026/08/18 06:22:00.647, 1, 210, 41.22, 1
2026/08/18 06:22:00.656, 2, 210, 37.26, 1
2026/08/18 06:22:00.664, 3, 210, 36.93, 1
2026/08/18 06:22:00.940, 0, 1050, 229.71, 794
2026/08/18 06:22:00.946, 1, 210, 41.22, 1
2026/08/18 06:22:00.955, 2, 210, 37.26, 1
2026/08/18 06:22:00.963, 3, 210, 36.93, 1
2026/08/18 06:22:01.303, 0, 1050, 229.66, 794
2026/08/18 06:22:01.310, 1, 210, 41.22, 1
2026/08/18 06:22:01.318, 2, 210, 37.26, 1
2026/08/18 06:22:01.327, 3, 210, 36.93, 1
2026/08/18 06:22:01.586, 0, 1065, 229.90, 794
2026/08/18 06:22:01.593, 1, 210, 41.48, 1
2026/08/18 06:22:01.602, 2, 210, 37.31, 1
2026/08/18 06:22:01.610, 3, 210, 36.86, 1
2026/08/18 06:22:01.875, 0, 1545, 225.79, 794
2026/08/18 06:22:01.882, 1, 210, 41.48, 1
2026/08/18 06:22:01.891, 2, 210, 37.31, 1
2026/08/18 06:22:01.899, 3, 210, 36.86, 1
2026/08/18 06:22:02.177, 0, 1650, 224.92, 794
2026/08/18 06:22:02.184, 1, 210, 41.48, 1
2026/08/18 06:22:02.193, 2, 210, 37.31, 1
2026/08/18 06:22:02.203, 3, 210, 36.86, 1
2026/08/18 06:22:02.476, 0, 1650, 224.58, 794
2026/08/18 06:22:02.482, 1, 210, 41.20, 1
2026/08/18 06:22:02.491, 2, 210, 37.31, 1
2026/08/18 06:22:02.500, 3, 210, 36.80, 1
2026/08/18 06:22:02.777, 0, 1650, 223.50, 794
2026/08/18 06:22:02.784, 1, 210, 41.20, 1
2026/08/18 06:22:02.793, 2, 210, 37.31, 1
2026/08/18 06:22:02.803, 3, 210, 36.80, 1
2026/08/18 06:22:03.076, 0, 1650, 227.25, 794
2026/08/18 06:22:03.082, 1, 210, 41.20, 1
2026/08/18 06:22:03.091, 2, 210, 37.31, 1
2026/08/18 06:22:03.100, 3, 210, 36.80, 1
2026/08/18 06:22:03.375, 0, 1650, 227.25, 744
2026/08/18 06:22:03.380, 1, 210, 41.20, 1
2026/08/18 06:22:03.389, 2, 210, 37.28, 1
2026/08/18 06:22:03.398, 3, 210, 36.77, 1
2026/08/18 06:22:03.688, 0, 1470, 224.88, 744
2026/08/18 06:22:03.695, 1, 210, 40.80, 1
2026/08/18 06:22:03.703, 2, 210, 37.28, 1
2026/08/18 06:22:03.712, 3, 210, 36.77, 1
2026/08/18 06:22:03.977, 0, 1650, 207.07, 744
2026/08/18 06:22:03.983, 1, 210, 40.80, 1
2026/08/18 06:22:03.992, 2, 210, 37.28, 1
2026/08/18 06:22:04.001, 3, 210, 36.77, 1
2026/08/18 06:22:04.274, 0, 1650, 207.71, 744
2026/08/18 06:22:04.280, 1, 210, 40.80, 1
2026/08/18 06:22:04.289, 2, 210, 37.28, 1
2026/08/18 06:22:04.297, 3, 210, 36.77, 1
2026/08/18 06:22:04.560, 0, 1455, 207.54, 744
2026/08/18 06:22:04.567, 1, 210, 40.98, 1
2026/08/18 06:22:04.575, 2, 210, 37.30, 1
2026/08/18 06:22:04.584, 3, 210, 36.78, 1
2026/08/18 06:22:04.861, 0, 1650, 210.66, 744
2026/08/18 06:22:04.868, 1, 210, 40.98, 1
2026/08/18 06:22:04.877, 2, 210, 37.30, 1
2026/08/18 06:22:04.887, 3, 210, 36.78, 1
2026/08/18 06:22:05.161, 0, 1650, 218.86, 744
2026/08/18 06:22:05.168, 1, 210, 40.98, 1
2026/08/18 06:22:05.178, 2, 210, 37.30, 1
2026/08/18 06:22:05.188, 3, 210, 36.78, 1
2026/08/18 06:22:05.471, 0, 1575, 225.75, 744
2026/08/18 06:22:05.478, 1, 210, 41.28, 1
2026/08/18 06:22:05.488, 2, 210, 37.26, 1
2026/08/18 06:22:05.496, 3, 210, 36.78, 1
2026/08/18 06:22:05.763, 0, 1440, 215.12, 748
2026/08/18 06:22:05.770, 1, 210, 41.28, 1
2026/08/18 06:22:05.779, 2, 210, 37.26, 1
2026/08/18 06:22:05.787, 3, 210, 36.78, 1
2026/08/18 06:22:06.063, 0, 1440, 219.15, 748
2026/08/18 06:22:06.070, 1, 210, 41.28, 1
2026/08/18 06:22:06.078, 2, 210, 37.26, 1
2026/08/18 06:22:06.087, 3, 210, 36.78, 1
2026/08/18 06:22:06.362, 0, 1440, 225.36, 748
2026/08/18 06:22:06.369, 1, 210, 41.28, 1
2026/08/18 06:22:06.378, 2, 210, 37.26, 1
2026/08/18 06:22:06.387, 3, 210, 36.78, 1
2026/08/18 06:22:06.658, 0, 1410, 225.50, 748
2026/08/18 06:22:06.665, 1, 210, 41.22, 1
2026/08/18 06:22:06.673, 2, 210, 37.23, 1
2026/08/18 06:22:06.682, 3, 210, 36.78, 1
2026/08/18 06:22:06.945, 0, 1650, 222.43, 748
2026/08/18 06:22:06.951, 1, 210, 41.22, 1
2026/08/18 06:22:06.960, 2, 210, 37.23, 1
2026/08/18 06:22:06.968, 3, 210, 36.78, 1
2026/08/18 06:22:07.229, 0, 1650, 212.17, 748
2026/08/18 06:22:07.235, 1, 210, 41.22, 1
2026/08/18 06:22:07.243, 2, 210, 37.23, 1
2026/08/18 06:22:07.252, 3, 210, 36.78, 1
2026/08/18 06:22:07.513, 0, 1380, 207.17, 748
2026/08/18 06:22:07.519, 1, 210, 40.59, 1
2026/08/18 06:22:07.527, 2, 210, 36.65, 1
2026/08/18 06:22:07.536, 3, 210, 36.85, 1
2026/08/18 06:22:07.798, 0, 1380, 210.80, 748
2026/08/18 06:22:07.804, 1, 210, 40.59, 1
2026/08/18 06:22:07.814, 2, 210, 36.65, 1
2026/08/18 06:22:07.824, 3, 210, 36.85, 1
2026/08/18 06:22:08.097, 0, 1650, 217.85, 748
2026/08/18 06:22:08.103, 1, 210, 40.59, 1
2026/08/18 06:22:08.112, 2, 210, 36.65, 1
2026/08/18 06:22:08.120, 3, 210, 36.85, 1
2026/08/18 06:22:08.397, 0, 1575, 219.62, 770
2026/08/18 06:22:08.404, 1, 210, 40.59, 1
2026/08/18 06:22:08.413, 2, 210, 36.62, 1
2026/08/18 06:22:08.421, 3, 210, 36.85, 1
2026/08/18 06:22:08.694, 0, 1440, 222.37, 770
2026/08/18 06:22:08.701, 1, 210, 40.44, 1
2026/08/18 06:22:08.709, 2, 210, 36.62, 1
2026/08/18 06:22:08.718, 3, 210, 36.85, 1
2026/08/18 06:22:08.979, 0, 1440, 222.45, 770
2026/08/18 06:22:08.986, 1, 210, 40.44, 1
2026/08/18 06:22:08.994, 2, 210, 36.62, 1
2026/08/18 06:22:09.003, 3, 210, 36.85, 1
2026/08/18 06:22:09.264, 0, 1215, 226.30, 770
2026/08/18 06:22:09.270, 1, 210, 40.44, 1
2026/08/18 06:22:09.279, 2, 210, 36.62, 1
2026/08/18 06:22:09.288, 3, 210, 36.85, 1
2026/08/18 06:22:09.567, 0, 1425, 230.49, 770
2026/08/18 06:22:09.574, 1, 210, 41.13, 1
2026/08/18 06:22:09.584, 2, 210, 37.19, 1
2026/08/18 06:22:09.593, 3, 210, 36.77, 1
2026/08/18 06:22:09.867, 0, 1440, 228.96, 770
2026/08/18 06:22:09.873, 1, 210, 41.13, 1
2026/08/18 06:22:09.882, 2, 210, 37.19, 1
2026/08/18 06:22:09.890, 3, 210, 36.77, 1
2026/08/18 06:22:10.166, 0, 1365, 228.93, 770
2026/08/18 06:22:10.173, 1, 210, 41.13, 1
2026/08/18 06:22:10.182, 2, 210, 37.19, 1
2026/08/18 06:22:10.192, 3, 210, 36.77, 1
2026/08/18 06:22:10.465, 0, 1410, 228.68, 770
2026/08/18 06:22:10.472, 1, 210, 41.20, 1
2026/08/18 06:22:10.480, 2, 210, 37.23, 1
2026/08/18 06:22:10.489, 3, 210, 36.74, 1
2026/08/18 06:22:10.767, 0, 1650, 225.12, 770
2026/08/18 06:22:10.773, 1, 210, 41.20, 1
2026/08/18 06:22:10.783, 2, 210, 37.23, 1
2026/08/18 06:22:10.793, 3, 210, 36.74, 1
2026/08/18 06:22:11.066, 0, 1650, 220.68, 770
2026/08/18 06:22:11.072, 1, 210, 41.20, 1
2026/08/18 06:22:11.081, 2, 210, 37.23, 1
2026/08/18 06:22:11.089, 3, 210, 36.74, 1
2026/08/18 06:22:11.364, 0, 1650, 216.35, 770
2026/08/18 06:22:11.370, 1, 210, 41.20, 1
2026/08/18 06:22:11.379, 2, 210, 37.23, 1
2026/08/18 06:22:11.387, 3, 210, 36.74, 1
2026/08/18 06:22:11.649, 0, 1380, 216.63, 770
2026/08/18 06:22:11.656, 1, 210, 40.69, 1
2026/08/18 06:22:11.665, 2, 210, 36.73, 1
2026/08/18 06:22:11.674, 3, 210, 36.76, 1
2026/08/18 06:22:11.950, 0, 1380, 224.01, 770
2026/08/18 06:22:11.957, 1, 210, 40.69, 1
2026/08/18 06:22:11.965, 2, 210, 36.73, 1
2026/08/18 06:22:11.974, 3, 210, 36.76, 1
2026/08/18 06:22:12.250, 0, 1335, 227.81, 770
2026/08/18 06:22:12.256, 1, 210, 40.69, 1
2026/08/18 06:22:12.265, 2, 210, 36.73, 1
2026/08/18 06:22:12.273, 3, 210, 36.76, 1
2026/08/18 06:22:12.550, 0, 1365, 228.67, 770
2026/08/18 06:22:12.557, 1, 210, 40.77, 1
2026/08/18 06:22:12.565, 2, 210, 36.61, 1
2026/08/18 06:22:12.574, 3, 210, 36.79, 1
2026/08/18 06:22:12.849, 0, 1650, 225.96, 770
2026/08/18 06:22:12.855, 1, 210, 40.77, 1
2026/08/18 06:22:12.864, 2, 210, 36.61, 1
2026/08/18 06:22:12.872, 3, 210, 36.79, 1
2026/08/18 06:22:13.132, 0, 1650, 218.97, 770
2026/08/18 06:22:13.138, 1, 210, 40.77, 1
2026/08/18 06:22:13.147, 2, 210, 36.61, 1
2026/08/18 06:22:13.156, 3, 210, 36.79, 1
2026/08/18 06:22:13.418, 0, 1650, 214.89, 794
2026/08/18 06:22:13.423, 1, 210, 40.77, 1
2026/08/18 06:22:13.431, 2, 210, 37.06, 1
2026/08/18 06:22:13.440, 3, 210, 37.46, 1
2026/08/18 06:22:13.701, 0, 1440, 214.98, 794
2026/08/18 06:22:13.708, 1, 210, 41.01, 1
2026/08/18 06:22:13.717, 2, 210, 37.06, 1
2026/08/18 06:22:13.726, 3, 690, 37.46, 1
2026/08/18 06:22:13.997, 0, 1440, 220.54, 794
2026/08/18 06:22:14.003, 1, 210, 41.01, 1
2026/08/18 06:22:14.011, 2, 210, 37.06, 1
2026/08/18 06:22:14.020, 3, 690, 37.46, 1
2026/08/18 06:22:14.288, 0, 1320, 226.68, 794
2026/08/18 06:22:14.295, 1, 210, 41.01, 1
2026/08/18 06:22:14.305, 2, 210, 37.06, 1
2026/08/18 06:22:14.314, 3, 690, 37.46, 1
2026/08/18 06:22:14.582, 0, 1410, 229.97, 794
2026/08/18 06:22:14.589, 1, 210, 40.92, 1
2026/08/18 06:22:14.602, 2, 210, 37.18, 1
2026/08/18 06:22:14.611, 3, 690, 40.94, 1
2026/08/18 06:22:14.886, 0, 1425, 228.72, 794
2026/08/18 06:22:14.892, 1, 210, 40.92, 1
2026/08/18 06:22:14.901, 2, 210, 37.18, 1
2026/08/18 06:22:14.910, 3, 690, 40.94, 1
2026/08/18 06:22:15.185, 0, 1440, 228.10, 794
2026/08/18 06:22:15.191, 1, 210, 40.92, 1
2026/08/18 06:22:15.200, 2, 210, 37.18, 1
2026/08/18 06:22:15.208, 3, 690, 40.94, 1
2026/08/18 06:22:15.515, 0, 1395, 229.11, 794
2026/08/18 06:22:15.521, 1, 210, 41.17, 1
2026/08/18 06:22:15.530, 2, 210, 37.28, 1
2026/08/18 06:22:15.539, 3, 210, 42.51, 1
2026/08/18 06:22:15.803, 0, 1410, 229.32, 794
2026/08/18 06:22:15.809, 1, 210, 41.17, 1
2026/08/18 06:22:15.817, 2, 210, 37.28, 1
2026/08/18 06:22:15.826, 3, 210, 42.51, 1
2026/08/18 06:22:16.104, 0, 1440, 229.32, 794
2026/08/18 06:22:16.110, 1, 210, 41.17, 1
2026/08/18 06:22:16.119, 2, 210, 37.28, 1
2026/08/18 06:22:16.127, 3, 210, 42.51, 1
2026/08/18 06:22:16.403, 0, 1395, 228.80, 794
2026/08/18 06:22:16.409, 1, 210, 41.17, 1
2026/08/18 06:22:16.418, 2, 210, 37.31, 1
2026/08/18 06:22:16.427, 3, 210, 39.05, 1
2026/08/18 06:22:16.702, 0, 1410, 229.62, 794
2026/08/18 06:22:16.709, 1, 210, 41.22, 1
2026/08/18 06:22:16.718, 2, 210, 37.31, 1
2026/08/18 06:22:16.726, 3, 210, 39.05, 1
2026/08/18 06:22:16.986, 0, 1410, 229.48, 794
2026/08/18 06:22:16.993, 1, 210, 41.22, 1
2026/08/18 06:22:17.001, 2, 210, 37.31, 1
2026/08/18 06:22:17.010, 3, 210, 39.05, 1
2026/08/18 06:22:17.287, 0, 1425, 229.23, 794
2026/08/18 06:22:17.293, 1, 210, 41.22, 1
2026/08/18 06:22:17.303, 2, 210, 37.31, 1
2026/08/18 06:22:17.312, 3, 210, 39.05, 1
2026/08/18 06:22:17.587, 0, 1410, 229.67, 794
2026/08/18 06:22:17.594, 1, 210, 41.24, 1
2026/08/18 06:22:17.602, 2, 210, 37.31, 1
2026/08/18 06:22:17.611, 3, 210, 36.84, 1
2026/08/18 06:22:17.934, 0, 1635, 227.48, 794
2026/08/18 06:22:17.940, 1, 210, 41.24, 1
2026/08/18 06:22:17.950, 2, 210, 37.31, 1
2026/08/18 06:22:17.960, 3, 210, 36.84, 1
2026/08/18 06:22:18.237, 0, 1650, 227.88, 794
2026/08/18 06:22:18.243, 1, 210, 41.24, 1
2026/08/18 06:22:18.252, 2, 210, 37.31, 1
2026/08/18 06:22:18.260, 3, 210, 36.84, 1
2026/08/18 06:22:18.520, 0, 1650, 228.34, 794
2026/08/18 06:22:18.526, 1, 210, 41.19, 1
2026/08/18 06:22:18.535, 2, 210, 37.14, 1
2026/08/18 06:22:18.543, 3, 690, 38.14, 1
2026/08/18 06:22:18.804, 0, 1620, 227.78, 794
2026/08/18 06:22:18.810, 1, 210, 41.19, 1
2026/08/18 06:22:18.818, 2, 210, 37.14, 1
2026/08/18 06:22:18.827, 3, 690, 38.14, 1
2026/08/18 06:22:19.088, 0, 1635, 229.38, 794
2026/08/18 06:22:19.094, 1, 210, 41.19, 1
2026/08/18 06:22:19.102, 2, 210, 37.14, 1
2026/08/18 06:22:19.111, 3, 690, 38.14, 1
2026/08/18 06:22:19.369, 0, 1650, 229.21, 794
2026/08/18 06:22:19.375, 1, 210, 41.19, 1
2026/08/18 06:22:19.383, 2, 210, 36.95, 1
2026/08/18 06:22:19.392, 3, 690, 41.54, 1
2026/08/18 06:22:19.653, 0, 1290, 231.24, 794
2026/08/18 06:22:19.660, 1, 210, 40.99, 1
2026/08/18 06:22:19.673, 2, 210, 36.95, 1
2026/08/18 06:22:19.683, 3, 690, 41.54, 1
2026/08/18 06:22:19.958, 0, 1350, 228.98, 794
2026/08/18 06:22:19.964, 1, 210, 40.99, 1
2026/08/18 06:22:19.974, 2, 210, 36.95, 1
2026/08/18 06:22:19.983, 3, 690, 41.54, 1
2026/08/18 06:22:20.280, 0, 1365, 229.12, 794
2026/08/18 06:22:20.303, 1, 210, 40.99, 1
2026/08/18 06:22:20.322, 2, 210, 36.95, 1
2026/08/18 06:22:20.332, 3, 690, 41.54, 1
2026/08/18 06:22:20.605, 0, 1380, 229.45, 794
2026/08/18 06:22:20.611, 1, 210, 41.22, 1
2026/08/18 06:22:20.620, 2, 210, 37.07, 1
2026/08/18 06:22:20.629, 3, 210, 41.77, 1
2026/08/18 06:22:20.885, 0, 1350, 228.71, 794
2026/08/18 06:22:20.892, 1, 210, 41.22, 1
2026/08/18 06:22:20.900, 2, 210, 37.07, 1
2026/08/18 06:22:20.908, 3, 210, 41.77, 1
2026/08/18 06:22:21.173, 0, 1350, 229.19, 794
2026/08/18 06:22:21.179, 1, 210, 41.22, 1
2026/08/18 06:22:21.187, 2, 210, 37.07, 1
2026/08/18 06:22:21.196, 3, 210, 41.77, 1
2026/08/18 06:22:21.456, 0, 1365, 229.33, 794
2026/08/18 06:22:21.462, 1, 210, 41.46, 1
2026/08/18 06:22:21.471, 2, 210, 37.28, 1
2026/08/18 06:22:21.479, 3, 210, 38.34, 1
2026/08/18 06:22:21.737, 0, 1350, 229.22, 794
2026/08/18 06:22:21.743, 1, 210, 41.46, 1
2026/08/18 06:22:21.752, 2, 210, 37.28, 1
2026/08/18 06:22:21.761, 3, 210, 38.34, 1
2026/08/18 06:22:22.025, 0, 1650, 226.21, 794
2026/08/18 06:22:22.031, 1, 210, 41.46, 1
2026/08/18 06:22:22.040, 2, 210, 37.28, 1
2026/08/18 06:22:22.048, 3, 210, 38.34, 1
2026/08/18 06:22:22.321, 0, 1650, 221.45, 794
2026/08/18 06:22:22.327, 1, 210, 41.46, 1
2026/08/18 06:22:22.336, 2, 210, 37.28, 1
2026/08/18 06:22:22.344, 3, 210, 38.34, 1
2026/08/18 06:22:22.606, 0, 1650, 215.84, 794
2026/08/18 06:22:22.613, 1, 210, 41.32, 1
2026/08/18 06:22:22.623, 2, 210, 37.36, 1
2026/08/18 06:22:22.639, 3, 210, 36.79, 1
2026/08/18 06:22:22.924, 0, 1650, 209.96, 794
2026/08/18 06:22:22.931, 1, 210, 41.32, 1
2026/08/18 06:22:22.939, 2, 210, 37.36, 1
2026/08/18 06:22:22.948, 3, 210, 36.79, 1
2026/08/18 06:22:23.208, 0, 1650, 210.12, 794
2026/08/18 06:22:23.214, 1, 210, 41.32, 1
2026/08/18 06:22:23.222, 2, 210, 37.36, 1
2026/08/18 06:22:23.231, 3, 210, 36.79, 1
2026/08/18 06:22:23.491, 0, 1650, 184.13, 794
2026/08/18 06:22:23.496, 1, 210, 41.08, 1
2026/08/18 06:22:23.504, 2, 210, 37.30, 1
2026/08/18 06:22:23.513, 3, 210, 36.82, 1
2026/08/18 06:22:23.775, 0, 1650, 157.86, 794
2026/08/18 06:22:23.780, 1, 210, 41.08, 1
2026/08/18 06:22:23.789, 2, 210, 37.30, 1
2026/08/18 06:22:23.797, 3, 210, 36.82, 1
2026/08/18 06:22:24.057, 0, 1650, 140.30, 794
2026/08/18 06:22:24.062, 1, 210, 41.08, 1
2026/08/18 06:22:24.070, 2, 210, 37.30, 1
2026/08/18 06:22:24.079, 3, 210, 36.82, 1
2026/08/18 06:22:24.342, 0, 1650, 122.75, 794
2026/08/18 06:22:24.347, 1, 210, 41.08, 1
2026/08/18 06:22:24.355, 2, 210, 37.30, 1
2026/08/18 06:22:24.364, 3, 210, 36.82, 1
2026/08/18 06:22:24.654, 0, 1650, 113.64, 794
2026/08/18 06:22:24.659, 1, 210, 41.25, 1
2026/08/18 06:22:24.668, 2, 210, 37.26, 1
2026/08/18 06:22:24.681, 3, 210, 36.79, 1
2026/08/18 06:22:25.011, 0, 1650, 114.13, 1
2026/08/18 06:22:25.016, 1, 210, 41.25, 1
2026/08/18 06:22:25.024, 2, 210, 37.26, 1
2026/08/18 06:22:25.034, 3, 210, 36.79, 1
2026/08/18 06:22:25.311, 0, 1650, 114.48, 1
2026/08/18 06:22:25.315, 1, 210, 41.25, 1
2026/08/18 06:22:25.324, 2, 210, 37.26, 1
2026/08/18 06:22:25.333, 3, 210, 36.79, 1
2026/08/18 06:22:25.594, 0, 1650, 114.88, 1
2026/08/18 06:22:25.599, 1, 210, 41.52, 1
2026/08/18 06:22:25.609, 2, 210, 37.36, 1
2026/08/18 06:22:25.619, 3, 210, 36.76, 1
2026/08/18 06:22:25.889, 0, 1650, 114.81, 1
2026/08/18 06:22:25.893, 1, 210, 41.52, 1
2026/08/18 06:22:25.902, 2, 210, 37.36, 1
2026/08/18 06:22:25.911, 3, 210, 36.76, 1
2026/08/18 06:22:26.177, 0, 1650, 114.81, 1
2026/08/18 06:22:26.184, 1, 210, 41.52, 1
2026/08/18 06:22:26.193, 2, 210, 37.36, 1
2026/08/18 06:22:26.202, 3, 210, 36.76, 1
2026/08/18 06:22:26.480, 0, 1650, 114.81, 1
2026/08/18 06:22:26.488, 1, 210, 41.41, 1
2026/08/18 06:22:26.496, 2, 210, 37.36, 1
2026/08/18 06:22:26.504, 3, 210, 36.76, 1
2026/08/18 06:22:26.789, 0, 390, 73.07, 1
2026/08/18 06:22:26.797, 1, 210, 41.41, 1
2026/08/18 06:22:26.807, 2, 210, 37.36, 1
2026/08/18 06:22:26.815, 3, 210, 36.76, 1
2026/08/18 06:22:27.080, 0, 390, 73.07, 1
2026/08/18 06:22:27.087, 1, 210, 41.41, 1
2026/08/18 06:22:27.096, 2, 210, 37.36, 1
2026/08/18 06:22:27.105, 3, 210, 36.76, 1
2026/08/18 06:22:27.381, 0, 390, 73.07, 1
2026/08/18 06:22:27.392, 1, 210, 41.41, 1
2026/08/18 06:22:27.402, 2, 210, 37.35, 1
2026/08/18 06:22:27.411, 3, 210, 36.78, 1
2026/08/18 06:22:27.676, 0, 390, 54.83, 1
2026/08/18 06:22:27.687, 1, 210, 41.35, 1
2026/08/18 06:22:27.696, 2, 210, 37.35, 1
2026/08/18 06:22:27.705, 3, 210, 36.78, 1
2026/08/18 06:22:27.981, 0, 240, 54.83, 1
2026/08/18 06:22:27.992, 1, 210, 41.35, 1
2026/08/18 06:22:28.001, 2, 210, 37.35, 1
2026/08/18 06:22:28.010, 3, 210, 36.78, 1
2026/08/18 06:22:28.280, 0, 240, 54.83, 1
2026/08/18 06:22:28.289, 1, 210, 41.35, 1
2026/08/18 06:22:28.298, 2, 210, 37.35, 1
2026/08/18 06:22:28.306, 3, 210, 36.78, 1
2026/08/18 06:22:28.578, 0, 240, 54.83, 1
2026/08/18 06:22:28.587, 1, 210, 41.41, 1
2026/08/18 06:22:28.596, 2, 210, 37.37, 1
2026/08/18 06:22:28.604, 3, 210, 36.76, 1
2026/08/18 06:22:28.882, 0, 210, 39.26, 1
2026/08/18 06:22:28.893, 1, 210, 41.41, 1
2026/08/18 06:22:28.903, 2, 210, 37.37, 1
2026/08/18 06:22:28.912, 3, 210, 36.76, 1
2026/08/18 06:22:29.176, 0, 210, 39.26, 1
2026/08/18 06:22:29.185, 1, 210, 41.41, 1
2026/08/18 06:22:29.193, 2, 210, 37.37, 1
2026/08/18 06:22:29.202, 3, 210, 36.76, 1
2026/08/18 06:22:29.460, 0, 210, 39.26, 1
2026/08/18 06:22:29.469, 1, 210, 41.26, 1
2026/08/18 06:22:29.477, 2, 210, 37.35, 1
2026/08/18 06:22:29.486, 3, 210, 36.72, 1
2026/08/18 06:22:29.749, 0, 210, 37.68, 1
2026/08/18 06:22:29.760, 1, 210, 41.26, 1
2026/08/18 06:22:29.769, 2, 210, 37.35, 1
2026/08/18 06:22:29.778, 3, 210, 36.72, 1
2026/08/18 06:22:30.048, 0, 210, 37.68, 1
2026/08/18 06:22:30.057, 1, 210, 41.26, 1
2026/08/18 06:22:30.065, 2, 210, 37.35, 1
2026/08/18 06:22:30.074, 3, 210, 36.72, 1
2026/08/18 06:22:30.349, 0, 210, 37.68, 1
2026/08/18 06:22:30.358, 1, 210, 41.26, 1
2026/08/18 06:22:30.366, 2, 210, 37.35, 1
2026/08/18 06:22:30.375, 3, 210, 36.72, 1
2026/08/18 06:22:30.648, 0, 210, 37.68, 1
2026/08/18 06:22:30.658, 1, 210, 41.01, 1
2026/08/18 06:22:30.666, 2, 210, 37.38, 1
2026/08/18 06:22:30.675, 3, 210, 36.74, 1
2026/08/18 06:22:30.950, 0, 210, 37.52, 1
2026/08/18 06:22:30.958, 1, 210, 41.01, 1
2026/08/18 06:22:30.967, 2, 210, 37.38, 1
2026/08/18 06:22:30.975, 3, 210, 36.74, 1
2026/08/18 06:22:31.248, 0, 210, 37.52, 1
2026/08/18 06:22:31.256, 1, 210, 41.01, 1
2026/08/18 06:22:31.265, 2, 210, 37.38, 1
2026/08/18 06:22:31.273, 3, 210, 36.74, 1
2026/08/18 06:22:31.550, 0, 210, 37.52, 1
2026/08/18 06:22:31.559, 1, 210, 41.13, 1
2026/08/18 06:22:31.568, 2, 210, 37.37, 1
2026/08/18 06:22:31.576, 3, 210, 36.78, 1
2026/08/18 06:22:31.850, 0, 210, 37.41, 1
2026/08/18 06:22:31.859, 1, 210, 41.13, 1
2026/08/18 06:22:31.868, 2, 210, 37.37, 1
2026/08/18 06:22:31.876, 3, 210, 36.78, 1
2026/08/18 06:22:32.152, 0, 210, 37.41, 1
2026/08/18 06:22:32.161, 1, 210, 41.13, 1
2026/08/18 06:22:32.171, 2, 210, 37.37, 1
2026/08/18 06:22:32.182, 3, 210, 36.78, 1
2026/08/18 06:22:32.467, 0, 210, 37.41, 1
2026/08/18 06:22:32.476, 1, 210, 41.34, 1
2026/08/18 06:22:32.485, 2, 210, 37.38, 1
2026/08/18 06:22:32.493, 3, 210, 36.79, 1
2026/08/18 06:22:32.768, 0, 210, 37.31, 1
2026/08/18 06:22:32.776, 1, 210, 41.34, 1
2026/08/18 06:22:32.785, 2, 210, 37.38, 1
2026/08/18 06:22:32.793, 3, 210, 36.79, 1
2026/08/18 06:22:33.068, 0, 210, 37.31, 1
2026/08/18 06:22:33.077, 1, 210, 41.34, 1
2026/08/18 06:22:33.086, 2, 210, 37.38, 1
2026/08/18 06:22:33.094, 3, 210, 36.79, 1
2026/08/18 06:22:33.363, 0, 210, 37.31, 1
2026/08/18 06:22:33.371, 1, 210, 41.34, 1
2026/08/18 06:22:33.380, 2, 210, 37.44, 1
2026/08/18 06:22:33.388, 3, 210, 36.74, 1
2026/08/18 06:22:33.651, 0, 210, 37.31, 1
2026/08/18 06:22:33.660, 1, 210, 41.34, 1
2026/08/18 06:22:33.668, 2, 210, 37.44, 1
2026/08/18 06:22:33.677, 3, 210, 36.74, 1
2026/08/18 06:22:33.953, 0, 210, 37.16, 1
2026/08/18 06:22:33.964, 1, 210, 41.34, 1
2026/08/18 06:22:33.974, 2, 210, 37.44, 1
2026/08/18 06:22:33.983, 3, 210, 36.74, 1
2026/08/18 06:22:34.250, 0, 210, 37.16, 1
2026/08/18 06:22:34.259, 1, 210, 41.34, 1
2026/08/18 06:22:34.267, 2, 210, 37.44, 1
2026/08/18 06:22:34.276, 3, 210, 36.74, 1
2026/08/18 06:22:34.547, 0, 210, 37.16, 1
2026/08/18 06:22:34.556, 1, 210, 41.36, 1
2026/08/18 06:22:34.564, 2, 210, 37.42, 1
2026/08/18 06:22:34.573, 3, 210, 36.69, 1
2026/08/18 06:22:34.963, 0, 1650, 39.19, 30
2026/08/18 06:22:34.968, 1, 210, 41.36, 1
2026/08/18 06:22:34.977, 2, 210, 37.42, 1
2026/08/18 06:22:34.988, 3, 210, 36.69, 1
2026/08/18 06:22:35.252, 0, 1650, 54.00, 530
2026/08/18 06:22:35.257, 1, 210, 41.36, 1
2026/08/18 06:22:35.265, 2, 210, 37.42, 1
2026/08/18 06:22:35.274, 3, 210, 36.69, 1
2026/08/18 06:22:35.531, 0, 1650, 63.55, 722
2026/08/18 06:22:35.536, 1, 210, 41.41, 1
2026/08/18 06:22:35.545, 2, 210, 37.36, 1
2026/08/18 06:22:35.555, 3, 210, 36.69, 1
2026/08/18 06:22:35.820, 0, 1335, 120.06, 742
2026/08/18 06:22:35.827, 1, 210, 41.41, 1
2026/08/18 06:22:35.836, 2, 210, 37.36, 1
2026/08/18 06:22:35.844, 3, 210, 36.69, 1
2026/08/18 06:22:36.115, 0, 1515, 162.25, 742
2026/08/18 06:22:36.122, 1, 210, 41.41, 1
2026/08/18 06:22:36.131, 2, 210, 37.36, 1
2026/08/18 06:22:36.140, 3, 210, 36.69, 1
2026/08/18 06:22:36.402, 0, 1530, 194.90, 742
2026/08/18 06:22:36.409, 1, 210, 41.41, 1
2026/08/18 06:22:36.417, 2, 210, 36.97, 1
2026/08/18 06:22:36.426, 3, 210, 36.72, 1
2026/08/18 06:22:36.696, 0, 1080, 228.15, 742
2026/08/18 06:22:36.703, 1, 210, 41.03, 1
2026/08/18 06:22:36.711, 2, 210, 36.97, 1
2026/08/18 06:22:36.720, 3, 210, 36.72, 1
2026/08/18 06:22:36.990, 0, 1605, 225.72, 742
2026/08/18 06:22:36.996, 1, 210, 41.03, 1
2026/08/18 06:22:37.006, 2, 210, 36.97, 1
2026/08/18 06:22:37.016, 3, 210, 36.72, 1
2026/08/18 06:22:37.332, 0, 1335, 222.21, 744
2026/08/18 06:22:37.339, 1, 210, 41.03, 1
2026/08/18 06:22:37.348, 2, 210, 36.97, 1
2026/08/18 06:22:37.356, 3, 210, 36.72, 1
2026/08/18 06:22:37.619, 0, 1320, 224.45, 744
2026/08/18 06:22:37.626, 1, 210, 40.93, 1
2026/08/18 06:22:37.635, 2, 210, 36.80, 1
2026/08/18 06:22:37.644, 3, 210, 36.78, 1
2026/08/18 06:22:37.922, 0, 1425, 224.66, 744
2026/08/18 06:22:37.929, 1, 210, 40.93, 1
2026/08/18 06:22:37.939, 2, 210, 36.80, 1
2026/08/18 06:22:37.948, 3, 210, 36.78, 1
2026/08/18 06:22:38.220, 0, 1380, 227.39, 744
2026/08/18 06:22:38.226, 1, 210, 40.93, 1
2026/08/18 06:22:38.235, 2, 210, 36.80, 1
2026/08/18 06:22:38.243, 3, 210, 36.78, 1
2026/08/18 06:22:38.505, 0, 1440, 229.41, 744
2026/08/18 06:22:38.511, 1, 210, 41.26, 1
2026/08/18 06:22:38.520, 2, 210, 37.01, 1
2026/08/18 06:22:38.528, 3, 210, 36.78, 1
2026/08/18 06:22:38.805, 0, 1440, 229.12, 744
2026/08/18 06:22:38.812, 1, 210, 41.26, 1
2026/08/18 06:22:38.821, 2, 210, 37.01, 1
2026/08/18 06:22:38.830, 3, 210, 36.78, 1
2026/08/18 06:22:39.102, 0, 1365, 229.51, 744
2026/08/18 06:22:39.109, 1, 210, 41.26, 1
2026/08/18 06:22:39.118, 2, 210, 37.01, 1
2026/08/18 06:22:39.126, 3, 210, 36.78, 1
2026/08/18 06:22:39.384, 0, 1080, 230.14, 744
2026/08/18 06:22:39.391, 1, 210, 41.26, 1
2026/08/18 06:22:39.400, 2, 210, 37.04, 1
2026/08/18 06:22:39.409, 3, 210, 36.73, 1
2026/08/18 06:22:39.689, 0, 1590, 226.13, 744
2026/08/18 06:22:39.695, 1, 210, 41.01, 1
2026/08/18 06:22:39.703, 2, 210, 37.04, 1
2026/08/18 06:22:39.712, 3, 210, 36.73, 1
2026/08/18 06:22:39.984, 0, 1605, 225.54, 744
2026/08/18 06:22:39.991, 1, 210, 41.01, 1
2026/08/18 06:22:40.000, 2, 210, 37.04, 1
2026/08/18 06:22:40.009, 3, 210, 36.73, 1
2026/08/18 06:22:40.268, 0, 1605, 226.41, 744
2026/08/18 06:22:40.274, 1, 210, 41.01, 1
2026/08/18 06:22:40.283, 2, 210, 37.04, 1
2026/08/18 06:22:40.291, 3, 210, 36.73, 1
2026/08/18 06:22:40.556, 0, 1275, 226.66, 748
2026/08/18 06:22:40.562, 1, 210, 40.72, 1
2026/08/18 06:22:40.571, 2, 210, 37.17, 1
2026/08/18 06:22:40.579, 3, 210, 36.75, 1
2026/08/18 06:22:40.857, 0, 1290, 229.88, 748
2026/08/18 06:22:40.864, 1, 210, 40.72, 1
2026/08/18 06:22:40.874, 2, 210, 37.17, 1
2026/08/18 06:22:40.883, 3, 210, 36.75, 1
2026/08/18 06:22:41.155, 0, 1305, 229.98, 748
2026/08/18 06:22:41.162, 1, 210, 40.72, 1
2026/08/18 06:22:41.170, 2, 210, 37.17, 1
2026/08/18 06:22:41.179, 3, 210, 36.75, 1
2026/08/18 06:22:41.441, 0, 1305, 227.69, 748
2026/08/18 06:22:41.448, 1, 210, 40.99, 1
2026/08/18 06:22:41.457, 2, 210, 37.28, 1
2026/08/18 06:22:41.467, 3, 210, 36.74, 1
2026/08/18 06:22:41.740, 0, 1455, 228.35, 748
2026/08/18 06:22:41.747, 1, 210, 40.99, 1
2026/08/18 06:22:41.755, 2, 210, 37.28, 1
2026/08/18 06:22:41.764, 3, 210, 36.74, 1
2026/08/18 06:22:42.102, 0, 1470, 228.66, 748
2026/08/18 06:22:42.109, 1, 210, 40.99, 1
2026/08/18 06:22:42.117, 2, 210, 37.28, 1
2026/08/18 06:22:42.126, 3, 210, 36.74, 1
2026/08/18 06:22:42.391, 0, 1455, 229.65, 748
2026/08/18 06:22:42.398, 1, 210, 40.99, 1
2026/08/18 06:22:42.407, 2, 210, 37.07, 1
2026/08/18 06:22:42.416, 3, 210, 36.74, 1
2026/08/18 06:22:42.692, 0, 1425, 229.27, 748
2026/08/18 06:22:42.698, 1, 210, 41.05, 1
2026/08/18 06:22:42.707, 2, 210, 37.07, 1
2026/08/18 06:22:42.715, 3, 210, 36.74, 1
2026/08/18 06:22:42.988, 0, 1455, 229.50, 748
2026/08/18 06:22:42.995, 1, 210, 41.05, 1
2026/08/18 06:22:43.005, 2, 210, 37.07, 1
2026/08/18 06:22:43.014, 3, 210, 36.74, 1
2026/08/18 06:22:43.278, 0, 1470, 229.40, 748
2026/08/18 06:22:43.285, 1, 210, 41.05, 1
2026/08/18 06:22:43.295, 2, 210, 37.07, 1
2026/08/18 06:22:43.304, 3, 210, 36.74, 1
2026/08/18 06:22:43.571, 0, 1035, 229.40, 748
2026/08/18 06:22:43.577, 1, 210, 40.82, 1
2026/08/18 06:22:43.586, 2, 210, 36.82, 1
2026/08/18 06:22:43.594, 3, 210, 36.72, 1
2026/08/18 06:22:43.857, 0, 1095, 229.55, 748
2026/08/18 06:22:43.864, 1, 210, 40.82, 1
2026/08/18 06:22:43.873, 2, 210, 36.82, 1
2026/08/18 06:22:43.882, 3, 210, 36.72, 1
2026/08/18 06:22:44.158, 0, 1365, 229.99, 748
2026/08/18 06:22:44.165, 1, 210, 40.82, 1
2026/08/18 06:22:44.174, 2, 210, 36.82, 1
2026/08/18 06:22:44.182, 3, 210, 36.72, 1
2026/08/18 06:22:44.504, 0, 1605, 225.90, 748
2026/08/18 06:22:44.511, 1, 210, 41.05, 1
2026/08/18 06:22:44.520, 2, 210, 37.04, 1
2026/08/18 06:22:44.528, 3, 210, 36.68, 1
2026/08/18 06:22:44.787, 0, 1605, 227.79, 748
2026/08/18 06:22:44.794, 1, 210, 41.05, 1
2026/08/18 06:22:44.802, 2, 210, 37.04, 1
2026/08/18 06:22:44.811, 3, 210, 36.68, 1
2026/08/18 06:22:45.077, 0, 1545, 228.29, 748
2026/08/18 06:22:45.084, 1, 210, 41.05, 1
2026/08/18 06:22:45.094, 2, 210, 37.04, 1
2026/08/18 06:22:45.103, 3, 210, 36.68, 1
2026/08/18 06:22:45.379, 0, 1320, 228.21, 770
2026/08/18 06:22:45.386, 1, 210, 41.05, 1
2026/08/18 06:22:45.396, 2, 210, 37.32, 1
2026/08/18 06:22:45.405, 3, 210, 36.71, 1
2026/08/18 06:22:45.678, 0, 1320, 229.19, 770
2026/08/18 06:22:45.685, 1, 210, 41.26, 1
2026/08/18 06:22:45.696, 2, 210, 37.32, 1
2026/08/18 06:22:45.705, 3, 210, 36.71, 1
2026/08/18 06:22:45.979, 0, 1275, 229.83, 770
2026/08/18 06:22:45.986, 1, 210, 41.26, 1
2026/08/18 06:22:45.996, 2, 210, 37.32, 1
2026/08/18 06:22:46.006, 3, 210, 36.71, 1
2026/08/18 06:22:46.278, 0, 1275, 227.35, 770
2026/08/18 06:22:46.284, 1, 210, 41.26, 1
2026/08/18 06:22:46.293, 2, 210, 37.32, 1
2026/08/18 06:22:46.302, 3, 210, 36.71, 1
2026/08/18 06:22:46.576, 0, 1305, 229.48, 770
2026/08/18 06:22:46.583, 1, 210, 41.00, 1
2026/08/18 06:22:46.591, 2, 210, 37.32, 1
2026/08/18 06:22:46.600, 3, 210, 36.72, 1
2026/08/18 06:22:46.873, 0, 1305, 228.80, 770
2026/08/18 06:22:46.879, 1, 210, 41.00, 1
2026/08/18 06:22:46.888, 2, 210, 37.32, 1
2026/08/18 06:22:46.897, 3, 210, 36.72, 1
2026/08/18 06:22:47.161, 0, 1215, 227.75, 770
2026/08/18 06:22:47.168, 1, 210, 41.00, 1
2026/08/18 06:22:47.177, 2, 210, 37.32, 1
2026/08/18 06:22:47.186, 3, 210, 36.72, 1
2026/08/18 06:22:47.461, 0, 1290, 229.85, 770
2026/08/18 06:22:47.467, 1, 210, 40.97, 1
2026/08/18 06:22:47.476, 2, 210, 37.35, 1
2026/08/18 06:22:47.485, 3, 210, 36.71, 1
2026/08/18 06:22:47.741, 0, 1545, 228.45, 770
2026/08/18 06:22:47.748, 1, 210, 40.97, 1
2026/08/18 06:22:47.757, 2, 210, 37.35, 1
2026/08/18 06:22:47.765, 3, 210, 36.71, 1
2026/08/18 06:22:48.030, 0, 1560, 226.70, 770
2026/08/18 06:22:48.037, 1, 210, 40.97, 1
2026/08/18 06:22:48.046, 2, 210, 37.35, 1
2026/08/18 06:22:48.054, 3, 210, 36.71, 1
2026/08/18 06:22:48.331, 0, 1560, 227.85, 770
2026/08/18 06:22:48.339, 1, 210, 40.97, 1
2026/08/18 06:22:48.348, 2, 210, 37.35, 1
2026/08/18 06:22:48.358, 3, 210, 36.71, 1
2026/08/18 06:22:48.625, 0, 1515, 228.88, 770
2026/08/18 06:22:48.633, 1, 210, 40.97, 1
2026/08/18 06:22:48.641, 2, 210, 37.16, 1
2026/08/18 06:22:48.650, 3, 210, 36.67, 1
2026/08/18 06:22:48.915, 0, 1545, 229.28, 770
2026/08/18 06:22:48.923, 1, 210, 40.97, 1
2026/08/18 06:22:48.933, 2, 210, 37.16, 1
2026/08/18 06:22:48.942, 3, 210, 36.67, 1
2026/08/18 06:22:49.242, 0, 1560, 229.31, 770
2026/08/18 06:22:49.249, 1, 210, 40.97, 1
2026/08/18 06:22:49.257, 2, 210, 37.16, 1
2026/08/18 06:22:49.265, 3, 210, 36.67, 1
2026/08/18 06:22:49.525, 0, 1545, 229.37, 770
2026/08/18 06:22:49.532, 1, 210, 40.71, 1
2026/08/18 06:22:49.540, 2, 210, 36.91, 1
2026/08/18 06:22:49.549, 3, 210, 36.64, 1
2026/08/18 06:22:49.814, 0, 1530, 229.14, 770
2026/08/18 06:22:49.821, 1, 210, 40.71, 1
2026/08/18 06:22:49.832, 2, 210, 36.91, 1
2026/08/18 06:22:49.841, 3, 210, 36.64, 1
2026/08/18 06:22:50.113, 0, 1080, 230.11, 770
2026/08/18 06:22:50.120, 1, 210, 40.71, 1
2026/08/18 06:22:50.128, 2, 210, 36.91, 1
2026/08/18 06:22:50.137, 3, 210, 36.64, 1
2026/08/18 06:22:50.415, 0, 1095, 229.99, 770
2026/08/18 06:22:50.422, 1, 210, 40.71, 1
2026/08/18 06:22:50.432, 2, 210, 36.98, 1
2026/08/18 06:22:50.441, 3, 210, 36.69, 1
2026/08/18 06:22:50.713, 0, 1095, 229.34, 770
2026/08/18 06:22:50.721, 1, 210, 40.78, 1
2026/08/18 06:22:50.730, 2, 210, 36.98, 1
2026/08/18 06:22:50.739, 3, 210, 36.69, 1
2026/08/18 06:22:51.016, 0, 1065, 228.33, 770
2026/08/18 06:22:51.023, 1, 210, 40.78, 1
2026/08/18 06:22:51.031, 2, 210, 36.98, 1
2026/08/18 06:22:51.039, 3, 210, 36.69, 1
2026/08/18 06:22:51.313, 0, 1095, 229.85, 770
2026/08/18 06:22:51.320, 1, 210, 40.78, 1
2026/08/18 06:22:51.329, 2, 210, 36.98, 1
2026/08/18 06:22:51.337, 3, 210, 36.69, 1
2026/08/18 06:22:51.610, 0, 1620, 226.19, 770
2026/08/18 06:22:51.616, 1, 210, 41.09, 1
2026/08/18 06:22:51.625, 2, 210, 37.24, 1
2026/08/18 06:22:51.633, 3, 210, 36.74, 1
2026/08/18 06:22:51.898, 0, 1635, 227.27, 770
2026/08/18 06:22:51.904, 1, 210, 41.09, 1
2026/08/18 06:22:51.912, 2, 210, 37.24, 1
2026/08/18 06:22:51.921, 3, 210, 36.74, 1
2026/08/18 06:22:52.182, 0, 1635, 228.52, 770
2026/08/18 06:22:52.189, 1, 210, 41.09, 1
2026/08/18 06:22:52.197, 2, 210, 37.24, 1
2026/08/18 06:22:52.206, 3, 210, 36.74, 1
2026/08/18 06:22:52.482, 0, 1590, 228.76, 770
2026/08/18 06:22:52.489, 1, 210, 41.19, 1
2026/08/18 06:22:52.497, 2, 210, 37.36, 1
2026/08/18 06:22:52.506, 3, 210, 36.75, 1
2026/08/18 06:22:52.784, 0, 1320, 228.35, 794
2026/08/18 06:22:52.791, 1, 210, 41.19, 1
2026/08/18 06:22:52.801, 2, 210, 37.36, 1
2026/08/18 06:22:52.811, 3, 210, 36.75, 1
2026/08/18 06:22:53.083, 0, 1305, 228.84, 794
2026/08/18 06:22:53.089, 1, 210, 41.19, 1
2026/08/18 06:22:53.098, 2, 210, 37.36, 1
2026/08/18 06:22:53.107, 3, 210, 36.75, 1
2026/08/18 06:22:53.384, 0, 1260, 228.02, 794
2026/08/18 06:22:53.391, 1, 210, 41.19, 1
2026/08/18 06:22:53.401, 2, 210, 37.40, 1
2026/08/18 06:22:53.411, 3, 210, 36.74, 1
2026/08/18 06:22:53.679, 0, 1290, 228.16, 794
2026/08/18 06:22:53.686, 1, 210, 41.20, 1
2026/08/18 06:22:53.695, 2, 210, 37.40, 1
2026/08/18 06:22:53.703, 3, 210, 36.74, 1
2026/08/18 06:22:53.962, 0, 1305, 229.07, 794
2026/08/18 06:22:53.969, 1, 210, 41.20, 1
2026/08/18 06:22:53.978, 2, 210, 37.40, 1
2026/08/18 06:22:53.986, 3, 210, 36.74, 1
2026/08/18 06:22:54.252, 0, 1275, 229.02, 794
2026/08/18 06:22:54.259, 1, 210, 41.20, 1
2026/08/18 06:22:54.269, 2, 210, 37.40, 1
2026/08/18 06:22:54.278, 3, 210, 36.74, 1
2026/08/18 06:22:54.548, 0, 1245, 228.31, 794
2026/08/18 06:22:54.555, 1, 210, 41.27, 1
2026/08/18 06:22:54.563, 2, 210, 37.46, 1
2026/08/18 06:22:54.572, 3, 210, 36.72, 1
2026/08/18 06:22:54.835, 0, 1290, 229.99, 794
2026/08/18 06:22:54.842, 1, 210, 41.27, 1
2026/08/18 06:22:54.851, 2, 210, 37.46, 1
2026/08/18 06:22:54.860, 3, 210, 36.72, 1
2026/08/18 06:22:55.135, 0, 1305, 230.03, 794
2026/08/18 06:22:55.142, 1, 210, 41.27, 1
2026/08/18 06:22:55.156, 2, 210, 37.46, 1
2026/08/18 06:22:55.166, 3, 210, 36.72, 1
2026/08/18 06:22:55.434, 0, 1245, 229.08, 794
2026/08/18 06:22:55.441, 1, 210, 41.30, 1
2026/08/18 06:22:55.450, 2, 210, 37.44, 1
2026/08/18 06:22:55.458, 3, 210, 36.71, 1
2026/08/18 06:22:55.735, 0, 1275, 229.54, 794
2026/08/18 06:22:55.742, 1, 210, 41.30, 1
2026/08/18 06:22:55.750, 2, 210, 37.44, 1
2026/08/18 06:22:55.759, 3, 210, 36.71, 1
2026/08/18 06:22:56.034, 0, 1305, 229.93, 794
2026/08/18 06:22:56.041, 1, 210, 41.30, 1
2026/08/18 06:22:56.051, 2, 210, 37.44, 1
2026/08/18 06:22:56.060, 3, 210, 36.71, 1
2026/08/18 06:22:56.337, 0, 1260, 229.49, 794
2026/08/18 06:22:56.344, 1, 210, 41.30, 1
2026/08/18 06:22:56.354, 2, 210, 37.44, 1
2026/08/18 06:22:56.364, 3, 210, 36.71, 1
2026/08/18 06:22:56.636, 0, 1275, 229.05, 794
2026/08/18 06:22:56.642, 1, 210, 41.39, 1
2026/08/18 06:22:56.651, 2, 210, 37.41, 1
2026/08/18 06:22:56.659, 3, 690, 36.72, 1
2026/08/18 06:22:56.937, 0, 1290, 229.75, 794
2026/08/18 06:22:56.944, 1, 210, 41.39, 1
2026/08/18 06:22:56.954, 2, 210, 37.41, 1
2026/08/18 06:22:56.964, 3, 690, 36.72, 1
2026/08/18 06:22:57.236, 0, 1275, 230.01, 794
2026/08/18 06:22:57.242, 1, 210, 41.39, 1
2026/08/18 06:22:57.251, 2, 210, 37.41, 1
2026/08/18 06:22:57.259, 3, 690, 36.72, 1
2026/08/18 06:22:57.517, 0, 1650, 226.07, 794
2026/08/18 06:22:57.524, 1, 210, 41.43, 1
2026/08/18 06:22:57.533, 2, 210, 37.40, 1
2026/08/18 06:22:57.541, 3, 690, 40.14, 1
2026/08/18 06:22:57.803, 0, 1650, 227.47, 794
2026/08/18 06:22:57.809, 1, 210, 41.43, 1
2026/08/18 06:22:57.818, 2, 210, 37.40, 1
2026/08/18 06:22:57.827, 3, 690, 40.14, 1
2026/08/18 06:22:58.086, 0, 1650, 227.12, 794
2026/08/18 06:22:58.093, 1, 210, 41.43, 1
2026/08/18 06:22:58.101, 2, 210, 37.40, 1
2026/08/18 06:22:58.110, 3, 690, 40.14, 1
2026/08/18 06:22:58.368, 0, 1635, 226.09, 794
2026/08/18 06:22:58.375, 1, 210, 41.43, 1
2026/08/18 06:22:58.383, 2, 210, 37.17, 1
2026/08/18 06:22:58.392, 3, 690, 42.93, 1
2026/08/18 06:22:58.699, 0, 1650, 229.12, 794
2026/08/18 06:22:58.705, 1, 210, 41.04, 1
2026/08/18 06:22:58.714, 2, 210, 37.17, 1
2026/08/18 06:22:58.723, 3, 210, 42.93, 1
2026/08/18 06:22:58.987, 0, 1650, 229.07, 794
2026/08/18 06:22:58.994, 1, 210, 41.04, 1
2026/08/18 06:22:59.002, 2, 210, 37.17, 1
2026/08/18 06:22:59.011, 3, 210, 42.93, 1
2026/08/18 06:22:59.290, 0, 1650, 229.05, 794
2026/08/18 06:22:59.297, 1, 210, 41.04, 1
2026/08/18 06:22:59.307, 2, 210, 37.17, 1
2026/08/18 06:22:59.316, 3, 210, 42.93, 1
2026/08/18 06:22:59.590, 0, 1635, 229.15, 794
2026/08/18 06:22:59.597, 1, 210, 40.58, 1
2026/08/18 06:22:59.607, 2, 210, 36.99, 1
2026/08/18 06:22:59.616, 3, 210, 39.53, 1
2026/08/18 06:22:59.890, 0, 1650, 229.21, 794
2026/08/18 06:22:59.897, 1, 210, 40.58, 1
2026/08/18 06:22:59.907, 2, 210, 36.99, 1
2026/08/18 06:22:59.916, 3, 210, 39.53, 1
2026/08/18 06:23:00.188, 0, 1650, 229.24, 794
2026/08/18 06:23:00.195, 1, 210, 40.58, 1
2026/08/18 06:23:00.208, 2, 210, 36.99, 1
2026/08/18 06:23:00.217, 3, 210, 39.53, 1
2026/08/18 06:23:00.489, 0, 975, 230.69, 794
2026/08/18 06:23:00.495, 1, 210, 40.51, 1
2026/08/18 06:23:00.504, 2, 210, 37.02, 1
2026/08/18 06:23:00.512, 3, 210, 36.70, 1
2026/08/18 06:23:00.788, 0, 1080, 229.69, 794
2026/08/18 06:23:00.795, 1, 210, 40.51, 1
2026/08/18 06:23:00.803, 2, 210, 37.02, 1
2026/08/18 06:23:00.812, 3, 210, 36.70, 1
2026/08/18 06:23:01.084, 0, 1095, 229.81, 794
2026/08/18 06:23:01.091, 1, 210, 40.51, 1
2026/08/18 06:23:01.102, 2, 210, 37.02, 1
2026/08/18 06:23:01.110, 3, 210, 36.70, 1
2026/08/18 06:23:01.372, 0, 1095, 227.66, 794
2026/08/18 06:23:01.379, 1, 210, 40.51, 1
2026/08/18 06:23:01.388, 2, 210, 37.19, 1
2026/08/18 06:23:01.396, 3, 210, 36.71, 1
2026/08/18 06:23:01.655, 0, 1065, 228.61, 794
2026/08/18 06:23:01.661, 1, 210, 40.88, 1
2026/08/18 06:23:01.670, 2, 210, 37.19, 1
2026/08/18 06:23:01.678, 3, 210, 36.71, 1
2026/08/18 06:23:01.941, 0, 1080, 229.72, 794
2026/08/18 06:23:01.948, 1, 210, 40.88, 1
2026/08/18 06:23:01.958, 2, 210, 37.19, 1
2026/08/18 06:23:01.968, 3, 210, 36.71, 1
2026/08/18 06:23:02.239, 0, 1125, 230.07, 794
2026/08/18 06:23:02.247, 1, 210, 40.88, 1
2026/08/18 06:23:02.255, 2, 210, 37.19, 1
2026/08/18 06:23:02.264, 3, 210, 36.71, 1
2026/08/18 06:23:02.536, 0, 1065, 229.33, 794
2026/08/18 06:23:02.542, 1, 210, 41.40, 1
2026/08/18 06:23:02.551, 2, 210, 37.30, 1
2026/08/18 06:23:02.560, 3, 210, 36.73, 1
2026/08/18 06:23:02.823, 0, 1080, 229.61, 794
2026/08/18 06:23:02.830, 1, 210, 41.40, 1
2026/08/18 06:23:02.839, 2, 210, 37.30, 1
2026/08/18 06:23:02.847, 3, 210, 36.73, 1
2026/08/18 06:23:03.103, 0, 1110, 229.90, 794
2026/08/18 06:23:03.109, 1, 210, 41.40, 1
2026/08/18 06:23:03.118, 2, 210, 37.30, 1
2026/08/18 06:23:03.127, 3, 210, 36.73, 1
2026/08/18 06:23:03.436, 0, 1650, 224.96, 794
2026/08/18 06:23:03.442, 1, 210, 41.41, 1
2026/08/18 06:23:03.451, 2, 210, 37.26, 1
2026/08/18 06:23:03.459, 3, 210, 36.75, 1
2026/08/18 06:23:03.710, 0, 1650, 223.68, 794
2026/08/18 06:23:03.717, 1, 210, 41.41, 1
2026/08/18 06:23:03.726, 2, 210, 37.26, 1
2026/08/18 06:23:03.736, 3, 210, 36.75, 1
2026/08/18 06:23:04.008, 0, 1650, 222.58, 794
2026/08/18 06:23:04.014, 1, 210, 41.41, 1
2026/08/18 06:23:04.023, 2, 210, 37.26, 1
2026/08/18 06:23:04.032, 3, 210, 36.75, 1
2026/08/18 06:23:04.309, 0, 1650, 220.67, 794
2026/08/18 06:23:04.315, 1, 210, 41.41, 1
2026/08/18 06:23:04.324, 2, 210, 37.26, 1
2026/08/18 06:23:04.332, 3, 210, 36.75, 1
2026/08/18 06:23:04.611, 0, 1650, 224.02, 794
2026/08/18 06:23:04.618, 1, 210, 41.02, 1
2026/08/18 06:23:04.627, 2, 210, 37.22, 1
2026/08/18 06:23:04.637, 3, 210, 36.75, 1
2026/08/18 06:23:04.910, 0, 1470, 220.04, 744
2026/08/18 06:23:04.916, 1, 210, 41.02, 1
2026/08/18 06:23:04.925, 2, 210, 37.22, 1
2026/08/18 06:23:04.933, 3, 210, 36.75, 1
2026/08/18 06:23:05.210, 0, 1650, 219.56, 744
2026/08/18 06:23:05.216, 1, 210, 41.02, 1
2026/08/18 06:23:05.229, 2, 210, 37.22, 1
2026/08/18 06:23:05.238, 3, 210, 36.75, 1
2026/08/18 06:23:05.508, 0, 1425, 207.83, 744
2026/08/18 06:23:05.514, 1, 210, 40.88, 1
2026/08/18 06:23:05.522, 2, 210, 37.21, 1
2026/08/18 06:23:05.531, 3, 210, 36.74, 1
2026/08/18 06:23:05.805, 0, 1455, 202.44, 744
2026/08/18 06:23:05.812, 1, 210, 40.88, 1
2026/08/18 06:23:05.820, 2, 210, 37.21, 1
2026/08/18 06:23:05.829, 3, 210, 36.74, 1
2026/08/18 06:23:06.092, 0, 1455, 206.67, 744
2026/08/18 06:23:06.099, 1, 210, 40.88, 1
2026/08/18 06:23:06.107, 2, 210, 37.21, 1
2026/08/18 06:23:06.115, 3, 210, 36.74, 1
2026/08/18 06:23:06.376, 0, 1650, 211.18, 744
2026/08/18 06:23:06.382, 1, 210, 40.88, 1
2026/08/18 06:23:06.391, 2, 210, 37.29, 1
2026/08/18 06:23:06.399, 3, 210, 36.70, 1
2026/08/18 06:23:06.656, 0, 1410, 214.55, 744
2026/08/18 06:23:06.662, 1, 210, 41.19, 1
2026/08/18 06:23:06.671, 2, 210, 37.29, 1
2026/08/18 06:23:06.679, 3, 210, 36.70, 1
2026/08/18 06:23:06.945, 0, 1650, 221.43, 744
2026/08/18 06:23:06.951, 1, 210, 41.19, 1
2026/08/18 06:23:06.959, 2, 210, 37.29, 1
2026/08/18 06:23:06.968, 3, 210, 36.70, 1
2026/08/18 06:23:07.243, 0, 1455, 213.98, 748
2026/08/18 06:23:07.250, 1, 210, 41.19, 1
2026/08/18 06:23:07.259, 2, 210, 37.29, 1
2026/08/18 06:23:07.268, 3, 210, 36.70, 1
2026/08/18 06:23:07.543, 0, 1455, 220.51, 748
2026/08/18 06:23:07.549, 1, 210, 41.20, 1
2026/08/18 06:23:07.558, 2, 210, 37.36, 1
2026/08/18 06:23:07.567, 3, 210, 36.68, 1
2026/08/18 06:23:07.829, 0, 1455, 225.60, 748
2026/08/18 06:23:07.836, 1, 210, 41.20, 1
2026/08/18 06:23:07.846, 2, 210, 37.36, 1
2026/08/18 06:23:07.855, 3, 210, 36.68, 1
2026/08/18 06:23:08.174, 0, 1650, 228.89, 748
2026/08/18 06:23:08.179, 1, 210, 41.20, 1
2026/08/18 06:23:08.188, 2, 210, 37.36, 1
2026/08/18 06:23:08.197, 3, 210, 36.68, 1
2026/08/18 06:23:08.461, 0, 1650, 215.94, 748
2026/08/18 06:23:08.467, 1, 210, 40.87, 1
2026/08/18 06:23:08.476, 2, 210, 37.17, 1
2026/08/18 06:23:08.485, 3, 210, 36.71, 1
2026/08/18 06:23:08.762, 0, 1650, 204.87, 748
2026/08/18 06:23:08.768, 1, 210, 40.87, 1
2026/08/18 06:23:08.776, 2, 210, 37.17, 1
2026/08/18 06:23:08.785, 3, 210, 36.71, 1
2026/08/18 06:23:09.062, 0, 1395, 206.91, 748
2026/08/18 06:23:09.068, 1, 210, 40.87, 1
2026/08/18 06:23:09.077, 2, 210, 37.17, 1
2026/08/18 06:23:09.086, 3, 210, 36.71, 1
2026/08/18 06:23:09.362, 0, 1410, 216.35, 748
2026/08/18 06:23:09.368, 1, 210, 40.87, 1
2026/08/18 06:23:09.376, 2, 210, 36.80, 1
2026/08/18 06:23:09.385, 3, 210, 36.77, 1
2026/08/18 06:23:09.648, 0, 1650, 218.10, 748
2026/08/18 06:23:09.654, 1, 210, 40.75, 1
2026/08/18 06:23:09.664, 2, 210, 36.80, 1
2026/08/18 06:23:09.673, 3, 210, 36.77, 1
2026/08/18 06:23:09.946, 0, 1455, 221.90, 770
2026/08/18 06:23:09.953, 1, 210, 40.75, 1
2026/08/18 06:23:09.961, 2, 210, 36.80, 1
2026/08/18 06:23:09.970, 3, 210, 36.77, 1
2026/08/18 06:23:10.246, 0, 1455, 221.69, 770
2026/08/18 06:23:10.253, 1, 210, 40.75, 1
2026/08/18 06:23:10.267, 2, 210, 36.80, 1
2026/08/18 06:23:10.276, 3, 210, 36.77, 1
2026/08/18 06:23:10.546, 0, 1455, 221.41, 770
2026/08/18 06:23:10.553, 1, 210, 41.08, 1
2026/08/18 06:23:10.562, 2, 210, 36.99, 1
2026/08/18 06:23:10.571, 3, 210, 36.77, 1
2026/08/18 06:23:10.846, 0, 1425, 225.69, 770
2026/08/18 06:23:10.853, 1, 210, 41.08, 1
2026/08/18 06:23:10.861, 2, 210, 36.99, 1
2026/08/18 06:23:10.870, 3, 210, 36.77, 1
2026/08/18 06:23:11.148, 0, 1440, 229.09, 770
2026/08/18 06:23:11.155, 1, 210, 41.08, 1
2026/08/18 06:23:11.163, 2, 210, 36.99, 1
2026/08/18 06:23:11.172, 3, 210, 36.77, 1
2026/08/18 06:23:11.447, 0, 1440, 228.24, 770
2026/08/18 06:23:11.455, 1, 210, 41.29, 1
2026/08/18 06:23:11.464, 2, 210, 37.38, 1
2026/08/18 06:23:11.474, 3, 210, 36.75, 1
2026/08/18 06:23:11.745, 0, 1395, 227.13, 770
2026/08/18 06:23:11.751, 1, 210, 41.29, 1
2026/08/18 06:23:11.760, 2, 210, 37.38, 1
2026/08/18 06:23:11.768, 3, 210, 36.75, 1
2026/08/18 06:23:12.029, 0, 1650, 226.46, 770
2026/08/18 06:23:12.035, 1, 210, 41.29, 1
2026/08/18 06:23:12.044, 2, 210, 37.38, 1
2026/08/18 06:23:12.052, 3, 210, 36.75, 1
2026/08/18 06:23:12.317, 0, 1650, 222.12, 770
2026/08/18 06:23:12.323, 1, 210, 41.29, 1
2026/08/18 06:23:12.333, 2, 210, 37.38, 1
2026/08/18 06:23:12.343, 3, 210, 36.75, 1
2026/08/18 06:23:12.610, 0, 1650, 217.29, 770
2026/08/18 06:23:12.616, 1, 210, 41.01, 1
2026/08/18 06:23:12.625, 2, 210, 37.09, 1
2026/08/18 06:23:12.633, 3, 210, 36.68, 1
2026/08/18 06:23:12.900, 0, 1650, 213.46, 770
2026/08/18 06:23:12.906, 1, 210, 41.01, 1
2026/08/18 06:23:12.916, 2, 210, 37.09, 1
2026/08/18 06:23:12.926, 3, 210, 36.68, 1
2026/08/18 06:23:13.199, 0, 1395, 220.33, 770
2026/08/18 06:23:13.205, 1, 210, 41.01, 1
2026/08/18 06:23:13.214, 2, 210, 37.09, 1
2026/08/18 06:23:13.222, 3, 210, 36.68, 1
2026/08/18 06:23:13.499, 0, 1365, 226.02, 770
2026/08/18 06:23:13.505, 1, 210, 40.80, 1
2026/08/18 06:23:13.513, 2, 210, 36.78, 1
2026/08/18 06:23:13.522, 3, 210, 36.60, 1
2026/08/18 06:23:13.780, 0, 1320, 227.98, 770
2026/08/18 06:23:13.786, 1, 210, 40.80, 1
2026/08/18 06:23:13.795, 2, 210, 36.78, 1
2026/08/18 06:23:13.803, 3, 210, 36.60, 1
2026/08/18 06:23:14.066, 0, 1380, 230.67, 770
2026/08/18 06:23:14.072, 1, 210, 40.80, 1
2026/08/18 06:23:14.081, 2, 210, 36.78, 1
2026/08/18 06:23:14.090, 3, 210, 36.60, 1
2026/08/18 06:23:14.367, 0, 1650, 221.06, 770
2026/08/18 06:23:14.374, 1, 210, 40.80, 1
2026/08/18 06:23:14.382, 2, 210, 37.11, 1
2026/08/18 06:23:14.391, 3, 210, 36.65, 1
2026/08/18 06:23:14.667, 0, 1650, 214.19, 770
2026/08/18 06:23:14.674, 1, 210, 41.04, 1
2026/08/18 06:23:14.682, 2, 210, 37.11, 1
2026/08/18 06:23:14.691, 3, 210, 36.65, 1
2026/08/18 06:23:14.969, 0, 1455, 213.58, 794
2026/08/18 06:23:14.976, 1, 210, 41.04, 1
2026/08/18 06:23:14.986, 2, 210, 37.11, 1
2026/08/18 06:23:14.995, 3, 210, 36.65, 1
2026/08/18 06:23:15.279, 0, 1455, 216.90, 794
2026/08/18 06:23:15.286, 1, 210, 41.04, 1
2026/08/18 06:23:15.300, 2, 210, 37.11, 1
2026/08/18 06:23:15.308, 3, 210, 36.65, 1
2026/08/18 06:23:15.584, 0, 1425, 224.87, 794
2026/08/18 06:23:15.591, 1, 210, 40.98, 1
2026/08/18 06:23:15.599, 2, 210, 37.46, 1
2026/08/18 06:23:15.608, 3, 210, 36.72, 1
2026/08/18 06:23:15.883, 0, 1425, 227.49, 794
2026/08/18 06:23:15.890, 1, 210, 40.98, 1
2026/08/18 06:23:15.898, 2, 210, 37.46, 1
2026/08/18 06:23:15.907, 3, 210, 36.72, 1
2026/08/18 06:23:16.168, 0, 1440, 228.84, 794
2026/08/18 06:23:16.175, 1, 210, 40.98, 1
2026/08/18 06:23:16.183, 2, 210, 37.46, 1
2026/08/18 06:23:16.192, 3, 210, 36.72, 1
2026/08/18 06:23:16.470, 0, 1455, 228.23, 794
2026/08/18 06:23:16.477, 1, 210, 40.59, 1
2026/08/18 06:23:16.485, 2, 210, 37.51, 1
2026/08/18 06:23:16.494, 3, 210, 36.73, 1
2026/08/18 06:23:16.769, 0, 1395, 227.22, 794
2026/08/18 06:23:16.776, 1, 210, 40.59, 1
2026/08/18 06:23:16.785, 2, 210, 37.51, 1
2026/08/18 06:23:16.793, 3, 210, 36.73, 1
2026/08/18 06:23:17.068, 0, 1425, 229.35, 794
2026/08/18 06:23:17.074, 1, 210, 40.59, 1
2026/08/18 06:23:17.083, 2, 210, 37.51, 1
2026/08/18 06:23:17.092, 3, 210, 36.73, 1
2026/08/18 06:23:17.354, 0, 1440, 229.39, 794
2026/08/18 06:23:17.361, 1, 210, 40.59, 1
2026/08/18 06:23:17.370, 2, 210, 37.49, 1
2026/08/18 06:23:17.380, 3, 210, 36.71, 1
2026/08/18 06:23:17.653, 0, 1425, 228.62, 794
2026/08/18 06:23:17.660, 1, 210, 40.77, 1
2026/08/18 06:23:17.670, 2, 210, 37.49, 1
2026/08/18 06:23:17.678, 3, 210, 36.71, 1
2026/08/18 06:23:17.955, 0, 1395, 229.27, 794
2026/08/18 06:23:17.962, 1, 210, 40.77, 1
2026/08/18 06:23:17.973, 2, 210, 37.49, 1
2026/08/18 06:23:17.983, 3, 210, 36.71, 1
2026/08/18 06:23:18.253, 0, 1425, 229.31, 794
2026/08/18 06:23:18.260, 1, 210, 40.77, 1
2026/08/18 06:23:18.269, 2, 210, 37.49, 1
2026/08/18 06:23:18.278, 3, 210, 36.71, 1
2026/08/18 06:23:18.549, 0, 1440, 229.28, 794
2026/08/18 06:23:18.555, 1, 210, 41.02, 1
2026/08/18 06:23:18.564, 2, 210, 37.43, 1
2026/08/18 06:23:18.572, 3, 210, 36.73, 1
2026/08/18 06:23:18.836, 0, 1410, 229.33, 794
2026/08/18 06:23:18.843, 1, 210, 41.02, 1
2026/08/18 06:23:18.851, 2, 210, 37.43, 1
2026/08/18 06:23:18.860, 3, 210, 36.73, 1
2026/08/18 06:23:19.120, 0, 1605, 228.10, 794
2026/08/18 06:23:19.126, 1, 210, 41.02, 1
2026/08/18 06:23:19.134, 2, 210, 37.43, 1
2026/08/18 06:23:19.143, 3, 210, 36.73, 1
2026/08/18 06:23:19.404, 0, 1650, 227.51, 794
2026/08/18 06:23:19.410, 1, 210, 41.02, 1
2026/08/18 06:23:19.420, 2, 210, 37.34, 1
2026/08/18 06:23:19.430, 3, 210, 36.74, 1
2026/08/18 06:23:19.704, 0, 1650, 227.42, 794
2026/08/18 06:23:19.710, 1, 210, 40.99, 1
2026/08/18 06:23:19.719, 2, 210, 37.34, 1
2026/08/18 06:23:19.727, 3, 210, 36.74, 1
2026/08/18 06:23:20.050, 0, 1620, 227.63, 794
2026/08/18 06:23:20.056, 1, 210, 40.99, 1
2026/08/18 06:23:20.065, 2, 210, 37.34, 1
2026/08/18 06:23:20.073, 3, 210, 36.74, 1
2026/08/18 06:23:20.338, 0, 1650, 229.42, 794
2026/08/18 06:23:20.344, 1, 210, 40.99, 1
2026/08/18 06:23:20.357, 2, 210, 37.34, 1
2026/08/18 06:23:20.366, 3, 210, 36.74, 1
2026/08/18 06:23:20.638, 0, 1650, 229.35, 794
2026/08/18 06:23:20.643, 1, 210, 40.90, 1
2026/08/18 06:23:20.652, 2, 210, 37.12, 1
2026/08/18 06:23:20.661, 3, 210, 36.72, 1
2026/08/18 06:23:20.921, 0, 1530, 229.38, 794
2026/08/18 06:23:20.927, 1, 210, 40.90, 1
2026/08/18 06:23:20.936, 2, 210, 37.12, 1
2026/08/18 06:23:20.944, 3, 210, 36.72, 1
2026/08/18 06:23:21.205, 0, 1350, 229.35, 794
2026/08/18 06:23:21.211, 1, 210, 40.90, 1
2026/08/18 06:23:21.220, 2, 210, 37.12, 1
2026/08/18 06:23:21.229, 3, 210, 36.72, 1
2026/08/18 06:23:21.505, 0, 1365, 229.02, 794
2026/08/18 06:23:21.511, 1, 210, 40.83, 1
2026/08/18 06:23:21.520, 2, 210, 37.08, 1
2026/08/18 06:23:21.528, 3, 210, 36.69, 1
2026/08/18 06:23:21.789, 0, 1380, 229.16, 794
2026/08/18 06:23:21.795, 1, 210, 40.83, 1
2026/08/18 06:23:21.804, 2, 210, 37.08, 1
2026/08/18 06:23:21.812, 3, 210, 36.69, 1
2026/08/18 06:23:22.073, 0, 1350, 227.78, 794
2026/08/18 06:23:22.079, 1, 210, 40.83, 1
2026/08/18 06:23:22.088, 2, 210, 37.08, 1
2026/08/18 06:23:22.096, 3, 210, 36.69, 1
2026/08/18 06:23:22.406, 0, 1365, 228.86, 794
2026/08/18 06:23:22.412, 1, 210, 40.83, 1
2026/08/18 06:23:22.421, 2, 210, 37.29, 1
2026/08/18 06:23:22.430, 3, 210, 36.70, 1
2026/08/18 06:23:22.705, 0, 1380, 229.27, 794
2026/08/18 06:23:22.712, 1, 210, 40.82, 1
2026/08/18 06:23:22.721, 2, 210, 37.29, 1
2026/08/18 06:23:22.729, 3, 210, 36.70, 1
2026/08/18 06:23:22.992, 0, 1380, 229.33, 794
2026/08/18 06:23:22.999, 1, 210, 40.82, 1
2026/08/18 06:23:23.009, 2, 210, 37.29, 1
2026/08/18 06:23:23.018, 3, 210, 36.70, 1
2026/08/18 06:23:23.291, 0, 1545, 227.74, 794
2026/08/18 06:23:23.297, 1, 210, 40.82, 1
2026/08/18 06:23:23.306, 2, 210, 37.29, 1
2026/08/18 06:23:23.314, 3, 210, 36.70, 1
2026/08/18 06:23:23.590, 0, 1650, 221.85, 794
2026/08/18 06:23:23.596, 1, 210, 40.81, 1
2026/08/18 06:23:23.604, 2, 210, 37.44, 1
2026/08/18 06:23:23.613, 3, 210, 36.75, 1
2026/08/18 06:23:23.877, 0, 1650, 215.78, 794
2026/08/18 06:23:23.883, 1, 210, 40.81, 1
2026/08/18 06:23:23.893, 2, 210, 37.44, 1
2026/08/18 06:23:23.902, 3, 210, 36.75, 1
2026/08/18 06:23:24.174, 0, 1650, 209.35, 794
2026/08/18 06:23:24.180, 1, 210, 40.81, 1
2026/08/18 06:23:24.189, 2, 210, 37.44, 1
2026/08/18 06:23:24.197, 3, 210, 36.75, 1
2026/08/18 06:23:24.457, 0, 1650, 208.67, 794
2026/08/18 06:23:24.463, 1, 210, 40.61, 1
2026/08/18 06:23:24.471, 2, 210, 37.43, 1
2026/08/18 06:23:24.480, 3, 210, 36.75, 1
2026/08/18 06:23:24.787, 0, 1650, 188.17, 794
2026/08/18 06:23:24.792, 1, 210, 40.61, 1
2026/08/18 06:23:24.802, 2, 210, 37.43, 1
2026/08/18 06:23:24.811, 3, 210, 36.75, 1
2026/08/18 06:23:25.074, 0, 1650, 162.13, 794
2026/08/18 06:23:25.079, 1, 210, 40.61, 1
2026/08/18 06:23:25.087, 2, 210, 37.43, 1
2026/08/18 06:23:25.096, 3, 210, 36.75, 1
2026/08/18 06:23:25.357, 0, 1650, 136.10, 794
2026/08/18 06:23:25.362, 1, 210, 40.61, 1
2026/08/18 06:23:25.375, 2, 210, 37.42, 1
2026/08/18 06:23:25.384, 3, 210, 36.70, 1
2026/08/18 06:23:25.659, 0, 1650, 127.42, 794
2026/08/18 06:23:25.664, 1, 210, 40.80, 1
2026/08/18 06:23:25.673, 2, 210, 37.42, 1
2026/08/18 06:23:25.682, 3, 210, 36.70, 1
2026/08/18 06:23:25.945, 0, 1650, 112.99, 794
2026/08/18 06:23:25.950, 1, 210, 40.80, 1
2026/08/18 06:23:25.959, 2, 210, 37.42, 1
2026/08/18 06:23:25.967, 3, 210, 36.70, 1
2026/08/18 06:23:26.244, 0, 1650, 113.39, 1
2026/08/18 06:23:26.249, 1, 210, 40.80, 1
2026/08/18 06:23:26.257, 2, 210, 37.42, 1
2026/08/18 06:23:26.266, 3, 210, 36.70, 1
2026/08/18 06:23:26.529, 0, 1650, 113.72, 1
2026/08/18 06:23:26.533, 1, 210, 41.29, 1
2026/08/18 06:23:26.542, 2, 210, 37.48, 1
2026/08/18 06:23:26.550, 3, 210, 36.72, 1
