2026/08/18 01:44:50.728, 0, 1650, 113.78, 1
2026/08/18 01:44:50.733, 1, 1650, 118.36, 1
2026/08/18 01:44:50.737, 2, 1650, 117.36, 1
2026/08/18 01:44:50.742, 3, 1650, 120.15, 1
2026/08/18 01:44:50.970, 0, 1650, 113.12, 1
2026/08/18 01:44:50.974, 1, 1650, 117.35, 1
2026/08/18 01:44:50.979, 2, 1650, 116.52, 1
2026/08/18 01:44:50.983, 3, 1650, 118.82, 1
2026/08/18 01:44:51.212, 0, 1650, 113.32, 1
2026/08/18 01:44:51.217, 1, 1650, 117.93, 1
2026/08/18 01:44:51.221, 2, 1650, 116.73, 1
2026/08/18 01:44:51.226, 3, 1650, 119.27, 1
2026/08/18 01:44:51.462, 0, 1650, 113.32, 1
2026/08/18 01:44:51.467, 1, 1650, 117.93, 1
2026/08/18 01:44:51.471, 2, 1650, 116.73, 1
2026/08/18 01:44:51.476, 3, 1650, 119.27, 1
2026/08/18 01:44:51.719, 0, 1650, 113.32, 1
2026/08/18 01:44:51.727, 1, 1650, 117.93, 1
2026/08/18 01:44:51.734, 2, 1650, 116.73, 1
2026/08/18 01:44:51.740, 3, 1650, 119.27, 1
2026/08/18 01:44:51.998, 0, 1650, 113.32, 1
2026/08/18 01:44:52.005, 1, 1650, 117.93, 1
2026/08/18 01:44:52.012, 2, 1650, 116.73, 1
2026/08/18 01:44:52.019, 3, 1650, 119.27, 1
2026/08/18 01:44:52.283, 0, 375, 74.46, 1
2026/08/18 01:44:52.290, 1, 375, 79.60, 1
2026/08/18 01:44:52.297, 2, 330, 89.99, 1
2026/08/18 01:44:52.304, 3, 1095, 99.56, 1
2026/08/18 01:44:52.567, 0, 375, 74.46, 1
2026/08/18 01:44:52.575, 1, 375, 79.60, 1
2026/08/18 01:44:52.582, 2, 330, 89.99, 1
2026/08/18 01:44:52.589, 3, 1095, 99.56, 1
2026/08/18 01:44:52.875, 0, 375, 74.46, 1
2026/08/18 01:44:52.883, 1, 375, 79.60, 1
2026/08/18 01:44:52.891, 2, 330, 89.99, 1
2026/08/18 01:44:52.898, 3, 1095, 99.56, 1
2026/08/18 01:44:53.169, 0, 375, 56.21, 1
2026/08/18 01:44:53.177, 1, 375, 79.60, 1
2026/08/18 01:44:53.184, 2, 210, 64.32, 1
2026/08/18 01:44:53.190, 3, 990, 79.53, 1
2026/08/18 01:44:53.454, 0, 240, 56.21, 1
2026/08/18 01:44:53.462, 1, 240, 61.64, 1
2026/08/18 01:44:53.470, 2, 210, 64.32, 1
2026/08/18 01:44:53.477, 3, 990, 79.53, 1
2026/08/18 01:44:53.740, 0, 240, 56.21, 1
2026/08/18 01:44:53.749, 1, 240, 61.64, 1
2026/08/18 01:44:53.758, 2, 210, 64.32, 1
2026/08/18 01:44:53.766, 3, 990, 79.53, 1
2026/08/18 01:44:54.032, 0, 240, 56.21, 1
2026/08/18 01:44:54.041, 1, 240, 61.64, 1
2026/08/18 01:44:54.050, 2, 210, 64.32, 1
2026/08/18 01:44:54.058, 3, 990, 79.53, 1
2026/08/18 01:44:54.322, 0, 210, 40.13, 1
2026/08/18 01:44:54.333, 1, 210, 46.45, 1
2026/08/18 01:44:54.342, 2, 210, 40.58, 1
2026/08/18 01:44:54.351, 3, 930, 53.43, 1
2026/08/18 01:44:54.623, 0, 210, 40.13, 1
2026/08/18 01:44:54.632, 1, 210, 46.45, 1
2026/08/18 01:44:54.641, 2, 210, 40.58, 1
2026/08/18 01:44:54.650, 3, 930, 53.43, 1
2026/08/18 01:44:54.922, 0, 210, 40.13, 1
2026/08/18 01:44:54.931, 1, 210, 46.45, 1
2026/08/18 01:44:54.941, 2, 210, 40.58, 1
2026/08/18 01:44:54.949, 3, 930, 53.43, 1
2026/08/18 01:44:55.275, 0, 210, 37.81, 1
2026/08/18 01:44:55.285, 1, 210, 44.93, 1
2026/08/18 01:44:55.295, 2, 210, 39.29, 1
2026/08/18 01:44:55.304, 3, 840, 44.98, 1
2026/08/18 01:44:55.571, 0, 210, 37.81, 1
2026/08/18 01:44:55.581, 1, 210, 44.93, 1
2026/08/18 01:44:55.590, 2, 210, 39.29, 1
2026/08/18 01:44:55.599, 3, 840, 44.98, 1
2026/08/18 01:44:55.872, 0, 210, 37.81, 1
2026/08/18 01:44:55.880, 1, 210, 44.93, 1
2026/08/18 01:44:55.889, 2, 210, 39.29, 1
2026/08/18 01:44:55.897, 3, 840, 44.98, 1
2026/08/18 01:44:56.172, 0, 210, 37.13, 1
2026/08/18 01:44:56.182, 1, 210, 44.93, 1
2026/08/18 01:44:56.190, 2, 210, 38.76, 1
2026/08/18 01:44:56.199, 3, 795, 44.30, 1
2026/08/18 01:44:56.475, 0, 210, 37.13, 1
2026/08/18 01:44:56.484, 1, 210, 44.56, 1
2026/08/18 01:44:56.492, 2, 210, 38.76, 1
2026/08/18 01:44:56.501, 3, 795, 44.30, 1
2026/08/18 01:44:56.773, 0, 210, 37.13, 1
2026/08/18 01:44:56.782, 1, 210, 44.56, 1
2026/08/18 01:44:56.791, 2, 210, 38.76, 1
2026/08/18 01:44:56.800, 3, 795, 44.30, 1
2026/08/18 01:44:57.074, 0, 210, 37.13, 1
2026/08/18 01:44:57.082, 1, 210, 44.56, 1
2026/08/18 01:44:57.092, 2, 210, 38.76, 1
2026/08/18 01:44:57.112, 3, 795, 43.84, 1
2026/08/18 01:44:57.419, 0, 1650, 44.24, 398
2026/08/18 01:44:57.425, 1, 210, 44.53, 1
2026/08/18 01:44:57.434, 2, 210, 38.74, 1
2026/08/18 01:44:57.443, 3, 720, 43.84, 1
2026/08/18 01:44:57.703, 0, 1650, 57.94, 530
2026/08/18 01:44:57.708, 1, 210, 44.53, 1
2026/08/18 01:44:57.716, 2, 210, 38.74, 1
2026/08/18 01:44:57.725, 3, 720, 43.84, 1
2026/08/18 01:44:57.989, 0, 1650, 66.99, 698
2026/08/18 01:44:57.995, 1, 210, 44.53, 1
2026/08/18 01:44:58.003, 2, 210, 38.74, 1
2026/08/18 01:44:58.012, 3, 720, 43.84, 1
2026/08/18 01:44:58.270, 0, 1335, 131.64, 742
2026/08/18 01:44:58.277, 1, 210, 44.42, 1
2026/08/18 01:44:58.286, 2, 210, 38.70, 1
2026/08/18 01:44:58.295, 3, 720, 43.33, 1
2026/08/18 01:44:58.554, 0, 1455, 160.55, 744
2026/08/18 01:44:58.561, 1, 210, 44.42, 1
2026/08/18 01:44:58.569, 2, 210, 38.70, 1
2026/08/18 01:44:58.578, 3, 720, 43.33, 1
2026/08/18 01:44:58.844, 0, 1320, 192.53, 744
2026/08/18 01:44:58.851, 1, 210, 44.42, 1
2026/08/18 01:44:58.861, 2, 210, 38.70, 1
2026/08/18 01:44:58.871, 3, 720, 43.33, 1
2026/08/18 01:44:59.137, 0, 1305, 222.00, 744
2026/08/18 01:44:59.144, 1, 210, 44.42, 1
2026/08/18 01:44:59.153, 2, 210, 38.63, 1
2026/08/18 01:44:59.162, 3, 645, 42.95, 1
2026/08/18 01:44:59.426, 0, 1050, 230.57, 744
2026/08/18 01:44:59.433, 1, 210, 44.43, 1
2026/08/18 01:44:59.441, 2, 210, 38.63, 1
2026/08/18 01:44:59.450, 3, 645, 42.95, 1
2026/08/18 01:44:59.723, 0, 1305, 229.34, 746
2026/08/18 01:44:59.730, 1, 210, 44.43, 1
2026/08/18 01:44:59.738, 2, 210, 38.63, 1
2026/08/18 01:44:59.747, 3, 645, 42.95, 1
2026/08/18 01:45:00.072, 0, 1290, 228.84, 746
2026/08/18 01:45:00.079, 1, 210, 44.43, 1
2026/08/18 01:45:00.087, 2, 210, 38.63, 1
2026/08/18 01:45:00.096, 3, 645, 40.28, 1
2026/08/18 01:45:00.361, 0, 1305, 229.52, 746
2026/08/18 01:45:00.368, 1, 210, 44.44, 1
2026/08/18 01:45:00.376, 2, 210, 38.58, 1
2026/08/18 01:45:00.385, 3, 210, 40.28, 1
2026/08/18 01:45:00.660, 0, 1290, 230.09, 746
2026/08/18 01:45:00.667, 1, 210, 44.44, 1
2026/08/18 01:45:00.676, 2, 210, 38.58, 1
2026/08/18 01:45:00.685, 3, 210, 40.28, 1
2026/08/18 01:45:00.960, 0, 1065, 229.16, 746
2026/08/18 01:45:00.967, 1, 210, 44.44, 1
2026/08/18 01:45:00.975, 2, 210, 38.58, 1
2026/08/18 01:45:00.984, 3, 210, 40.28, 1
2026/08/18 01:45:01.261, 0, 1095, 229.96, 746
2026/08/18 01:45:01.268, 1, 210, 44.33, 1
2026/08/18 01:45:01.276, 2, 210, 38.57, 1
2026/08/18 01:45:01.284, 3, 210, 37.08, 1
2026/08/18 01:45:01.560, 0, 1305, 229.22, 758
2026/08/18 01:45:01.567, 1, 210, 44.33, 1
2026/08/18 01:45:01.575, 2, 210, 38.57, 1
2026/08/18 01:45:01.584, 3, 210, 37.08, 1
2026/08/18 01:45:01.845, 0, 1275, 229.65, 758
2026/08/18 01:45:01.853, 1, 210, 44.33, 1
2026/08/18 01:45:01.862, 2, 210, 38.57, 1
2026/08/18 01:45:01.872, 3, 210, 37.08, 1
2026/08/18 01:45:02.146, 0, 1290, 229.40, 758
2026/08/18 01:45:02.153, 1, 210, 44.33, 1
2026/08/18 01:45:02.163, 2, 210, 38.55, 1
2026/08/18 01:45:02.172, 3, 210, 36.42, 1
2026/08/18 01:45:02.447, 0, 1290, 229.60, 758
2026/08/18 01:45:02.453, 1, 210, 44.22, 1
2026/08/18 01:45:02.462, 2, 210, 38.55, 1
2026/08/18 01:45:02.470, 3, 210, 36.42, 1
2026/08/18 01:45:02.745, 0, 1290, 230.17, 758
2026/08/18 01:45:02.751, 1, 210, 44.22, 1
2026/08/18 01:45:02.760, 2, 210, 38.55, 1
2026/08/18 01:45:02.768, 3, 210, 36.42, 1
2026/08/18 01:45:03.029, 0, 1275, 229.26, 758
2026/08/18 01:45:03.035, 1, 210, 44.22, 1
2026/08/18 01:45:03.044, 2, 210, 38.55, 1
2026/08/18 01:45:03.053, 3, 210, 36.42, 1
2026/08/18 01:45:03.328, 0, 1275, 229.64, 758
2026/08/18 01:45:03.335, 1, 210, 44.25, 1
2026/08/18 01:45:03.344, 2, 210, 38.56, 1
2026/08/18 01:45:03.352, 3, 210, 36.42, 1
2026/08/18 01:45:03.610, 0, 1290, 230.13, 758
2026/08/18 01:45:03.617, 1, 210, 44.25, 1
2026/08/18 01:45:03.625, 2, 210, 38.56, 1
2026/08/18 01:45:03.634, 3, 210, 36.42, 1
2026/08/18 01:45:03.896, 0, 1065, 229.57, 758
2026/08/18 01:45:03.903, 1, 210, 44.25, 1
2026/08/18 01:45:03.911, 2, 210, 38.56, 1
2026/08/18 01:45:03.920, 3, 210, 36.42, 1
2026/08/18 01:45:04.197, 0, 1065, 229.99, 758
2026/08/18 01:45:04.203, 1, 210, 44.24, 1
2026/08/18 01:45:04.212, 2, 210, 38.56, 1
2026/08/18 01:45:04.221, 3, 210, 36.43, 1
2026/08/18 01:45:04.497, 0, 1095, 230.05, 758
2026/08/18 01:45:04.503, 1, 210, 44.24, 1
2026/08/18 01:45:04.512, 2, 210, 38.56, 1
2026/08/18 01:45:04.521, 3, 210, 36.43, 1
2026/08/18 01:45:04.815, 0, 1065, 229.76, 758
2026/08/18 01:45:04.822, 1, 210, 44.24, 1
2026/08/18 01:45:04.832, 2, 210, 38.56, 1
2026/08/18 01:45:04.841, 3, 210, 36.43, 1
2026/08/18 01:45:05.115, 0, 1080, 229.72, 758
2026/08/18 01:45:05.122, 1, 210, 44.24, 1
2026/08/18 01:45:05.132, 2, 210, 38.54, 1
2026/08/18 01:45:05.142, 3, 210, 36.44, 1
2026/08/18 01:45:05.413, 0, 1305, 229.03, 768
2026/08/18 01:45:05.420, 1, 210, 44.32, 1
2026/08/18 01:45:05.429, 2, 210, 38.54, 1
2026/08/18 01:45:05.437, 3, 210, 36.44, 1
2026/08/18 01:45:05.697, 0, 1305, 229.30, 768
2026/08/18 01:45:05.704, 1, 210, 44.32, 1
2026/08/18 01:45:05.712, 2, 210, 38.54, 1
2026/08/18 01:45:05.721, 3, 210, 36.44, 1
2026/08/18 01:45:05.999, 0, 1290, 229.67, 768
2026/08/18 01:45:06.005, 1, 210, 44.32, 1
2026/08/18 01:45:06.014, 2, 210, 38.54, 1
2026/08/18 01:45:06.022, 3, 210, 36.44, 1
2026/08/18 01:45:06.297, 0, 1275, 229.23, 768
2026/08/18 01:45:06.304, 1, 210, 44.48, 1
2026/08/18 01:45:06.313, 2, 210, 38.53, 1
2026/08/18 01:45:06.322, 3, 210, 36.43, 1
2026/08/18 01:45:06.599, 0, 1305, 229.72, 768
2026/08/18 01:45:06.606, 1, 210, 44.48, 1
2026/08/18 01:45:06.614, 2, 210, 38.53, 1
2026/08/18 01:45:06.623, 3, 210, 36.43, 1
2026/08/18 01:45:06.898, 0, 1290, 229.73, 768
2026/08/18 01:45:06.904, 1, 210, 44.48, 1
2026/08/18 01:45:06.913, 2, 210, 38.53, 1
2026/08/18 01:45:06.922, 3, 210, 36.43, 1
2026/08/18 01:45:07.178, 0, 1275, 229.28, 768
2026/08/18 01:45:07.184, 1, 210, 44.48, 1
2026/08/18 01:45:07.193, 2, 210, 38.52, 1
2026/08/18 01:45:07.201, 3, 210, 36.39, 1
2026/08/18 01:45:07.465, 0, 1290, 229.67, 768
2026/08/18 01:45:07.472, 1, 210, 44.40, 1
2026/08/18 01:45:07.481, 2, 210, 38.52, 1
2026/08/18 01:45:07.489, 3, 210, 36.39, 1
2026/08/18 01:45:07.749, 0, 1305, 229.76, 768
2026/08/18 01:45:07.756, 1, 210, 44.40, 1
2026/08/18 01:45:07.764, 2, 210, 38.52, 1
2026/08/18 01:45:07.773, 3, 210, 36.39, 1
2026/08/18 01:45:08.050, 0, 1275, 229.70, 768
2026/08/18 01:45:08.057, 1, 210, 44.40, 1
2026/08/18 01:45:08.065, 2, 210, 38.52, 1
2026/08/18 01:45:08.074, 3, 210, 36.39, 1
2026/08/18 01:45:08.349, 0, 1290, 229.39, 768
2026/08/18 01:45:08.356, 1, 210, 44.33, 1
2026/08/18 01:45:08.365, 2, 210, 38.51, 1
2026/08/18 01:45:08.373, 3, 210, 36.38, 1
2026/08/18 01:45:08.650, 0, 1290, 229.87, 768
2026/08/18 01:45:08.657, 1, 210, 44.33, 1
2026/08/18 01:45:08.665, 2, 210, 38.51, 1
2026/08/18 01:45:08.674, 3, 210, 36.38, 1
2026/08/18 01:45:08.950, 0, 1275, 229.93, 768
2026/08/18 01:45:08.957, 1, 210, 44.33, 1
2026/08/18 01:45:08.966, 2, 210, 38.51, 1
2026/08/18 01:45:08.974, 3, 210, 36.38, 1
2026/08/18 01:45:09.250, 0, 1290, 229.40, 768
2026/08/18 01:45:09.257, 1, 210, 44.20, 1
2026/08/18 01:45:09.266, 2, 210, 38.51, 1
2026/08/18 01:45:09.275, 3, 210, 36.41, 1
2026/08/18 01:45:09.579, 0, 1290, 229.95, 768
2026/08/18 01:45:09.586, 1, 210, 44.20, 1
2026/08/18 01:45:09.594, 2, 210, 38.51, 1
2026/08/18 01:45:09.603, 3, 210, 36.41, 1
2026/08/18 01:45:09.863, 0, 1290, 229.88, 768
2026/08/18 01:45:09.870, 1, 210, 44.20, 1
2026/08/18 01:45:09.879, 2, 210, 38.51, 1
2026/08/18 01:45:09.888, 3, 210, 36.41, 1
2026/08/18 01:45:10.151, 0, 1050, 229.69, 768
2026/08/18 01:45:10.158, 1, 210, 44.20, 1
2026/08/18 01:45:10.167, 2, 210, 38.51, 1
2026/08/18 01:45:10.175, 3, 210, 36.44, 1
2026/08/18 01:45:10.451, 0, 1080, 229.91, 768
2026/08/18 01:45:10.458, 1, 210, 44.01, 1
2026/08/18 01:45:10.468, 2, 210, 38.51, 1
2026/08/18 01:45:10.477, 3, 210, 36.44, 1
2026/08/18 01:45:10.754, 0, 1080, 229.85, 768
2026/08/18 01:45:10.761, 1, 210, 44.01, 1
2026/08/18 01:45:10.775, 2, 210, 38.51, 1
2026/08/18 01:45:10.784, 3, 210, 36.44, 1
2026/08/18 01:45:11.054, 0, 1050, 229.52, 768
2026/08/18 01:45:11.061, 1, 210, 44.01, 1
2026/08/18 01:45:11.071, 2, 210, 38.51, 1
2026/08/18 01:45:11.081, 3, 210, 36.46, 1
2026/08/18 01:45:11.352, 0, 1065, 229.73, 768
2026/08/18 01:45:11.359, 1, 210, 44.04, 1
2026/08/18 01:45:11.367, 2, 210, 38.51, 1
2026/08/18 01:45:11.376, 3, 210, 36.46, 1
2026/08/18 01:45:11.652, 0, 1080, 229.91, 768
2026/08/18 01:45:11.659, 1, 210, 44.04, 1
2026/08/18 01:45:11.668, 2, 210, 38.51, 1
2026/08/18 01:45:11.676, 3, 210, 36.46, 1
2026/08/18 01:45:11.998, 0, 1035, 229.74, 768
2026/08/18 01:45:12.005, 1, 210, 44.04, 1
2026/08/18 01:45:12.014, 2, 210, 38.51, 1
2026/08/18 01:45:12.022, 3, 210, 36.46, 1
2026/08/18 01:45:12.287, 0, 1050, 229.63, 768
2026/08/18 01:45:12.294, 1, 210, 44.04, 1
2026/08/18 01:45:12.302, 2, 210, 38.51, 1
2026/08/18 01:45:12.311, 3, 210, 36.45, 1
2026/08/18 01:45:12.582, 0, 1065, 229.88, 768
2026/08/18 01:45:12.589, 1, 210, 44.04, 1
2026/08/18 01:45:12.598, 2, 210, 38.51, 1
2026/08/18 01:45:12.606, 3, 210, 36.45, 1
2026/08/18 01:45:12.871, 0, 1065, 229.88, 768
2026/08/18 01:45:12.878, 1, 210, 44.04, 1
2026/08/18 01:45:12.886, 2, 210, 38.51, 1
2026/08/18 01:45:12.895, 3, 210, 36.45, 1
2026/08/18 01:45:13.169, 0, 1440, 227.54, 744
2026/08/18 01:45:13.176, 1, 210, 44.04, 1
2026/08/18 01:45:13.185, 2, 210, 38.51, 1
2026/08/18 01:45:13.193, 3, 210, 36.44, 1
2026/08/18 01:45:13.454, 0, 1425, 228.82, 744
2026/08/18 01:45:13.461, 1, 210, 43.95, 1
2026/08/18 01:45:13.470, 2, 210, 38.51, 1
2026/08/18 01:45:13.478, 3, 210, 36.44, 1
2026/08/18 01:45:13.754, 0, 1440, 228.60, 744
2026/08/18 01:45:13.760, 1, 210, 43.95, 1
2026/08/18 01:45:13.769, 2, 210, 38.51, 1
2026/08/18 01:45:13.777, 3, 210, 36.44, 1
2026/08/18 01:45:14.055, 0, 1350, 227.52, 744
2026/08/18 01:45:14.061, 1, 210, 43.95, 1
2026/08/18 01:45:14.070, 2, 210, 38.51, 1
2026/08/18 01:45:14.078, 3, 210, 36.41, 1
2026/08/18 01:45:14.400, 0, 1425, 229.17, 746
2026/08/18 01:45:14.407, 1, 210, 44.00, 1
2026/08/18 01:45:14.415, 2, 210, 38.52, 1
2026/08/18 01:45:14.424, 3, 210, 36.41, 1
2026/08/18 01:45:14.687, 0, 1440, 228.70, 746
2026/08/18 01:45:14.694, 1, 210, 44.00, 1
2026/08/18 01:45:14.702, 2, 210, 38.52, 1
2026/08/18 01:45:14.711, 3, 210, 36.41, 1
2026/08/18 01:45:14.971, 0, 1410, 228.84, 746
2026/08/18 01:45:14.978, 1, 210, 44.00, 1
2026/08/18 01:45:14.986, 2, 210, 38.52, 1
2026/08/18 01:45:14.995, 3, 210, 36.41, 1
2026/08/18 01:45:15.257, 0, 1410, 229.64, 746
2026/08/18 01:45:15.264, 1, 210, 44.20, 1
2026/08/18 01:45:15.273, 2, 210, 38.53, 1
2026/08/18 01:45:15.283, 3, 690, 38.30, 1
2026/08/18 01:45:15.555, 0, 1350, 229.55, 746
2026/08/18 01:45:15.562, 1, 210, 44.20, 1
2026/08/18 01:45:15.570, 2, 210, 38.53, 1
2026/08/18 01:45:15.579, 3, 690, 38.30, 1
2026/08/18 01:45:15.856, 0, 1380, 228.93, 746
2026/08/18 01:45:15.862, 1, 210, 44.20, 1
2026/08/18 01:45:15.871, 2, 210, 38.53, 1
2026/08/18 01:45:15.879, 3, 690, 38.30, 1
2026/08/18 01:45:16.141, 0, 1425, 228.82, 758
2026/08/18 01:45:16.148, 1, 210, 44.20, 1
2026/08/18 01:45:16.158, 2, 210, 38.52, 1
2026/08/18 01:45:16.166, 3, 690, 41.51, 1
2026/08/18 01:45:16.435, 0, 1410, 229.74, 758
2026/08/18 01:45:16.442, 1, 210, 44.26, 1
2026/08/18 01:45:16.451, 2, 210, 38.52, 1
2026/08/18 01:45:16.459, 3, 690, 41.51, 1
2026/08/18 01:45:16.755, 0, 1410, 229.80, 758
2026/08/18 01:45:16.786, 1, 210, 44.26, 1
2026/08/18 01:45:16.796, 2, 210, 38.52, 1
2026/08/18 01:45:16.805, 3, 690, 41.51, 1
2026/08/18 01:45:17.073, 0, 1410, 229.57, 758
2026/08/18 01:45:17.079, 1, 210, 44.26, 1
2026/08/18 01:45:17.088, 2, 210, 38.52, 1
2026/08/18 01:45:17.096, 3, 690, 40.33, 1
2026/08/18 01:45:17.359, 0, 1425, 229.23, 758
2026/08/18 01:45:17.365, 1, 210, 44.15, 1
2026/08/18 01:45:17.374, 2, 210, 38.50, 1
2026/08/18 01:45:17.383, 3, 210, 40.33, 1
2026/08/18 01:45:17.658, 0, 1410, 229.65, 758
2026/08/18 01:45:17.665, 1, 210, 44.15, 1
2026/08/18 01:45:17.675, 2, 210, 38.50, 1
2026/08/18 01:45:17.684, 3, 210, 40.33, 1
2026/08/18 01:45:17.956, 0, 1410, 229.58, 758
2026/08/18 01:45:17.963, 1, 210, 44.15, 1
2026/08/18 01:45:17.972, 2, 210, 38.50, 1
2026/08/18 01:45:17.980, 3, 210, 40.33, 1
2026/08/18 01:45:18.241, 0, 1350, 229.80, 758
2026/08/18 01:45:18.247, 1, 210, 44.03, 1
2026/08/18 01:45:18.256, 2, 210, 38.46, 1
2026/08/18 01:45:18.264, 3, 210, 37.13, 1
2026/08/18 01:45:18.520, 0, 1365, 229.26, 758
2026/08/18 01:45:18.527, 1, 210, 44.03, 1
2026/08/18 01:45:18.536, 2, 210, 38.46, 1
2026/08/18 01:45:18.545, 3, 210, 37.13, 1
2026/08/18 01:45:18.808, 0, 1365, 229.17, 758
2026/08/18 01:45:18.814, 1, 210, 44.03, 1
2026/08/18 01:45:18.823, 2, 210, 38.46, 1
2026/08/18 01:45:18.832, 3, 210, 37.13, 1
2026/08/18 01:45:19.124, 0, 1350, 229.81, 758
2026/08/18 01:45:19.144, 1, 210, 44.03, 1
2026/08/18 01:45:19.173, 2, 210, 38.44, 1
2026/08/18 01:45:19.191, 3, 210, 36.42, 1
2026/08/18 01:45:19.458, 0, 1410, 229.28, 770
2026/08/18 01:45:19.465, 1, 210, 44.10, 1
2026/08/18 01:45:19.474, 2, 210, 38.44, 1
2026/08/18 01:45:19.482, 3, 210, 36.42, 1
2026/08/18 01:45:19.759, 0, 1425, 229.44, 770
2026/08/18 01:45:19.766, 1, 210, 44.10, 1
2026/08/18 01:45:19.775, 2, 210, 38.44, 1
2026/08/18 01:45:19.783, 3, 210, 36.42, 1
2026/08/18 01:45:20.059, 0, 1425, 229.59, 770
2026/08/18 01:45:20.066, 1, 210, 44.10, 1
2026/08/18 01:45:20.075, 2, 210, 38.44, 1
2026/08/18 01:45:20.083, 3, 210, 36.47, 1
2026/08/18 01:45:20.359, 0, 1395, 229.50, 770
2026/08/18 01:45:20.366, 1, 210, 44.31, 1
2026/08/18 01:45:20.374, 2, 210, 38.45, 1
2026/08/18 01:45:20.383, 3, 210, 36.47, 1
2026/08/18 01:45:20.660, 0, 1410, 229.45, 770
2026/08/18 01:45:20.667, 1, 210, 44.31, 1
2026/08/18 01:45:20.675, 2, 210, 38.45, 1
2026/08/18 01:45:20.684, 3, 210, 36.47, 1
2026/08/18 01:45:20.960, 0, 1425, 229.51, 770
2026/08/18 01:45:20.967, 1, 210, 44.31, 1
2026/08/18 01:45:20.976, 2, 210, 38.45, 1
2026/08/18 01:45:20.985, 3, 210, 36.47, 1
2026/08/18 01:45:21.261, 0, 1395, 229.44, 770
2026/08/18 01:45:21.268, 1, 210, 44.39, 1
2026/08/18 01:45:21.276, 2, 210, 38.45, 1
2026/08/18 01:45:21.285, 3, 210, 36.50, 1
2026/08/18 01:45:21.567, 0, 1410, 229.58, 770
2026/08/18 01:45:21.574, 1, 210, 44.39, 1
2026/08/18 01:45:21.587, 2, 210, 38.45, 1
2026/08/18 01:45:21.597, 3, 210, 36.50, 1
2026/08/18 01:45:21.877, 0, 1410, 229.43, 770
2026/08/18 01:45:21.884, 1, 210, 44.39, 1
2026/08/18 01:45:21.893, 2, 210, 38.45, 1
2026/08/18 01:45:21.901, 3, 210, 36.50, 1
2026/08/18 01:45:22.179, 0, 1425, 229.19, 770
2026/08/18 01:45:22.185, 1, 210, 44.35, 1
2026/08/18 01:45:22.195, 2, 210, 38.46, 1
2026/08/18 01:45:22.205, 3, 210, 36.52, 1
2026/08/18 01:45:22.473, 0, 1410, 229.59, 770
2026/08/18 01:45:22.480, 1, 210, 44.35, 1
2026/08/18 01:45:22.489, 2, 210, 38.46, 1
2026/08/18 01:45:22.497, 3, 210, 36.52, 1
2026/08/18 01:45:22.759, 0, 1410, 229.76, 770
2026/08/18 01:45:22.766, 1, 210, 44.35, 1
2026/08/18 01:45:22.774, 2, 210, 38.46, 1
2026/08/18 01:45:22.783, 3, 210, 36.52, 1
2026/08/18 01:45:23.044, 0, 1410, 229.69, 770
2026/08/18 01:45:23.051, 1, 210, 44.35, 1
2026/08/18 01:45:23.060, 2, 210, 38.46, 1
2026/08/18 01:45:23.068, 3, 210, 36.52, 1
2026/08/18 01:45:23.346, 0, 1425, 229.33, 770
2026/08/18 01:45:23.353, 1, 210, 44.31, 1
2026/08/18 01:45:23.361, 2, 210, 38.49, 1
2026/08/18 01:45:23.370, 3, 210, 36.53, 1
2026/08/18 01:45:23.644, 0, 1350, 229.87, 770
2026/08/18 01:45:23.651, 1, 210, 44.31, 1
2026/08/18 01:45:23.660, 2, 210, 38.49, 1
2026/08/18 01:45:23.669, 3, 210, 36.53, 1
2026/08/18 01:45:23.929, 0, 1350, 229.53, 770
2026/08/18 01:45:23.936, 1, 210, 44.31, 1
2026/08/18 01:45:23.945, 2, 210, 38.49, 1
2026/08/18 01:45:23.953, 3, 210, 36.53, 1
2026/08/18 01:45:24.230, 0, 1365, 229.23, 770
2026/08/18 01:45:24.237, 1, 210, 44.31, 1
2026/08/18 01:45:24.245, 2, 210, 38.47, 1
2026/08/18 01:45:24.254, 3, 210, 36.53, 1
2026/08/18 01:45:24.527, 0, 1365, 229.54, 770
2026/08/18 01:45:24.534, 1, 210, 44.31, 1
2026/08/18 01:45:24.542, 2, 210, 38.47, 1
2026/08/18 01:45:24.551, 3, 210, 36.53, 1
2026/08/18 01:45:24.812, 0, 1350, 229.25, 770
2026/08/18 01:45:24.819, 1, 210, 44.31, 1
2026/08/18 01:45:24.828, 2, 210, 38.47, 1
2026/08/18 01:45:24.836, 3, 210, 36.53, 1
2026/08/18 01:45:25.097, 0, 1365, 229.03, 770
2026/08/18 01:45:25.104, 1, 210, 44.31, 1
2026/08/18 01:45:25.112, 2, 210, 38.45, 1
2026/08/18 01:45:25.121, 3, 210, 36.52, 1
2026/08/18 01:45:25.396, 0, 1365, 229.66, 770
2026/08/18 01:45:25.402, 1, 210, 44.18, 1
2026/08/18 01:45:25.411, 2, 210, 38.45, 1
2026/08/18 01:45:25.419, 3, 210, 36.52, 1
2026/08/18 01:45:25.681, 0, 1350, 229.52, 770
2026/08/18 01:45:25.687, 1, 210, 44.18, 1
2026/08/18 01:45:25.696, 2, 210, 38.45, 1
2026/08/18 01:45:25.705, 3, 210, 36.52, 1
2026/08/18 01:45:25.981, 0, 1650, 219.60, 770
2026/08/18 01:45:25.986, 1, 210, 44.18, 1
2026/08/18 01:45:25.994, 2, 210, 38.45, 1
2026/08/18 01:45:26.003, 3, 210, 36.52, 1
2026/08/18 01:45:26.265, 0, 1650, 188.42, 770
2026/08/18 01:45:26.270, 1, 210, 44.07, 1
2026/08/18 01:45:26.279, 2, 210, 38.45, 1
2026/08/18 01:45:26.287, 3, 210, 36.51, 1
2026/08/18 01:45:26.565, 0, 1650, 156.59, 770
2026/08/18 01:45:26.571, 1, 210, 44.07, 1
2026/08/18 01:45:26.581, 2, 210, 38.45, 1
2026/08/18 01:45:26.590, 3, 210, 36.51, 1
2026/08/18 01:45:26.865, 0, 1650, 125.16, 770
2026/08/18 01:45:26.870, 1, 210, 44.07, 1
2026/08/18 01:45:26.879, 2, 210, 38.45, 1
2026/08/18 01:45:26.889, 3, 210, 36.51, 1
2026/08/18 01:45:27.175, 0, 1650, 114.27, 770
2026/08/18 01:45:27.181, 1, 210, 44.17, 1
2026/08/18 01:45:27.189, 2, 210, 38.45, 1
2026/08/18 01:45:27.198, 3, 210, 36.51, 1
2026/08/18 01:45:27.465, 0, 1650, 114.69, 1
2026/08/18 01:45:27.470, 1, 210, 44.17, 1
2026/08/18 01:45:27.478, 2, 210, 38.45, 1
2026/08/18 01:45:27.487, 3, 210, 36.51, 1
2026/08/18 01:45:27.748, 0, 1650, 114.90, 1
2026/08/18 01:45:27.752, 1, 210, 44.17, 1
2026/08/18 01:45:27.761, 2, 210, 38.45, 1
2026/08/18 01:45:27.769, 3, 210, 36.51, 1
2026/08/18 01:45:28.048, 0, 1650, 115.04, 1
2026/08/18 01:45:28.053, 1, 210, 44.17, 1
2026/08/18 01:45:28.061, 2, 210, 38.45, 1
2026/08/18 01:45:28.070, 3, 210, 36.51, 1
2026/08/18 01:45:28.334, 0, 1650, 115.14, 1
2026/08/18 01:45:28.342, 1, 210, 44.23, 1
2026/08/18 01:45:28.351, 2, 210, 38.44, 1
2026/08/18 01:45:28.361, 3, 210, 36.52, 1
2026/08/18 01:45:28.633, 0, 1650, 115.14, 1
2026/08/18 01:45:28.640, 1, 210, 44.23, 1
2026/08/18 01:45:28.649, 2, 210, 38.44, 1
2026/08/18 01:45:28.657, 3, 210, 36.52, 1
2026/08/18 01:45:28.944, 0, 1650, 115.14, 1
2026/08/18 01:45:28.952, 1, 210, 44.23, 1
2026/08/18 01:45:28.962, 2, 210, 38.44, 1
2026/08/18 01:45:28.970, 3, 210, 36.52, 1
2026/08/18 01:45:29.235, 0, 1650, 115.14, 1
2026/08/18 01:45:29.243, 1, 210, 44.15, 1
2026/08/18 01:45:29.251, 2, 210, 38.47, 1
2026/08/18 01:45:29.260, 3, 210, 36.52, 1
2026/08/18 01:45:29.533, 0, 360, 55.86, 1
2026/08/18 01:45:29.540, 1, 210, 44.15, 1
2026/08/18 01:45:29.549, 2, 210, 38.47, 1
2026/08/18 01:45:29.557, 3, 210, 36.52, 1
2026/08/18 01:45:29.834, 0, 360, 55.86, 1
2026/08/18 01:45:29.841, 1, 210, 44.15, 1
2026/08/18 01:45:29.849, 2, 210, 38.47, 1
2026/08/18 01:45:29.858, 3, 210, 36.52, 1
2026/08/18 01:45:30.136, 0, 360, 55.86, 1
2026/08/18 01:45:30.147, 1, 210, 44.15, 1
2026/08/18 01:45:30.156, 2, 210, 38.51, 1
2026/08/18 01:45:30.165, 3, 210, 36.53, 1
2026/08/18 01:45:30.434, 0, 225, 45.79, 1
2026/08/18 01:45:30.443, 1, 210, 44.09, 1
2026/08/18 01:45:30.452, 2, 210, 38.51, 1
2026/08/18 01:45:30.460, 3, 210, 36.53, 1
2026/08/18 01:45:30.735, 0, 225, 45.79, 1
2026/08/18 01:45:30.744, 1, 210, 44.09, 1
2026/08/18 01:45:30.752, 2, 210, 38.51, 1
2026/08/18 01:45:30.761, 3, 210, 36.53, 1
2026/08/18 01:45:31.036, 0, 225, 45.79, 1
2026/08/18 01:45:31.045, 1, 210, 44.09, 1
2026/08/18 01:45:31.058, 2, 210, 38.51, 1
2026/08/18 01:45:31.067, 3, 210, 36.53, 1
2026/08/18 01:45:31.380, 0, 210, 39.76, 1
2026/08/18 01:45:31.390, 1, 210, 44.11, 1
2026/08/18 01:45:31.398, 2, 210, 38.52, 1
2026/08/18 01:45:31.407, 3, 210, 36.56, 1
2026/08/18 01:45:31.669, 0, 210, 39.76, 1
2026/08/18 01:45:31.679, 1, 210, 44.11, 1
2026/08/18 01:45:31.687, 2, 210, 38.52, 1
2026/08/18 01:45:31.696, 3, 210, 36.56, 1
2026/08/18 01:45:32.071, 0, 1650, 38.09, 19
2026/08/18 01:45:32.076, 1, 210, 44.11, 1
2026/08/18 01:45:32.089, 2, 210, 38.52, 1
2026/08/18 01:45:32.102, 3, 210, 36.56, 1
2026/08/18 01:45:32.388, 0, 1650, 58.85, 530
2026/08/18 01:45:32.393, 1, 210, 44.12, 1
2026/08/18 01:45:32.401, 2, 210, 38.50, 1
2026/08/18 01:45:32.410, 3, 210, 36.56, 1
2026/08/18 01:45:32.680, 0, 1650, 70.40, 530
2026/08/18 01:45:32.685, 1, 210, 44.12, 1
2026/08/18 01:45:32.693, 2, 210, 38.50, 1
2026/08/18 01:45:32.702, 3, 210, 36.56, 1
2026/08/18 01:45:32.972, 0, 1650, 77.86, 530
2026/08/18 01:45:32.976, 1, 210, 44.12, 1
2026/08/18 01:45:32.985, 2, 210, 38.50, 1
2026/08/18 01:45:32.993, 3, 210, 36.56, 1
2026/08/18 01:45:33.272, 0, 1335, 127.63, 742
2026/08/18 01:45:33.279, 1, 210, 44.21, 1
2026/08/18 01:45:33.288, 2, 210, 38.44, 1
2026/08/18 01:45:33.296, 3, 210, 36.55, 1
2026/08/18 01:45:33.585, 0, 1305, 161.68, 744
2026/08/18 01:45:33.629, 1, 210, 44.21, 1
2026/08/18 01:45:33.640, 2, 210, 38.44, 1
2026/08/18 01:45:33.649, 3, 210, 36.55, 1
2026/08/18 01:45:33.921, 0, 1320, 193.53, 744
2026/08/18 01:45:33.928, 1, 210, 44.21, 1
2026/08/18 01:45:33.936, 2, 210, 38.44, 1
2026/08/18 01:45:33.945, 3, 210, 36.55, 1
2026/08/18 01:45:34.219, 0, 1290, 222.96, 744
2026/08/18 01:45:34.226, 1, 210, 44.15, 1
2026/08/18 01:45:34.235, 2, 210, 38.39, 1
2026/08/18 01:45:34.244, 3, 690, 37.79, 1
2026/08/18 01:45:34.506, 0, 1020, 230.53, 744
2026/08/18 01:45:34.513, 1, 210, 44.15, 1
2026/08/18 01:45:34.523, 2, 210, 38.39, 1
2026/08/18 01:45:34.532, 3, 690, 37.79, 1
2026/08/18 01:45:34.803, 0, 1290, 229.15, 746
2026/08/18 01:45:34.810, 1, 210, 44.15, 1
2026/08/18 01:45:34.818, 2, 210, 38.39, 1
2026/08/18 01:45:34.826, 3, 690, 37.79, 1
2026/08/18 01:45:35.086, 0, 1245, 227.35, 746
2026/08/18 01:45:35.093, 1, 210, 44.15, 1
2026/08/18 01:45:35.101, 2, 210, 38.37, 1
2026/08/18 01:45:35.110, 3, 690, 41.03, 1
2026/08/18 01:45:35.371, 0, 1290, 229.71, 746
2026/08/18 01:45:35.378, 1, 210, 43.97, 1
2026/08/18 01:45:35.386, 2, 210, 38.37, 1
2026/08/18 01:45:35.395, 3, 690, 41.03, 1
2026/08/18 01:45:35.655, 0, 1290, 229.03, 746
2026/08/18 01:45:35.662, 1, 210, 43.97, 1
2026/08/18 01:45:35.672, 2, 210, 38.37, 1
2026/08/18 01:45:35.681, 3, 690, 41.03, 1
2026/08/18 01:45:35.967, 0, 1050, 230.44, 746
2026/08/18 01:45:35.996, 1, 210, 43.97, 1
2026/08/18 01:45:36.020, 2, 210, 38.37, 1
2026/08/18 01:45:36.030, 3, 690, 41.03, 1
2026/08/18 01:45:36.289, 0, 1080, 229.98, 746
2026/08/18 01:45:36.296, 1, 210, 43.94, 1
2026/08/18 01:45:36.304, 2, 210, 38.37, 1
2026/08/18 01:45:36.313, 3, 690, 41.25, 1
2026/08/18 01:45:36.588, 0, 1245, 228.92, 758
2026/08/18 01:45:36.595, 1, 210, 43.94, 1
2026/08/18 01:45:36.603, 2, 210, 38.37, 1
2026/08/18 01:45:36.612, 3, 690, 41.25, 1
2026/08/18 01:45:36.872, 0, 1275, 229.59, 758
2026/08/18 01:45:36.879, 1, 210, 43.94, 1
2026/08/18 01:45:36.888, 2, 210, 38.37, 1
2026/08/18 01:45:36.897, 3, 690, 41.25, 1
2026/08/18 01:45:37.172, 0, 1275, 229.49, 758
2026/08/18 01:45:37.178, 1, 210, 43.94, 1
2026/08/18 01:45:37.187, 2, 210, 38.34, 1
2026/08/18 01:45:37.195, 3, 690, 41.28, 1
2026/08/18 01:45:37.457, 0, 1260, 229.45, 758
2026/08/18 01:45:37.464, 1, 210, 43.94, 1
2026/08/18 01:45:37.473, 2, 210, 38.34, 1
2026/08/18 01:45:37.482, 3, 690, 41.28, 1
2026/08/18 01:45:37.756, 0, 1290, 230.04, 758
2026/08/18 01:45:37.763, 1, 210, 43.94, 1
2026/08/18 01:45:37.771, 2, 210, 38.34, 1
2026/08/18 01:45:37.780, 3, 690, 41.28, 1
2026/08/18 01:45:38.039, 0, 1275, 229.52, 758
2026/08/18 01:45:38.046, 1, 210, 43.94, 1
2026/08/18 01:45:38.054, 2, 210, 38.34, 1
2026/08/18 01:45:38.063, 3, 690, 41.28, 1
2026/08/18 01:45:38.337, 0, 1275, 229.79, 758
2026/08/18 01:45:38.354, 1, 210, 43.95, 1
2026/08/18 01:45:38.381, 2, 210, 38.31, 1
2026/08/18 01:45:38.405, 3, 210, 42.64, 1
2026/08/18 01:45:38.675, 0, 1275, 229.92, 758
2026/08/18 01:45:38.681, 1, 210, 43.95, 1
2026/08/18 01:45:38.690, 2, 210, 38.31, 1
2026/08/18 01:45:38.698, 3, 210, 42.64, 1
2026/08/18 01:45:38.976, 0, 1050, 230.17, 758
2026/08/18 01:45:38.983, 1, 210, 43.95, 1
2026/08/18 01:45:38.993, 2, 210, 38.31, 1
2026/08/18 01:45:39.003, 3, 210, 42.64, 1
2026/08/18 01:45:39.275, 0, 1065, 229.77, 758
2026/08/18 01:45:39.282, 1, 210, 43.96, 1
2026/08/18 01:45:39.290, 2, 210, 38.32, 1
2026/08/18 01:45:39.299, 3, 210, 39.38, 1
2026/08/18 01:45:39.574, 0, 1080, 229.67, 758
2026/08/18 01:45:39.581, 1, 210, 43.96, 1
2026/08/18 01:45:39.590, 2, 210, 38.32, 1
2026/08/18 01:45:39.599, 3, 210, 39.38, 1
2026/08/18 01:45:39.874, 0, 1080, 229.91, 758
2026/08/18 01:45:39.880, 1, 210, 43.96, 1
2026/08/18 01:45:39.889, 2, 210, 38.32, 1
2026/08/18 01:45:39.897, 3, 210, 39.38, 1
2026/08/18 01:45:40.160, 0, 1065, 229.69, 758
2026/08/18 01:45:40.167, 1, 210, 43.96, 1
2026/08/18 01:45:40.177, 2, 210, 38.32, 1
2026/08/18 01:45:40.187, 3, 210, 36.58, 1
2026/08/18 01:45:40.459, 0, 1245, 228.67, 768
2026/08/18 01:45:40.466, 1, 210, 43.96, 1
2026/08/18 01:45:40.475, 2, 210, 38.32, 1
2026/08/18 01:45:40.484, 3, 210, 36.58, 1
2026/08/18 01:45:40.761, 0, 1290, 229.81, 768
2026/08/18 01:45:40.773, 1, 210, 43.96, 1
2026/08/18 01:45:40.796, 2, 210, 38.32, 1
2026/08/18 01:45:40.819, 3, 210, 36.58, 1
2026/08/18 01:45:41.104, 0, 1275, 229.49, 768
2026/08/18 01:45:41.111, 1, 210, 43.96, 1
2026/08/18 01:45:41.119, 2, 210, 38.28, 1
2026/08/18 01:45:41.128, 3, 210, 37.21, 1
2026/08/18 01:45:41.392, 0, 1260, 229.16, 768
2026/08/18 01:45:41.398, 1, 210, 43.85, 1
2026/08/18 01:45:41.407, 2, 210, 38.28, 1
2026/08/18 01:45:41.415, 3, 690, 37.21, 1
2026/08/18 01:45:41.675, 0, 1290, 230.17, 768
2026/08/18 01:45:41.682, 1, 210, 43.85, 1
2026/08/18 01:45:41.692, 2, 210, 38.28, 1
2026/08/18 01:45:41.701, 3, 690, 37.21, 1
2026/08/18 01:45:41.977, 0, 1275, 229.61, 768
2026/08/18 01:45:41.984, 1, 210, 43.85, 1
2026/08/18 01:45:41.992, 2, 210, 38.28, 1
2026/08/18 01:45:42.001, 3, 690, 37.21, 1
2026/08/18 01:45:42.278, 0, 1260, 229.38, 768
2026/08/18 01:45:42.285, 1, 210, 43.68, 1
2026/08/18 01:45:42.294, 2, 210, 38.25, 1
2026/08/18 01:45:42.304, 3, 690, 40.49, 1
2026/08/18 01:45:42.578, 0, 1290, 230.04, 768
2026/08/18 01:45:42.584, 1, 210, 43.68, 1
2026/08/18 01:45:42.593, 2, 210, 38.25, 1
2026/08/18 01:45:42.601, 3, 690, 40.49, 1
2026/08/18 01:45:42.877, 0, 1275, 229.69, 768
2026/08/18 01:45:42.884, 1, 210, 43.68, 1
2026/08/18 01:45:42.893, 2, 210, 38.25, 1
2026/08/18 01:45:42.901, 3, 690, 40.49, 1
2026/08/18 01:45:43.181, 0, 1275, 229.56, 768
2026/08/18 01:45:43.205, 1, 210, 43.69, 1
2026/08/18 01:45:43.239, 2, 210, 38.25, 1
2026/08/18 01:45:43.250, 3, 210, 41.92, 1
2026/08/18 01:45:43.511, 0, 1290, 229.71, 768
2026/08/18 01:45:43.518, 1, 210, 43.69, 1
2026/08/18 01:45:43.527, 2, 210, 38.25, 1
2026/08/18 01:45:43.535, 3, 210, 41.92, 1
2026/08/18 01:45:43.811, 0, 1275, 229.61, 768
2026/08/18 01:45:43.818, 1, 210, 43.69, 1
2026/08/18 01:45:43.827, 2, 210, 38.25, 1
2026/08/18 01:45:43.835, 3, 210, 41.92, 1
2026/08/18 01:45:44.114, 0, 1275, 229.57, 768
2026/08/18 01:45:44.121, 1, 210, 43.69, 1
2026/08/18 01:45:44.130, 2, 210, 38.30, 1
2026/08/18 01:45:44.139, 3, 210, 41.33, 1
2026/08/18 01:45:44.412, 0, 1290, 229.19, 768
2026/08/18 01:45:44.419, 1, 210, 43.63, 1
2026/08/18 01:45:44.428, 2, 210, 38.30, 1
2026/08/18 01:45:44.436, 3, 690, 41.33, 1
2026/08/18 01:45:44.714, 0, 1275, 229.57, 768
2026/08/18 01:45:44.720, 1, 210, 43.63, 1
2026/08/18 01:45:44.729, 2, 210, 38.30, 1
2026/08/18 01:45:44.738, 3, 690, 41.33, 1
2026/08/18 01:45:45.009, 0, 1275, 229.48, 768
2026/08/18 01:45:45.016, 1, 210, 43.63, 1
2026/08/18 01:45:45.025, 2, 210, 38.30, 1
2026/08/18 01:45:45.033, 3, 690, 41.33, 1
2026/08/18 01:45:45.293, 0, 1065, 229.45, 768
2026/08/18 01:45:45.299, 1, 210, 43.50, 1
2026/08/18 01:45:45.307, 2, 210, 38.29, 1
2026/08/18 01:45:45.316, 3, 210, 42.70, 1
2026/08/18 01:45:45.604, 0, 1065, 229.90, 768
2026/08/18 01:45:45.628, 1, 210, 43.50, 1
2026/08/18 01:45:45.647, 2, 210, 38.29, 1
2026/08/18 01:45:45.656, 3, 210, 42.70, 1
2026/08/18 01:45:45.928, 0, 1065, 229.76, 768
2026/08/18 01:45:45.935, 1, 210, 43.50, 1
2026/08/18 01:45:45.943, 2, 210, 38.29, 1
2026/08/18 01:45:45.952, 3, 210, 42.70, 1
2026/08/18 01:45:46.214, 0, 1065, 229.80, 768
2026/08/18 01:45:46.221, 1, 210, 43.51, 1
2026/08/18 01:45:46.229, 2, 210, 38.24, 1
2026/08/18 01:45:46.238, 3, 690, 41.40, 1
2026/08/18 01:45:46.515, 0, 1065, 229.98, 768
2026/08/18 01:45:46.522, 1, 210, 43.51, 1
2026/08/18 01:45:46.532, 2, 210, 38.24, 1
2026/08/18 01:45:46.542, 3, 690, 41.40, 1
2026/08/18 01:45:46.814, 0, 1080, 229.71, 768
2026/08/18 01:45:46.821, 1, 210, 43.51, 1
2026/08/18 01:45:46.830, 2, 210, 38.24, 1
2026/08/18 01:45:46.839, 3, 690, 41.40, 1
2026/08/18 01:45:47.114, 0, 1065, 229.78, 768
2026/08/18 01:45:47.121, 1, 210, 43.51, 1
2026/08/18 01:45:47.130, 2, 210, 38.26, 1
2026/08/18 01:45:47.140, 3, 690, 41.24, 1
2026/08/18 01:45:47.417, 0, 1080, 229.79, 768
2026/08/18 01:45:47.424, 1, 210, 43.64, 1
2026/08/18 01:45:47.434, 2, 210, 38.26, 1
2026/08/18 01:45:47.443, 3, 690, 41.24, 1
2026/08/18 01:45:47.715, 0, 1065, 229.69, 768
2026/08/18 01:45:47.721, 1, 210, 43.64, 1
2026/08/18 01:45:47.730, 2, 210, 38.26, 1
2026/08/18 01:45:47.739, 3, 690, 41.24, 1
2026/08/18 01:45:48.029, 0, 1065, 229.82, 768
2026/08/18 01:45:48.055, 1, 210, 43.64, 1
2026/08/18 01:45:48.079, 2, 210, 38.26, 1
2026/08/18 01:45:48.099, 3, 690, 41.30, 1
2026/08/18 01:45:48.366, 0, 1425, 226.97, 744
2026/08/18 01:45:48.373, 1, 210, 43.71, 1
2026/08/18 01:45:48.381, 2, 210, 38.29, 1
2026/08/18 01:45:48.390, 3, 210, 41.30, 1
2026/08/18 01:45:48.665, 0, 1425, 227.34, 744
2026/08/18 01:45:48.671, 1, 210, 43.71, 1
2026/08/18 01:45:48.680, 2, 210, 38.29, 1
2026/08/18 01:45:48.688, 3, 210, 41.30, 1
2026/08/18 01:45:48.948, 0, 1440, 227.71, 744
2026/08/18 01:45:48.955, 1, 210, 43.71, 1
2026/08/18 01:45:48.964, 2, 210, 38.29, 1
2026/08/18 01:45:48.972, 3, 210, 41.30, 1
2026/08/18 01:45:49.233, 0, 1335, 227.92, 744
2026/08/18 01:45:49.240, 1, 210, 43.56, 1
2026/08/18 01:45:49.249, 2, 210, 38.24, 1
2026/08/18 01:45:49.257, 3, 210, 38.02, 1
2026/08/18 01:45:49.532, 0, 1425, 229.03, 746
2026/08/18 01:45:49.538, 1, 210, 43.56, 1
2026/08/18 01:45:49.547, 2, 210, 38.24, 1
2026/08/18 01:45:49.555, 3, 210, 38.02, 1
2026/08/18 01:45:49.817, 0, 1440, 228.80, 746
2026/08/18 01:45:49.824, 1, 210, 43.56, 1
2026/08/18 01:45:49.833, 2, 210, 38.24, 1
2026/08/18 01:45:49.842, 3, 210, 38.02, 1
2026/08/18 01:45:50.117, 0, 1410, 229.28, 746
2026/08/18 01:45:50.123, 1, 210, 43.56, 1
2026/08/18 01:45:50.132, 2, 210, 38.21, 1
2026/08/18 01:45:50.141, 3, 210, 36.61, 1
2026/08/18 01:45:50.481, 0, 1410, 229.07, 746
2026/08/18 01:45:50.488, 1, 210, 43.57, 1
2026/08/18 01:45:50.497, 2, 210, 38.21, 1
2026/08/18 01:45:50.507, 3, 210, 36.61, 1
2026/08/18 01:45:50.782, 0, 1365, 229.99, 746
2026/08/18 01:45:50.788, 1, 210, 43.57, 1
2026/08/18 01:45:50.797, 2, 210, 38.21, 1
2026/08/18 01:45:50.806, 3, 210, 36.61, 1
2026/08/18 01:45:51.067, 0, 1365, 229.85, 758
2026/08/18 01:45:51.074, 1, 210, 43.57, 1
2026/08/18 01:45:51.083, 2, 210, 38.21, 1
2026/08/18 01:45:51.092, 3, 210, 36.63, 1
2026/08/18 01:45:51.368, 0, 1395, 228.99, 758
2026/08/18 01:45:51.374, 1, 210, 43.62, 1
2026/08/18 01:45:51.384, 2, 210, 38.23, 1
2026/08/18 01:45:51.392, 3, 210, 36.63, 1
2026/08/18 01:45:51.668, 0, 1425, 229.33, 758
2026/08/18 01:45:51.674, 1, 210, 43.62, 1
2026/08/18 01:45:51.683, 2, 210, 38.23, 1
2026/08/18 01:45:51.691, 3, 210, 36.63, 1
2026/08/18 01:45:51.967, 0, 1425, 229.23, 758
2026/08/18 01:45:51.974, 1, 210, 43.62, 1
2026/08/18 01:45:51.983, 2, 210, 38.23, 1
2026/08/18 01:45:51.991, 3, 210, 36.63, 1
2026/08/18 01:45:52.252, 0, 1395, 229.40, 758
2026/08/18 01:45:52.259, 1, 210, 43.60, 1
2026/08/18 01:45:52.268, 2, 210, 38.24, 1
2026/08/18 01:45:52.278, 3, 210, 36.60, 1
2026/08/18 01:45:52.552, 0, 1410, 229.29, 758
2026/08/18 01:45:52.558, 1, 210, 43.60, 1
2026/08/18 01:45:52.567, 2, 210, 38.24, 1
2026/08/18 01:45:52.575, 3, 210, 36.60, 1
2026/08/18 01:45:52.882, 0, 1425, 229.36, 758
2026/08/18 01:45:52.889, 1, 210, 43.60, 1
2026/08/18 01:45:52.899, 2, 210, 38.24, 1
2026/08/18 01:45:52.909, 3, 210, 36.60, 1
2026/08/18 01:45:53.187, 0, 1410, 229.40, 758
2026/08/18 01:45:53.194, 1, 210, 43.60, 1
2026/08/18 01:45:53.202, 2, 210, 38.24, 1
2026/08/18 01:45:53.211, 3, 210, 36.59, 1
2026/08/18 01:45:53.486, 0, 1335, 229.27, 758
2026/08/18 01:45:53.492, 1, 210, 43.60, 1
2026/08/18 01:45:53.501, 2, 210, 38.24, 1
2026/08/18 01:45:53.509, 3, 210, 36.59, 1
2026/08/18 01:45:53.772, 0, 1350, 228.86, 758
2026/08/18 01:45:53.779, 1, 210, 43.60, 1
2026/08/18 01:45:53.788, 2, 210, 38.24, 1
2026/08/18 01:45:53.798, 3, 210, 36.59, 1
2026/08/18 01:45:54.070, 0, 1365, 229.50, 758
2026/08/18 01:45:54.076, 1, 210, 43.60, 1
2026/08/18 01:45:54.085, 2, 210, 38.24, 1
2026/08/18 01:45:54.093, 3, 210, 36.59, 1
2026/08/18 01:45:54.371, 0, 1335, 228.95, 758
2026/08/18 01:45:54.378, 1, 210, 43.64, 1
2026/08/18 01:45:54.386, 2, 210, 38.21, 1
2026/08/18 01:45:54.395, 3, 210, 36.59, 1
2026/08/18 01:45:54.671, 0, 1410, 229.34, 770
2026/08/18 01:45:54.678, 1, 210, 43.64, 1
2026/08/18 01:45:54.688, 2, 210, 38.21, 1
2026/08/18 01:45:54.698, 3, 210, 36.59, 1
2026/08/18 01:45:54.971, 0, 1410, 229.54, 770
2026/08/18 01:45:54.978, 1, 210, 43.64, 1
2026/08/18 01:45:54.987, 2, 210, 38.21, 1
2026/08/18 01:45:54.997, 3, 210, 36.59, 1
2026/08/18 01:45:55.316, 0, 1395, 229.04, 770
2026/08/18 01:45:55.323, 1, 210, 43.75, 1
2026/08/18 01:45:55.331, 2, 210, 38.18, 1
2026/08/18 01:45:55.340, 3, 210, 36.58, 1
2026/08/18 01:45:55.601, 0, 1410, 229.37, 770
2026/08/18 01:45:55.608, 1, 210, 43.75, 1
2026/08/18 01:45:55.616, 2, 210, 38.18, 1
2026/08/18 01:45:55.625, 3, 210, 36.58, 1
2026/08/18 01:45:55.887, 0, 1410, 229.21, 770
2026/08/18 01:45:55.893, 1, 210, 43.75, 1
2026/08/18 01:45:55.902, 2, 210, 38.18, 1
2026/08/18 01:45:55.910, 3, 210, 36.58, 1
2026/08/18 01:45:56.173, 0, 1425, 229.51, 770
2026/08/18 01:45:56.180, 1, 210, 43.77, 1
2026/08/18 01:45:56.188, 2, 210, 38.13, 1
2026/08/18 01:45:56.197, 3, 210, 36.57, 1
2026/08/18 01:45:56.470, 0, 1395, 229.15, 770
2026/08/18 01:45:56.476, 1, 210, 43.77, 1
2026/08/18 01:45:56.485, 2, 210, 38.13, 1
2026/08/18 01:45:56.494, 3, 210, 36.57, 1
2026/08/18 01:45:56.755, 0, 1410, 229.34, 770
2026/08/18 01:45:56.761, 1, 210, 43.77, 1
2026/08/18 01:45:56.770, 2, 210, 38.13, 1
2026/08/18 01:45:56.778, 3, 210, 36.57, 1
2026/08/18 01:45:57.038, 0, 1410, 229.44, 770
2026/08/18 01:45:57.045, 1, 210, 43.77, 1
2026/08/18 01:45:57.054, 2, 210, 38.13, 1
2026/08/18 01:45:57.062, 3, 210, 36.57, 1
2026/08/18 01:45:57.340, 0, 1410, 229.34, 770
2026/08/18 01:45:57.346, 1, 210, 43.84, 1
2026/08/18 01:45:57.355, 2, 210, 38.14, 1
2026/08/18 01:45:57.363, 3, 210, 36.54, 1
2026/08/18 01:45:57.621, 0, 1395, 229.14, 770
2026/08/18 01:45:57.628, 1, 210, 43.84, 1
2026/08/18 01:45:57.638, 2, 210, 38.14, 1
2026/08/18 01:45:57.649, 3, 210, 36.54, 1
2026/08/18 01:45:57.924, 0, 1425, 229.32, 770
2026/08/18 01:45:57.930, 1, 210, 43.84, 1
2026/08/18 01:45:57.940, 2, 210, 38.14, 1
2026/08/18 01:45:57.950, 3, 210, 36.54, 1
2026/08/18 01:45:58.224, 0, 1425, 229.83, 770
2026/08/18 01:45:58.231, 1, 210, 43.76, 1
2026/08/18 01:45:58.239, 2, 210, 38.14, 1
2026/08/18 01:45:58.248, 3, 210, 36.53, 1
2026/08/18 01:45:58.524, 0, 1395, 229.41, 770
2026/08/18 01:45:58.531, 1, 210, 43.76, 1
2026/08/18 01:45:58.539, 2, 210, 38.14, 1
2026/08/18 01:45:58.548, 3, 210, 36.53, 1
2026/08/18 01:45:58.824, 0, 1350, 229.70, 770
2026/08/18 01:45:58.830, 1, 210, 43.76, 1
2026/08/18 01:45:58.839, 2, 210, 38.14, 1
2026/08/18 01:45:58.847, 3, 210, 36.53, 1
2026/08/18 01:45:59.125, 0, 1350, 229.43, 770
2026/08/18 01:45:59.131, 1, 210, 43.76, 1
2026/08/18 01:45:59.140, 2, 210, 38.12, 1
2026/08/18 01:45:59.149, 3, 210, 36.51, 1
2026/08/18 01:45:59.424, 0, 1350, 229.27, 770
2026/08/18 01:45:59.431, 1, 210, 43.64, 1
2026/08/18 01:45:59.440, 2, 210, 38.12, 1
2026/08/18 01:45:59.448, 3, 210, 36.51, 1
2026/08/18 01:45:59.725, 0, 1350, 229.43, 770
2026/08/18 01:45:59.731, 1, 210, 43.64, 1
2026/08/18 01:45:59.739, 2, 210, 38.12, 1
2026/08/18 01:45:59.748, 3, 210, 36.51, 1
2026/08/18 01:46:00.024, 0, 1350, 229.48, 770
2026/08/18 01:46:00.030, 1, 210, 43.64, 1
2026/08/18 01:46:00.041, 2, 210, 38.12, 1
2026/08/18 01:46:00.052, 3, 210, 36.51, 1
2026/08/18 01:46:00.321, 0, 1350, 229.45, 770
2026/08/18 01:46:00.327, 1, 210, 43.54, 1
2026/08/18 01:46:00.335, 2, 210, 38.11, 1
2026/08/18 01:46:00.344, 3, 210, 36.51, 1
2026/08/18 01:46:00.610, 0, 1350, 229.41, 770
2026/08/18 01:46:00.616, 1, 210, 43.54, 1
2026/08/18 01:46:00.625, 2, 210, 38.11, 1
2026/08/18 01:46:00.634, 3, 210, 36.51, 1
2026/08/18 01:46:00.909, 0, 1350, 229.55, 770
2026/08/18 01:46:00.915, 1, 210, 43.54, 1
2026/08/18 01:46:00.924, 2, 210, 38.11, 1
2026/08/18 01:46:00.932, 3, 210, 36.51, 1
2026/08/18 01:46:01.209, 0, 1650, 219.20, 770
2026/08/18 01:46:01.214, 1, 210, 43.56, 1
2026/08/18 01:46:01.222, 2, 210, 38.11, 1
2026/08/18 01:46:01.231, 3, 210, 36.51, 1
2026/08/18 01:46:01.492, 0, 1650, 187.58, 770
2026/08/18 01:46:01.497, 1, 210, 43.56, 1
2026/08/18 01:46:01.506, 2, 210, 38.11, 1
2026/08/18 01:46:01.514, 3, 210, 36.51, 1
2026/08/18 01:46:01.777, 0, 1650, 155.38, 770
2026/08/18 01:46:01.782, 1, 210, 43.56, 1
2026/08/18 01:46:01.790, 2, 210, 38.11, 1
2026/08/18 01:46:01.799, 3, 210, 36.51, 1
2026/08/18 01:46:02.106, 0, 1650, 123.80, 1
2026/08/18 01:46:02.111, 1, 210, 43.56, 1
2026/08/18 01:46:02.122, 2, 210, 38.12, 1
2026/08/18 01:46:02.131, 3, 210, 36.50, 1
2026/08/18 01:46:02.393, 0, 1650, 113.44, 1
2026/08/18 01:46:02.398, 1, 210, 43.68, 1
2026/08/18 01:46:02.406, 2, 210, 38.12, 1
2026/08/18 01:46:02.415, 3, 210, 36.50, 1
2026/08/18 01:46:02.674, 0, 1650, 113.64, 1
2026/08/18 01:46:02.678, 1, 210, 43.68, 1
2026/08/18 01:46:02.687, 2, 210, 38.12, 1
2026/08/18 01:46:02.696, 3, 210, 36.50, 1
2026/08/18 01:46:02.960, 0, 1650, 113.89, 1
2026/08/18 01:46:02.965, 1, 210, 43.68, 1
2026/08/18 01:46:02.974, 2, 210, 38.12, 1
2026/08/18 01:46:02.982, 3, 210, 36.50, 1
2026/08/18 01:46:03.239, 0, 1650, 113.90, 1
2026/08/18 01:46:03.244, 1, 210, 43.55, 1
2026/08/18 01:46:03.253, 2, 210, 38.14, 1
2026/08/18 01:46:03.261, 3, 210, 36.52, 1
2026/08/18 01:46:03.529, 0, 1650, 113.90, 1
2026/08/18 01:46:03.537, 1, 210, 43.55, 1
2026/08/18 01:46:03.547, 2, 210, 38.14, 1
2026/08/18 01:46:03.556, 3, 210, 36.52, 1
2026/08/18 01:46:03.825, 0, 1650, 113.90, 1
2026/08/18 01:46:03.833, 1, 210, 43.55, 1
2026/08/18 01:46:03.843, 2, 210, 38.14, 1
2026/08/18 01:46:03.854, 3, 210, 36.52, 1
2026/08/18 01:46:04.123, 0, 360, 68.17, 1
2026/08/18 01:46:04.131, 1, 210, 43.55, 1
2026/08/18 01:46:04.139, 2, 210, 38.17, 1
2026/08/18 01:46:04.148, 3, 210, 36.53, 1
2026/08/18 01:46:04.412, 0, 360, 68.17, 1
2026/08/18 01:46:04.420, 1, 210, 43.46, 1
2026/08/18 01:46:04.428, 2, 210, 38.17, 1
2026/08/18 01:46:04.437, 3, 210, 36.53, 1
2026/08/18 01:46:04.714, 0, 360, 68.17, 1
2026/08/18 01:46:04.721, 1, 210, 43.46, 1
2026/08/18 01:46:04.731, 2, 210, 38.17, 1
2026/08/18 01:46:04.741, 3, 210, 36.53, 1
2026/08/18 01:46:05.023, 0, 360, 68.17, 1
2026/08/18 01:46:05.034, 1, 210, 43.46, 1
2026/08/18 01:46:05.043, 2, 210, 38.17, 1
2026/08/18 01:46:05.052, 3, 210, 36.53, 1
2026/08/18 01:46:05.313, 0, 240, 52.06, 1
2026/08/18 01:46:05.323, 1, 210, 43.55, 1
2026/08/18 01:46:05.331, 2, 210, 38.24, 1
2026/08/18 01:46:05.340, 3, 210, 36.57, 1
2026/08/18 01:46:05.613, 0, 240, 52.06, 1
2026/08/18 01:46:05.623, 1, 210, 43.55, 1
2026/08/18 01:46:05.631, 2, 210, 38.24, 1
2026/08/18 01:46:05.640, 3, 210, 36.57, 1
2026/08/18 01:46:05.908, 0, 240, 52.06, 1
2026/08/18 01:46:05.918, 1, 210, 43.55, 1
2026/08/18 01:46:05.927, 2, 210, 38.24, 1
2026/08/18 01:46:05.936, 3, 210, 36.57, 1
2026/08/18 01:46:06.193, 0, 210, 38.88, 1
2026/08/18 01:46:06.202, 1, 210, 43.55, 1
2026/08/18 01:46:06.210, 2, 210, 38.28, 1
2026/08/18 01:46:06.219, 3, 210, 36.66, 1
2026/08/18 01:46:06.480, 0, 210, 38.88, 1
2026/08/18 01:46:06.489, 1, 210, 43.55, 1
2026/08/18 01:46:06.498, 2, 210, 38.28, 1
2026/08/18 01:46:06.506, 3, 210, 36.66, 1
2026/08/18 01:46:06.842, 0, 1650, 42.11, 32
2026/08/18 01:46:06.847, 1, 210, 43.55, 1
2026/08/18 01:46:06.861, 2, 210, 38.28, 1
2026/08/18 01:46:06.871, 3, 210, 36.66, 1
2026/08/18 01:46:07.148, 0, 1650, 65.66, 530
2026/08/18 01:46:07.153, 1, 210, 43.55, 1
2026/08/18 01:46:07.161, 2, 210, 38.23, 1
2026/08/18 01:46:07.170, 3, 210, 36.65, 1
2026/08/18 01:46:07.432, 0, 1650, 72.72, 530
2026/08/18 01:46:07.437, 1, 210, 43.42, 1
2026/08/18 01:46:07.445, 2, 210, 38.23, 1
2026/08/18 01:46:07.454, 3, 210, 36.65, 1
2026/08/18 01:46:07.715, 0, 1350, 84.72, 742
2026/08/18 01:46:07.722, 1, 210, 43.42, 1
2026/08/18 01:46:07.730, 2, 210, 38.23, 1
2026/08/18 01:46:07.739, 3, 210, 36.65, 1
2026/08/18 01:46:08.015, 0, 1170, 153.21, 742
2026/08/18 01:46:08.021, 1, 210, 43.42, 1
2026/08/18 01:46:08.030, 2, 210, 38.23, 1
2026/08/18 01:46:08.038, 3, 210, 36.65, 1
2026/08/18 01:46:08.315, 0, 1320, 185.56, 744
2026/08/18 01:46:08.322, 1, 210, 43.35, 1
2026/08/18 01:46:08.332, 2, 210, 38.15, 1
2026/08/18 01:46:08.341, 3, 210, 36.60, 1
2026/08/18 01:46:08.615, 0, 1290, 215.79, 744
2026/08/18 01:46:08.621, 1, 210, 43.35, 1
2026/08/18 01:46:08.630, 2, 210, 38.15, 1
2026/08/18 01:46:08.638, 3, 210, 36.60, 1
2026/08/18 01:46:08.894, 0, 1140, 230.50, 744
2026/08/18 01:46:08.901, 1, 210, 43.35, 1
2026/08/18 01:46:08.911, 2, 210, 38.15, 1
2026/08/18 01:46:08.920, 3, 210, 36.60, 1
2026/08/18 01:46:09.181, 0, 1305, 228.32, 746
2026/08/18 01:46:09.187, 1, 210, 43.40, 1
2026/08/18 01:46:09.196, 2, 210, 38.09, 1
2026/08/18 01:46:09.205, 3, 210, 36.57, 1
2026/08/18 01:46:09.466, 0, 1230, 228.16, 746
2026/08/18 01:46:09.472, 1, 210, 43.40, 1
2026/08/18 01:46:09.481, 2, 210, 38.09, 1
2026/08/18 01:46:09.490, 3, 210, 36.57, 1
2026/08/18 01:46:09.766, 0, 1305, 230.24, 746
2026/08/18 01:46:09.773, 1, 210, 43.40, 1
2026/08/18 01:46:09.781, 2, 210, 38.09, 1
2026/08/18 01:46:09.790, 3, 210, 36.57, 1
2026/08/18 01:46:10.066, 0, 1305, 229.06, 746
2026/08/18 01:46:10.073, 1, 210, 43.40, 1
2026/08/18 01:46:10.081, 2, 210, 38.09, 1
2026/08/18 01:46:10.090, 3, 210, 36.55, 1
2026/08/18 01:46:10.367, 0, 1050, 229.94, 746
2026/08/18 01:46:10.374, 1, 210, 43.54, 1
2026/08/18 01:46:10.384, 2, 210, 38.08, 1
2026/08/18 01:46:10.393, 3, 210, 36.55, 1
2026/08/18 01:46:10.666, 0, 1095, 229.77, 746
2026/08/18 01:46:10.672, 1, 210, 43.54, 1
2026/08/18 01:46:10.681, 2, 210, 38.08, 1
2026/08/18 01:46:10.690, 3, 210, 36.55, 1
2026/08/18 01:46:10.951, 0, 1110, 229.85, 758
2026/08/18 01:46:10.958, 1, 210, 43.54, 1
2026/08/18 01:46:10.968, 2, 210, 38.08, 1
2026/08/18 01:46:10.978, 3, 210, 36.55, 1
2026/08/18 01:46:11.249, 0, 1305, 229.29, 758
2026/08/18 01:46:11.256, 1, 210, 43.60, 1
2026/08/18 01:46:11.264, 2, 210, 38.08, 1
2026/08/18 01:46:11.273, 3, 210, 36.56, 1
2026/08/18 01:46:11.535, 0, 1275, 229.06, 758
2026/08/18 01:46:11.542, 1, 210, 43.60, 1
2026/08/18 01:46:11.552, 2, 210, 38.08, 1
2026/08/18 01:46:11.561, 3, 210, 36.56, 1
2026/08/18 01:46:11.837, 0, 1290, 229.71, 758
2026/08/18 01:46:11.844, 1, 210, 43.60, 1
2026/08/18 01:46:11.854, 2, 210, 38.08, 1
2026/08/18 01:46:11.862, 3, 210, 36.56, 1
2026/08/18 01:46:12.180, 0, 1290, 229.88, 758
2026/08/18 01:46:12.187, 1, 210, 43.54, 1
2026/08/18 01:46:12.195, 2, 210, 38.08, 1
2026/08/18 01:46:12.204, 3, 210, 36.57, 1
2026/08/18 01:46:12.469, 0, 1275, 229.24, 758
2026/08/18 01:46:12.476, 1, 210, 43.54, 1
2026/08/18 01:46:12.486, 2, 210, 38.08, 1
2026/08/18 01:46:12.495, 3, 210, 36.57, 1
2026/08/18 01:46:12.769, 0, 1290, 229.82, 758
2026/08/18 01:46:12.775, 1, 210, 43.54, 1
2026/08/18 01:46:12.784, 2, 210, 38.08, 1
2026/08/18 01:46:12.792, 3, 210, 36.57, 1
2026/08/18 01:46:13.068, 0, 1290, 229.72, 758
2026/08/18 01:46:13.075, 1, 210, 43.54, 1
2026/08/18 01:46:13.083, 2, 210, 38.08, 1
2026/08/18 01:46:13.092, 3, 210, 36.58, 1
2026/08/18 01:46:13.352, 0, 1050, 230.35, 758
2026/08/18 01:46:13.359, 1, 210, 43.41, 1
2026/08/18 01:46:13.367, 2, 210, 38.05, 1
2026/08/18 01:46:13.376, 3, 210, 36.58, 1
2026/08/18 01:46:13.652, 0, 1095, 229.83, 758
2026/08/18 01:46:13.659, 1, 210, 43.41, 1
2026/08/18 01:46:13.669, 2, 210, 38.05, 1
2026/08/18 01:46:13.677, 3, 210, 36.58, 1
2026/08/18 01:46:13.955, 0, 1095, 229.64, 758
2026/08/18 01:46:13.962, 1, 210, 43.41, 1
2026/08/18 01:46:13.971, 2, 210, 38.05, 1
2026/08/18 01:46:13.981, 3, 210, 36.58, 1
2026/08/18 01:46:14.253, 0, 1110, 230.10, 758
2026/08/18 01:46:14.260, 1, 210, 43.44, 1
2026/08/18 01:46:14.269, 2, 210, 38.04, 1
2026/08/18 01:46:14.277, 3, 210, 36.59, 1
2026/08/18 01:46:14.553, 0, 1080, 229.68, 758
2026/08/18 01:46:14.559, 1, 210, 43.44, 1
2026/08/18 01:46:14.568, 2, 210, 38.04, 1
2026/08/18 01:46:14.576, 3, 210, 36.59, 1
2026/08/18 01:46:14.855, 0, 1305, 228.52, 768
2026/08/18 01:46:14.862, 1, 210, 43.44, 1
2026/08/18 01:46:14.870, 2, 210, 38.04, 1
2026/08/18 01:46:14.879, 3, 210, 36.59, 1
2026/08/18 01:46:15.153, 0, 1305, 229.59, 768
2026/08/18 01:46:15.160, 1, 210, 43.44, 1
2026/08/18 01:46:15.170, 2, 210, 38.07, 1
2026/08/18 01:46:15.179, 3, 210, 36.61, 1
2026/08/18 01:46:15.454, 0, 1290, 229.62, 768
2026/08/18 01:46:15.461, 1, 210, 43.40, 1
2026/08/18 01:46:15.471, 2, 210, 38.07, 1
2026/08/18 01:46:15.481, 3, 210, 36.61, 1
2026/08/18 01:46:15.755, 0, 1260, 229.04, 768
2026/08/18 01:46:15.761, 1, 210, 43.40, 1
2026/08/18 01:46:15.770, 2, 210, 38.07, 1
2026/08/18 01:46:15.779, 3, 210, 36.61, 1
2026/08/18 01:46:16.054, 0, 1290, 229.76, 768
2026/08/18 01:46:16.061, 1, 210, 43.40, 1
2026/08/18 01:46:16.069, 2, 210, 38.07, 1
2026/08/18 01:46:16.077, 3, 210, 36.60, 1
2026/08/18 01:46:16.339, 0, 1305, 229.72, 768
2026/08/18 01:46:16.346, 1, 210, 43.24, 1
2026/08/18 01:46:16.356, 2, 210, 38.06, 1
2026/08/18 01:46:16.366, 3, 210, 36.60, 1
2026/08/18 01:46:16.637, 0, 1275, 229.22, 768
2026/08/18 01:46:16.644, 1, 210, 43.24, 1
2026/08/18 01:46:16.653, 2, 210, 38.06, 1
2026/08/18 01:46:16.662, 3, 210, 36.60, 1
2026/08/18 01:46:16.940, 0, 1290, 229.87, 768
2026/08/18 01:46:16.947, 1, 210, 43.24, 1
2026/08/18 01:46:16.960, 2, 210, 38.06, 1
2026/08/18 01:46:16.969, 3, 210, 36.60, 1
2026/08/18 01:46:17.238, 0, 1290, 229.93, 768
2026/08/18 01:46:17.245, 1, 210, 43.24, 1
2026/08/18 01:46:17.254, 2, 210, 38.03, 1
2026/08/18 01:46:17.262, 3, 210, 36.59, 1
2026/08/18 01:46:17.538, 0, 1275, 229.25, 768
2026/08/18 01:46:17.545, 1, 210, 43.24, 1
2026/08/18 01:46:17.554, 2, 210, 38.03, 1
2026/08/18 01:46:17.562, 3, 210, 36.59, 1
2026/08/18 01:46:17.838, 0, 1290, 229.68, 768
2026/08/18 01:46:17.845, 1, 210, 43.24, 1
2026/08/18 01:46:17.854, 2, 210, 38.03, 1
2026/08/18 01:46:17.862, 3, 210, 36.59, 1
2026/08/18 01:46:18.122, 0, 1290, 229.94, 768
2026/08/18 01:46:18.129, 1, 210, 43.24, 1
2026/08/18 01:46:18.138, 2, 210, 38.00, 1
2026/08/18 01:46:18.146, 3, 210, 36.59, 1
2026/08/18 01:46:18.421, 0, 1275, 229.94, 768
2026/08/18 01:46:18.428, 1, 210, 43.19, 1
2026/08/18 01:46:18.437, 2, 210, 38.00, 1
2026/08/18 01:46:18.445, 3, 210, 36.59, 1
2026/08/18 01:46:18.706, 0, 1290, 229.21, 768
2026/08/18 01:46:18.713, 1, 210, 43.19, 1
2026/08/18 01:46:18.722, 2, 210, 38.00, 1
2026/08/18 01:46:18.731, 3, 210, 36.59, 1
2026/08/18 01:46:19.006, 0, 1305, 229.67, 768
2026/08/18 01:46:19.013, 1, 210, 43.19, 1
2026/08/18 01:46:19.021, 2, 210, 38.00, 1
2026/08/18 01:46:19.030, 3, 210, 36.59, 1
2026/08/18 01:46:19.290, 0, 1290, 229.91, 768
2026/08/18 01:46:19.297, 1, 210, 43.22, 1
2026/08/18 01:46:19.305, 2, 210, 38.00, 1
2026/08/18 01:46:19.314, 3, 210, 36.55, 1
2026/08/18 01:46:19.591, 0, 1065, 229.78, 768
2026/08/18 01:46:19.598, 1, 210, 43.22, 1
2026/08/18 01:46:19.606, 2, 210, 38.00, 1
2026/08/18 01:46:19.615, 3, 210, 36.55, 1
2026/08/18 01:46:19.892, 0, 1095, 229.82, 768
2026/08/18 01:46:19.898, 1, 210, 43.22, 1
2026/08/18 01:46:19.907, 2, 210, 38.00, 1
2026/08/18 01:46:19.915, 3, 210, 36.55, 1
2026/08/18 01:46:20.191, 0, 1095, 230.02, 768
2026/08/18 01:46:20.197, 1, 210, 43.26, 1
2026/08/18 01:46:20.206, 2, 210, 38.03, 1
2026/08/18 01:46:20.214, 3, 210, 36.57, 1
2026/08/18 01:46:20.476, 0, 1080, 229.82, 768
2026/08/18 01:46:20.483, 1, 210, 43.26, 1
2026/08/18 01:46:20.493, 2, 210, 38.03, 1
2026/08/18 01:46:20.502, 3, 210, 36.57, 1
2026/08/18 01:46:20.774, 0, 1095, 229.61, 768
2026/08/18 01:46:20.781, 1, 210, 43.26, 1
2026/08/18 01:46:20.790, 2, 210, 38.03, 1
2026/08/18 01:46:20.798, 3, 210, 36.57, 1
2026/08/18 01:46:21.075, 0, 1110, 230.02, 768
2026/08/18 01:46:21.082, 1, 210, 43.26, 1
2026/08/18 01:46:21.090, 2, 210, 38.04, 1
2026/08/18 01:46:21.099, 3, 210, 36.60, 1
2026/08/18 01:46:21.376, 0, 1095, 229.74, 768
2026/08/18 01:46:21.382, 1, 210, 43.25, 1
2026/08/18 01:46:21.391, 2, 210, 38.04, 1
2026/08/18 01:46:21.400, 3, 210, 36.60, 1
2026/08/18 01:46:21.678, 0, 1080, 229.59, 768
2026/08/18 01:46:21.685, 1, 210, 43.25, 1
2026/08/18 01:46:21.694, 2, 210, 38.04, 1
2026/08/18 01:46:21.704, 3, 210, 36.60, 1
2026/08/18 01:46:21.977, 0, 1095, 229.89, 768
2026/08/18 01:46:21.984, 1, 210, 43.25, 1
2026/08/18 01:46:21.998, 2, 210, 38.04, 1
2026/08/18 01:46:22.007, 3, 210, 36.60, 1
2026/08/18 01:46:22.275, 0, 1095, 229.75, 768
2026/08/18 01:46:22.281, 1, 210, 43.19, 1
2026/08/18 01:46:22.290, 2, 210, 38.02, 1
2026/08/18 01:46:22.298, 3, 210, 36.59, 1
2026/08/18 01:46:22.557, 0, 1440, 227.25, 744
2026/08/18 01:46:22.563, 1, 210, 43.19, 1
2026/08/18 01:46:22.572, 2, 210, 38.02, 1
2026/08/18 01:46:22.580, 3, 210, 36.59, 1
2026/08/18 01:46:22.843, 0, 1410, 228.50, 744
2026/08/18 01:46:22.849, 1, 210, 43.19, 1
2026/08/18 01:46:22.858, 2, 210, 38.02, 1
2026/08/18 01:46:22.866, 3, 210, 36.59, 1
2026/08/18 01:46:23.127, 0, 1440, 228.68, 744
2026/08/18 01:46:23.134, 1, 210, 43.19, 1
2026/08/18 01:46:23.142, 2, 210, 38.02, 1
2026/08/18 01:46:23.151, 3, 210, 36.59, 1
2026/08/18 01:46:23.428, 0, 1320, 229.08, 744
2026/08/18 01:46:23.434, 1, 210, 43.04, 1
2026/08/18 01:46:23.443, 2, 210, 38.02, 1
2026/08/18 01:46:23.453, 3, 210, 36.59, 1
2026/08/18 01:46:23.728, 0, 1455, 229.12, 746
2026/08/18 01:46:23.735, 1, 210, 43.04, 1
2026/08/18 01:46:23.744, 2, 210, 38.02, 1
2026/08/18 01:46:23.754, 3, 210, 36.59, 1
2026/08/18 01:46:24.027, 0, 1455, 229.35, 746
2026/08/18 01:46:24.033, 1, 210, 43.04, 1
2026/08/18 01:46:24.042, 2, 210, 38.02, 1
2026/08/18 01:46:24.050, 3, 210, 36.59, 1
2026/08/18 01:46:24.306, 0, 1410, 229.78, 746
2026/08/18 01:46:24.313, 1, 210, 42.97, 1
2026/08/18 01:46:24.321, 2, 210, 38.04, 1
2026/08/18 01:46:24.329, 3, 690, 36.62, 1
2026/08/18 01:46:24.594, 0, 1410, 228.63, 746
2026/08/18 01:46:24.600, 1, 210, 42.97, 1
2026/08/18 01:46:24.609, 2, 210, 38.04, 1
2026/08/18 01:46:24.618, 3, 690, 36.62, 1
2026/08/18 01:46:24.894, 0, 1395, 230.31, 746
2026/08/18 01:46:24.901, 1, 210, 42.97, 1
2026/08/18 01:46:24.909, 2, 210, 38.04, 1
2026/08/18 01:46:24.918, 3, 690, 36.62, 1
2026/08/18 01:46:25.178, 0, 1365, 229.91, 746
2026/08/18 01:46:25.184, 1, 210, 43.05, 1
2026/08/18 01:46:25.193, 2, 210, 38.05, 1
2026/08/18 01:46:25.201, 3, 690, 40.06, 1
2026/08/18 01:46:25.461, 0, 1395, 228.44, 758
2026/08/18 01:46:25.467, 1, 210, 43.05, 1
2026/08/18 01:46:25.476, 2, 210, 38.05, 1
2026/08/18 01:46:25.484, 3, 690, 40.06, 1
2026/08/18 01:46:25.746, 0, 1425, 229.51, 758
2026/08/18 01:46:25.752, 1, 210, 43.05, 1
2026/08/18 01:46:25.761, 2, 210, 38.05, 1
2026/08/18 01:46:25.770, 3, 690, 40.06, 1
2026/08/18 01:46:26.045, 0, 1440, 228.99, 758
2026/08/18 01:46:26.052, 1, 210, 43.05, 1
2026/08/18 01:46:26.060, 2, 210, 38.05, 1
2026/08/18 01:46:26.069, 3, 690, 42.95, 1
2026/08/18 01:46:26.391, 0, 1410, 228.70, 758
2026/08/18 01:46:26.398, 1, 210, 43.06, 1
2026/08/18 01:46:26.406, 2, 210, 38.04, 1
2026/08/18 01:46:26.415, 3, 210, 42.95, 1
2026/08/18 01:46:26.679, 0, 1410, 229.54, 758
2026/08/18 01:46:26.685, 1, 210, 43.06, 1
2026/08/18 01:46:26.694, 2, 210, 38.04, 1
2026/08/18 01:46:26.702, 3, 210, 42.95, 1
2026/08/18 01:46:26.964, 0, 1425, 229.40, 758
2026/08/18 01:46:26.971, 1, 210, 43.06, 1
2026/08/18 01:46:26.979, 2, 210, 38.04, 1
2026/08/18 01:46:26.988, 3, 210, 42.95, 1
2026/08/18 01:46:27.264, 0, 1440, 229.31, 758
2026/08/18 01:46:27.271, 1, 210, 43.10, 1
2026/08/18 01:46:27.279, 2, 210, 38.06, 1
2026/08/18 01:46:27.288, 3, 210, 39.56, 1
2026/08/18 01:46:27.563, 0, 1350, 229.59, 758
2026/08/18 01:46:27.569, 1, 210, 43.10, 1
2026/08/18 01:46:27.578, 2, 210, 38.06, 1
2026/08/18 01:46:27.586, 3, 210, 39.56, 1
2026/08/18 01:46:27.847, 0, 1350, 229.39, 758
2026/08/18 01:46:27.853, 1, 210, 43.10, 1
2026/08/18 01:46:27.862, 2, 210, 38.06, 1
2026/08/18 01:46:27.870, 3, 210, 39.56, 1
2026/08/18 01:46:28.130, 0, 1380, 229.64, 758
2026/08/18 01:46:28.137, 1, 210, 43.10, 1
2026/08/18 01:46:28.145, 2, 210, 38.06, 1
2026/08/18 01:46:28.154, 3, 210, 36.63, 1
2026/08/18 01:46:28.416, 0, 1365, 229.74, 758
2026/08/18 01:46:28.422, 1, 210, 43.18, 1
2026/08/18 01:46:28.432, 2, 210, 38.06, 1
2026/08/18 01:46:28.442, 3, 210, 36.63, 1
2026/08/18 01:46:28.776, 0, 1440, 228.53, 770
2026/08/18 01:46:28.783, 1, 210, 43.18, 1
2026/08/18 01:46:28.792, 2, 210, 38.06, 1
2026/08/18 01:46:28.800, 3, 210, 36.63, 1
2026/08/18 01:46:29.064, 0, 1425, 229.50, 770
2026/08/18 01:46:29.071, 1, 210, 43.18, 1
2026/08/18 01:46:29.080, 2, 210, 38.05, 1
2026/08/18 01:46:29.088, 3, 210, 36.62, 1
2026/08/18 01:46:29.367, 0, 1440, 229.10, 770
2026/08/18 01:46:29.373, 1, 210, 43.09, 1
2026/08/18 01:46:29.381, 2, 210, 38.05, 1
2026/08/18 01:46:29.390, 3, 210, 36.62, 1
2026/08/18 01:46:29.666, 0, 1410, 228.54, 770
2026/08/18 01:46:29.673, 1, 210, 43.09, 1
2026/08/18 01:46:29.682, 2, 210, 38.05, 1
2026/08/18 01:46:29.690, 3, 210, 36.62, 1
2026/08/18 01:46:29.965, 0, 1425, 229.24, 770
2026/08/18 01:46:29.971, 1, 210, 43.09, 1
2026/08/18 01:46:29.980, 2, 210, 38.05, 1
2026/08/18 01:46:29.988, 3, 210, 36.62, 1
2026/08/18 01:46:30.250, 0, 1425, 229.54, 770
2026/08/18 01:46:30.256, 1, 210, 42.98, 1
2026/08/18 01:46:30.264, 2, 210, 38.04, 1
2026/08/18 01:46:30.273, 3, 210, 36.63, 1
2026/08/18 01:46:30.551, 0, 1395, 229.23, 770
2026/08/18 01:46:30.557, 1, 210, 42.98, 1
2026/08/18 01:46:30.567, 2, 210, 38.04, 1
2026/08/18 01:46:30.576, 3, 210, 36.63, 1
2026/08/18 01:46:30.846, 0, 1410, 229.46, 770
2026/08/18 01:46:30.853, 1, 210, 42.98, 1
2026/08/18 01:46:30.861, 2, 210, 38.04, 1
2026/08/18 01:46:30.870, 3, 210, 36.63, 1
2026/08/18 01:46:31.196, 0, 1425, 229.36, 770
2026/08/18 01:46:31.202, 1, 210, 42.89, 1
2026/08/18 01:46:31.211, 2, 210, 38.06, 1
2026/08/18 01:46:31.220, 3, 210, 36.60, 1
2026/08/18 01:46:31.483, 0, 1410, 229.58, 770
2026/08/18 01:46:31.489, 1, 210, 42.89, 1
2026/08/18 01:46:31.498, 2, 210, 38.06, 1
2026/08/18 01:46:31.506, 3, 210, 36.60, 1
2026/08/18 01:46:31.766, 0, 1410, 229.14, 770
2026/08/18 01:46:31.773, 1, 210, 42.89, 1
2026/08/18 01:46:31.781, 2, 210, 38.06, 1
2026/08/18 01:46:31.790, 3, 210, 36.60, 1
2026/08/18 01:46:32.051, 0, 1425, 229.34, 770
2026/08/18 01:46:32.058, 1, 210, 42.89, 1
2026/08/18 01:46:32.066, 2, 210, 38.06, 1
2026/08/18 01:46:32.075, 3, 210, 39.28, 1
2026/08/18 01:46:32.350, 0, 1440, 229.43, 770
2026/08/18 01:46:32.357, 1, 210, 42.85, 1
2026/08/18 01:46:32.365, 2, 210, 38.07, 1
2026/08/18 01:46:32.374, 3, 690, 39.28, 1
2026/08/18 01:46:32.633, 0, 1410, 229.31, 770
2026/08/18 01:46:32.640, 1, 210, 42.85, 1
2026/08/18 01:46:32.648, 2, 210, 38.07, 1
2026/08/18 01:46:32.657, 3, 690, 39.28, 1
2026/08/18 01:46:32.920, 0, 1350, 229.80, 770
2026/08/18 01:46:32.926, 1, 210, 42.85, 1
2026/08/18 01:46:32.936, 2, 210, 38.07, 1
2026/08/18 01:46:32.946, 3, 690, 39.28, 1
2026/08/18 01:46:33.220, 0, 1380, 229.43, 770
2026/08/18 01:46:33.226, 1, 210, 42.89, 1
2026/08/18 01:46:33.236, 2, 210, 38.03, 1
2026/08/18 01:46:33.246, 3, 210, 42.67, 1
2026/08/18 01:46:33.581, 0, 1365, 229.62, 770
2026/08/18 01:46:33.587, 1, 210, 42.89, 1
2026/08/18 01:46:33.596, 2, 210, 38.03, 1
2026/08/18 01:46:33.604, 3, 210, 42.67, 1
2026/08/18 01:46:33.868, 0, 1350, 229.61, 770
2026/08/18 01:46:33.875, 1, 210, 42.89, 1
2026/08/18 01:46:33.883, 2, 210, 38.03, 1
2026/08/18 01:46:33.892, 3, 210, 42.67, 1
2026/08/18 01:46:34.151, 0, 1350, 229.39, 770
2026/08/18 01:46:34.157, 1, 210, 42.87, 1
2026/08/18 01:46:34.166, 2, 210, 38.04, 1
2026/08/18 01:46:34.175, 3, 690, 41.42, 1
2026/08/18 01:46:34.438, 0, 1380, 229.85, 770
2026/08/18 01:46:34.444, 1, 210, 42.87, 1
2026/08/18 01:46:34.454, 2, 210, 38.04, 1
2026/08/18 01:46:34.464, 3, 690, 41.42, 1
2026/08/18 01:46:34.735, 0, 1350, 229.41, 770
2026/08/18 01:46:34.742, 1, 210, 42.87, 1
2026/08/18 01:46:34.750, 2, 210, 38.04, 1
2026/08/18 01:46:34.759, 3, 690, 41.42, 1
2026/08/18 01:46:35.020, 0, 1350, 229.38, 770
2026/08/18 01:46:35.026, 1, 210, 42.87, 1
2026/08/18 01:46:35.035, 2, 210, 38.04, 1
2026/08/18 01:46:35.044, 3, 690, 41.42, 1
2026/08/18 01:46:35.319, 0, 1650, 229.41, 770
2026/08/18 01:46:35.324, 1, 210, 42.83, 1
2026/08/18 01:46:35.333, 2, 210, 38.06, 1
2026/08/18 01:46:35.342, 3, 690, 41.49, 1
2026/08/18 01:46:35.604, 0, 1650, 199.03, 770
2026/08/18 01:46:35.609, 1, 210, 42.83, 1
2026/08/18 01:46:35.618, 2, 210, 38.06, 1
2026/08/18 01:46:35.626, 3, 690, 41.49, 1
2026/08/18 01:46:35.949, 0, 1650, 156.44, 770
2026/08/18 01:46:35.955, 1, 210, 42.83, 1
2026/08/18 01:46:35.963, 2, 210, 38.06, 1
2026/08/18 01:46:35.972, 3, 690, 41.49, 1
2026/08/18 01:46:36.233, 0, 1650, 125.17, 769
2026/08/18 01:46:36.241, 1, 210, 42.80, 1
2026/08/18 01:46:36.251, 2, 210, 38.08, 1
2026/08/18 01:46:36.261, 3, 210, 41.57, 1
2026/08/18 01:46:36.586, 0, 1650, 113.12, 1
2026/08/18 01:46:36.590, 1, 210, 42.80, 1
2026/08/18 01:46:36.599, 2, 210, 38.08, 1
2026/08/18 01:46:36.608, 3, 210, 41.57, 1
2026/08/18 01:46:36.870, 0, 1650, 113.33, 1
2026/08/18 01:46:36.875, 1, 210, 42.80, 1
2026/08/18 01:46:36.883, 2, 210, 38.08, 1
2026/08/18 01:46:36.892, 3, 210, 41.57, 1
2026/08/18 01:46:37.154, 0, 1650, 113.59, 1
2026/08/18 01:46:37.158, 1, 210, 42.62, 1
2026/08/18 01:46:37.167, 2, 210, 38.07, 1
2026/08/18 01:46:37.175, 3, 210, 38.12, 1
2026/08/18 01:46:37.438, 0, 1650, 113.68, 1
2026/08/18 01:46:37.444, 1, 210, 42.62, 1
2026/08/18 01:46:37.453, 2, 210, 38.07, 1
2026/08/18 01:46:37.461, 3, 210, 38.12, 1
2026/08/18 01:46:37.721, 0, 1650, 113.68, 1
2026/08/18 01:46:37.727, 1, 210, 42.62, 1
2026/08/18 01:46:37.736, 2, 210, 38.07, 1
2026/08/18 01:46:37.744, 3, 210, 38.12, 1
2026/08/18 01:46:38.005, 0, 1650, 113.68, 1
2026/08/18 01:46:38.012, 1, 210, 42.62, 1
2026/08/18 01:46:38.021, 2, 210, 38.07, 1
2026/08/18 01:46:38.031, 3, 210, 38.12, 1
2026/08/18 01:46:38.351, 0, 345, 63.71, 1
2026/08/18 01:46:38.359, 1, 210, 42.65, 1
2026/08/18 01:46:38.367, 2, 210, 38.06, 1
2026/08/18 01:46:38.376, 3, 210, 36.63, 1
2026/08/18 01:46:38.640, 0, 345, 63.71, 1
2026/08/18 01:46:38.647, 1, 210, 42.65, 1
2026/08/18 01:46:38.656, 2, 210, 38.06, 1
2026/08/18 01:46:38.664, 3, 210, 36.63, 1
2026/08/18 01:46:38.939, 0, 345, 63.71, 1
2026/08/18 01:46:38.947, 1, 210, 42.65, 1
2026/08/18 01:46:38.955, 2, 210, 38.06, 1
2026/08/18 01:46:38.964, 3, 210, 36.63, 1
2026/08/18 01:46:39.238, 0, 345, 63.71, 1
2026/08/18 01:46:39.246, 1, 210, 42.86, 1
2026/08/18 01:46:39.254, 2, 210, 38.08, 1
2026/08/18 01:46:39.263, 3, 210, 36.65, 1
2026/08/18 01:46:39.524, 0, 225, 49.96, 1
2026/08/18 01:46:39.531, 1, 210, 42.86, 1
2026/08/18 01:46:39.540, 2, 210, 38.08, 1
2026/08/18 01:46:39.548, 3, 210, 36.65, 1
2026/08/18 01:46:39.825, 0, 225, 49.96, 1
2026/08/18 01:46:39.836, 1, 210, 42.86, 1
2026/08/18 01:46:39.845, 2, 210, 38.08, 1
2026/08/18 01:46:39.853, 3, 210, 36.65, 1
2026/08/18 01:46:40.123, 0, 225, 49.96, 1
2026/08/18 01:46:40.132, 1, 210, 42.86, 1
2026/08/18 01:46:40.141, 2, 210, 38.08, 1
2026/08/18 01:46:40.149, 3, 210, 36.67, 1
2026/08/18 01:46:40.425, 0, 210, 39.65, 1
2026/08/18 01:46:40.434, 1, 210, 42.85, 1
2026/08/18 01:46:40.443, 2, 210, 38.08, 1
2026/08/18 01:46:40.452, 3, 210, 36.67, 1
2026/08/18 01:46:40.769, 0, 210, 39.65, 1
2026/08/18 01:46:40.779, 1, 210, 42.85, 1
2026/08/18 01:46:40.787, 2, 210, 38.08, 1
2026/08/18 01:46:40.796, 3, 210, 36.67, 1
2026/08/18 01:46:41.110, 0, 1650, 39.07, 30
2026/08/18 01:46:41.115, 1, 210, 42.85, 1
2026/08/18 01:46:41.124, 2, 210, 38.06, 1
2026/08/18 01:46:41.136, 3, 210, 36.64, 1
2026/08/18 01:46:41.408, 0, 1650, 50.18, 530
2026/08/18 01:46:41.412, 1, 210, 42.69, 1
2026/08/18 01:46:41.421, 2, 210, 38.06, 1
2026/08/18 01:46:41.430, 3, 210, 36.64, 1
2026/08/18 01:46:41.693, 0, 1650, 73.54, 530
2026/08/18 01:46:41.698, 1, 210, 42.69, 1
2026/08/18 01:46:41.708, 2, 210, 38.06, 1
2026/08/18 01:46:41.717, 3, 210, 36.64, 1
2026/08/18 01:46:41.975, 0, 1650, 80.66, 742
2026/08/18 01:46:41.981, 1, 210, 42.69, 1
2026/08/18 01:46:41.990, 2, 210, 38.06, 1
2026/08/18 01:46:41.998, 3, 210, 36.64, 1
2026/08/18 01:46:42.258, 0, 1335, 142.93, 742
2026/08/18 01:46:42.264, 1, 210, 42.60, 1
2026/08/18 01:46:42.273, 2, 210, 38.01, 1
2026/08/18 01:46:42.282, 3, 210, 36.59, 1
2026/08/18 01:46:42.542, 0, 1305, 175.82, 744
2026/08/18 01:46:42.548, 1, 210, 42.60, 1
2026/08/18 01:46:42.557, 2, 210, 38.01, 1
2026/08/18 01:46:42.566, 3, 210, 36.59, 1
2026/08/18 01:46:42.822, 0, 1200, 208.48, 744
2026/08/18 01:46:42.829, 1, 210, 42.60, 1
2026/08/18 01:46:42.838, 2, 210, 38.01, 1
2026/08/18 01:46:42.846, 3, 210, 36.59, 1
2026/08/18 01:46:43.172, 0, 1140, 230.47, 744
2026/08/18 01:46:43.179, 1, 210, 42.65, 1
2026/08/18 01:46:43.188, 2, 210, 37.96, 1
2026/08/18 01:46:43.196, 3, 210, 36.58, 1
2026/08/18 01:46:43.459, 0, 1290, 228.54, 746
2026/08/18 01:46:43.466, 1, 210, 42.65, 1
2026/08/18 01:46:43.475, 2, 210, 37.96, 1
2026/08/18 01:46:43.484, 3, 210, 36.58, 1
2026/08/18 01:46:43.761, 0, 1275, 229.25, 746
2026/08/18 01:46:43.769, 1, 210, 42.65, 1
2026/08/18 01:46:43.778, 2, 210, 37.96, 1
2026/08/18 01:46:43.788, 3, 210, 36.58, 1
2026/08/18 01:46:44.061, 0, 1305, 229.72, 746
2026/08/18 01:46:44.067, 1, 210, 42.65, 1
2026/08/18 01:46:44.076, 2, 210, 37.98, 1
2026/08/18 01:46:44.084, 3, 210, 36.57, 1
2026/08/18 01:46:44.359, 0, 1305, 229.40, 746
2026/08/18 01:46:44.366, 1, 210, 42.73, 1
2026/08/18 01:46:44.374, 2, 210, 37.98, 1
2026/08/18 01:46:44.383, 3, 210, 36.57, 1
2026/08/18 01:46:44.643, 0, 1080, 230.42, 746
2026/08/18 01:46:44.650, 1, 210, 42.73, 1
2026/08/18 01:46:44.659, 2, 210, 37.98, 1
2026/08/18 01:46:44.667, 3, 210, 36.57, 1
2026/08/18 01:46:44.927, 0, 1080, 229.36, 746
2026/08/18 01:46:44.934, 1, 210, 42.73, 1
2026/08/18 01:46:44.943, 2, 210, 37.98, 1
2026/08/18 01:46:44.951, 3, 210, 36.57, 1
2026/08/18 01:46:45.227, 0, 1110, 230.06, 746
2026/08/18 01:46:45.233, 1, 210, 42.72, 1
2026/08/18 01:46:45.242, 2, 210, 38.00, 1
2026/08/18 01:46:45.250, 3, 210, 36.57, 1
2026/08/18 01:46:45.573, 0, 1305, 228.88, 758
2026/08/18 01:46:45.580, 1, 210, 42.72, 1
2026/08/18 01:46:45.589, 2, 210, 38.00, 1
2026/08/18 01:46:45.597, 3, 210, 36.57, 1
2026/08/18 01:46:45.862, 0, 1275, 228.92, 758
2026/08/18 01:46:45.869, 1, 210, 42.72, 1
2026/08/18 01:46:45.878, 2, 210, 38.00, 1
2026/08/18 01:46:45.886, 3, 210, 36.57, 1
2026/08/18 01:46:46.159, 0, 1290, 229.93, 758
2026/08/18 01:46:46.166, 1, 210, 42.79, 1
2026/08/18 01:46:46.174, 2, 210, 37.94, 1
2026/08/18 01:46:46.183, 3, 645, 37.80, 1
2026/08/18 01:46:46.447, 0, 1290, 229.60, 758
2026/08/18 01:46:46.454, 1, 210, 42.79, 1
2026/08/18 01:46:46.464, 2, 210, 37.94, 1
2026/08/18 01:46:46.473, 3, 645, 37.80, 1
2026/08/18 01:46:46.744, 0, 1290, 229.75, 758
2026/08/18 01:46:46.751, 1, 210, 42.79, 1
2026/08/18 01:46:46.760, 2, 210, 37.94, 1
2026/08/18 01:46:46.768, 3, 645, 37.80, 1
2026/08/18 01:46:47.028, 0, 1290, 229.99, 758
2026/08/18 01:46:47.035, 1, 210, 42.79, 1
2026/08/18 01:46:47.043, 2, 210, 37.94, 1
2026/08/18 01:46:47.053, 3, 645, 40.99, 1
2026/08/18 01:46:47.331, 0, 1290, 229.19, 758
2026/08/18 01:46:47.338, 1, 210, 42.89, 1
2026/08/18 01:46:47.347, 2, 210, 37.90, 1
2026/08/18 01:46:47.355, 3, 645, 40.99, 1
2026/08/18 01:46:47.629, 0, 1305, 229.98, 758
2026/08/18 01:46:47.636, 1, 210, 42.89, 1
2026/08/18 01:46:47.644, 2, 210, 37.90, 1
2026/08/18 01:46:47.653, 3, 645, 40.99, 1
2026/08/18 01:46:47.959, 0, 1095, 229.94, 758
2026/08/18 01:46:47.965, 1, 210, 42.89, 1
2026/08/18 01:46:47.974, 2, 210, 37.90, 1
2026/08/18 01:46:47.983, 3, 645, 40.99, 1
2026/08/18 01:46:48.245, 0, 1065, 229.37, 758
2026/08/18 01:46:48.251, 1, 210, 42.88, 1
2026/08/18 01:46:48.260, 2, 210, 37.88, 1
2026/08/18 01:46:48.269, 3, 210, 41.12, 1
2026/08/18 01:46:48.534, 0, 1125, 229.95, 758
2026/08/18 01:46:48.541, 1, 210, 42.88, 1
2026/08/18 01:46:48.551, 2, 210, 37.88, 1
2026/08/18 01:46:48.560, 3, 210, 41.12, 1
2026/08/18 01:46:48.830, 0, 1095, 229.56, 758
2026/08/18 01:46:48.837, 1, 210, 42.88, 1
2026/08/18 01:46:48.846, 2, 210, 37.88, 1
2026/08/18 01:46:48.854, 3, 210, 41.12, 1
2026/08/18 01:46:49.131, 0, 1080, 229.47, 768
2026/08/18 01:46:49.138, 1, 210, 42.88, 1
2026/08/18 01:46:49.146, 2, 210, 37.87, 1
2026/08/18 01:46:49.155, 3, 210, 37.97, 1
2026/08/18 01:46:49.431, 0, 1305, 229.41, 768
2026/08/18 01:46:49.438, 1, 210, 42.86, 1
2026/08/18 01:46:49.446, 2, 210, 37.87, 1
2026/08/18 01:46:49.455, 3, 210, 37.97, 1
2026/08/18 01:46:49.731, 0, 1290, 229.71, 768
2026/08/18 01:46:49.738, 1, 210, 42.86, 1
2026/08/18 01:46:49.746, 2, 210, 37.87, 1
2026/08/18 01:46:49.755, 3, 210, 37.97, 1
2026/08/18 01:46:50.031, 0, 1260, 229.61, 768
2026/08/18 01:46:50.038, 1, 210, 42.86, 1
2026/08/18 01:46:50.047, 2, 210, 37.87, 1
2026/08/18 01:46:50.055, 3, 210, 36.63, 1
2026/08/18 01:46:50.377, 0, 1290, 229.97, 768
2026/08/18 01:46:50.384, 1, 210, 42.93, 1
2026/08/18 01:46:50.392, 2, 210, 37.92, 1
2026/08/18 01:46:50.401, 3, 210, 36.63, 1
2026/08/18 01:46:50.665, 0, 1305, 229.94, 768
2026/08/18 01:46:50.672, 1, 210, 42.93, 1
2026/08/18 01:46:50.681, 2, 210, 37.92, 1
2026/08/18 01:46:50.689, 3, 210, 36.63, 1
2026/08/18 01:46:50.968, 0, 1275, 229.53, 768
2026/08/18 01:46:50.975, 1, 210, 42.93, 1
2026/08/18 01:46:50.984, 2, 210, 37.92, 1
2026/08/18 01:46:50.994, 3, 210, 36.63, 1
2026/08/18 01:46:51.266, 0, 1290, 229.30, 768
2026/08/18 01:46:51.273, 1, 210, 42.99, 1
2026/08/18 01:46:51.282, 2, 210, 37.92, 1
2026/08/18 01:46:51.290, 3, 210, 36.64, 1
2026/08/18 01:46:51.565, 0, 1290, 229.87, 768
2026/08/18 01:46:51.571, 1, 210, 42.99, 1
2026/08/18 01:46:51.580, 2, 210, 37.92, 1
2026/08/18 01:46:51.589, 3, 210, 36.64, 1
2026/08/18 01:46:51.848, 0, 1275, 229.65, 768
2026/08/18 01:46:51.855, 1, 210, 42.99, 1
2026/08/18 01:46:51.864, 2, 210, 37.92, 1
2026/08/18 01:46:51.872, 3, 210, 36.64, 1
2026/08/18 01:46:52.130, 0, 1260, 228.98, 768
2026/08/18 01:46:52.137, 1, 210, 42.99, 1
2026/08/18 01:46:52.146, 2, 210, 37.94, 1
2026/08/18 01:46:52.155, 3, 210, 36.63, 1
2026/08/18 01:46:52.418, 0, 1290, 229.59, 768
2026/08/18 01:46:52.425, 1, 210, 42.88, 1
2026/08/18 01:46:52.435, 2, 210, 37.94, 1
2026/08/18 01:46:52.445, 3, 210, 36.63, 1
2026/08/18 01:46:52.730, 0, 1275, 229.66, 768
2026/08/18 01:46:52.736, 1, 210, 42.88, 1
2026/08/18 01:46:52.745, 2, 210, 37.94, 1
2026/08/18 01:46:52.753, 3, 210, 36.63, 1
2026/08/18 01:46:53.002, 0, 1260, 229.32, 768
2026/08/18 01:46:53.009, 1, 210, 42.88, 1
2026/08/18 01:46:53.018, 2, 210, 37.94, 1
2026/08/18 01:46:53.026, 3, 210, 36.63, 1
2026/08/18 01:46:53.302, 0, 1290, 229.56, 768
2026/08/18 01:46:53.308, 1, 210, 42.79, 1
2026/08/18 01:46:53.317, 2, 210, 38.01, 1
2026/08/18 01:46:53.325, 3, 210, 36.64, 1
2026/08/18 01:46:53.600, 0, 1290, 230.07, 768
2026/08/18 01:46:53.607, 1, 210, 42.79, 1
2026/08/18 01:46:53.615, 2, 210, 38.01, 1
2026/08/18 01:46:53.624, 3, 210, 36.64, 1
2026/08/18 01:46:53.885, 0, 1050, 229.49, 768
2026/08/18 01:46:53.892, 1, 210, 42.79, 1
2026/08/18 01:46:53.900, 2, 210, 38.01, 1
2026/08/18 01:46:53.909, 3, 210, 36.64, 1
2026/08/18 01:46:54.184, 0, 1080, 229.55, 768
2026/08/18 01:46:54.191, 1, 210, 42.79, 1
2026/08/18 01:46:54.200, 2, 210, 38.02, 1
2026/08/18 01:46:54.208, 3, 210, 36.65, 1
2026/08/18 01:46:54.468, 0, 1095, 229.97, 768
2026/08/18 01:46:54.474, 1, 210, 42.79, 1
2026/08/18 01:46:54.483, 2, 210, 38.02, 1
2026/08/18 01:46:54.491, 3, 210, 36.65, 1
2026/08/18 01:46:54.751, 0, 1110, 229.55, 768
2026/08/18 01:46:54.758, 1, 210, 42.79, 1
2026/08/18 01:46:54.767, 2, 210, 38.02, 1
2026/08/18 01:46:54.776, 3, 210, 36.65, 1
2026/08/18 01:46:55.065, 0, 1065, 229.24, 768
2026/08/18 01:46:55.072, 1, 210, 42.79, 1
2026/08/18 01:46:55.081, 2, 210, 37.98, 1
2026/08/18 01:46:55.089, 3, 210, 36.63, 1
2026/08/18 01:46:55.348, 0, 1095, 229.98, 768
2026/08/18 01:46:55.355, 1, 210, 42.73, 1
2026/08/18 01:46:55.364, 2, 210, 37.98, 1
2026/08/18 01:46:55.373, 3, 210, 36.63, 1
2026/08/18 01:46:55.638, 0, 1080, 229.77, 768
2026/08/18 01:46:55.645, 1, 210, 42.73, 1
2026/08/18 01:46:55.654, 2, 210, 37.98, 1
2026/08/18 01:46:55.664, 3, 210, 36.63, 1
2026/08/18 01:46:55.932, 0, 1065, 229.45, 768
2026/08/18 01:46:55.938, 1, 210, 42.73, 1
2026/08/18 01:46:55.947, 2, 210, 37.98, 1
2026/08/18 01:46:55.955, 3, 210, 36.63, 1
2026/08/18 01:46:56.220, 0, 1095, 229.80, 768
2026/08/18 01:46:56.227, 1, 210, 42.66, 1
2026/08/18 01:46:56.236, 2, 210, 37.92, 1
2026/08/18 01:46:56.244, 3, 210, 36.62, 1
2026/08/18 01:46:56.521, 0, 1080, 229.91, 768
2026/08/18 01:46:56.528, 1, 210, 42.66, 1
2026/08/18 01:46:56.538, 2, 210, 37.92, 1
2026/08/18 01:46:56.547, 3, 210, 36.62, 1
2026/08/18 01:46:56.823, 0, 1080, 228.95, 744
2026/08/18 01:46:56.830, 1, 210, 42.66, 1
2026/08/18 01:46:56.840, 2, 210, 37.92, 1
2026/08/18 01:46:56.849, 3, 210, 36.62, 1
2026/08/18 01:46:57.120, 0, 1425, 228.48, 744
2026/08/18 01:46:57.126, 1, 210, 42.66, 1
2026/08/18 01:46:57.134, 2, 210, 37.88, 1
2026/08/18 01:46:57.143, 3, 210, 36.63, 1
2026/08/18 01:46:57.434, 0, 1425, 228.55, 744
2026/08/18 01:46:57.440, 1, 210, 42.65, 1
2026/08/18 01:46:57.449, 2, 210, 37.88, 1
2026/08/18 01:46:57.458, 3, 210, 36.63, 1
2026/08/18 01:46:57.722, 0, 1425, 228.62, 744
2026/08/18 01:46:57.729, 1, 210, 42.65, 1
2026/08/18 01:46:57.743, 2, 210, 37.88, 1
2026/08/18 01:46:57.751, 3, 210, 36.63, 1
2026/08/18 01:46:58.021, 0, 1350, 229.47, 744
2026/08/18 01:46:58.027, 1, 210, 42.65, 1
2026/08/18 01:46:58.036, 2, 210, 37.88, 1
2026/08/18 01:46:58.044, 3, 210, 36.63, 1
2026/08/18 01:46:58.304, 0, 1425, 228.28, 746
2026/08/18 01:46:58.311, 1, 210, 42.51, 1
2026/08/18 01:46:58.319, 2, 210, 37.89, 1
2026/08/18 01:46:58.328, 3, 210, 36.62, 1
2026/08/18 01:46:58.588, 0, 1440, 228.41, 746
2026/08/18 01:46:58.595, 1, 210, 42.51, 1
2026/08/18 01:46:58.604, 2, 210, 37.89, 1
2026/08/18 01:46:58.613, 3, 210, 36.62, 1
2026/08/18 01:46:58.891, 0, 1410, 228.79, 746
2026/08/18 01:46:58.898, 1, 210, 42.51, 1
2026/08/18 01:46:58.908, 2, 210, 37.89, 1
2026/08/18 01:46:58.918, 3, 210, 36.62, 1
2026/08/18 01:46:59.189, 0, 1365, 229.00, 746
2026/08/18 01:46:59.195, 1, 210, 42.46, 1
2026/08/18 01:46:59.204, 2, 210, 37.90, 1
2026/08/18 01:46:59.212, 3, 210, 36.63, 1
2026/08/18 01:46:59.473, 0, 1365, 229.44, 746
2026/08/18 01:46:59.480, 1, 210, 42.46, 1
2026/08/18 01:46:59.489, 2, 210, 37.90, 1
2026/08/18 01:46:59.497, 3, 210, 36.63, 1
2026/08/18 01:46:59.818, 0, 1425, 228.75, 758
2026/08/18 01:46:59.825, 1, 210, 42.46, 1
2026/08/18 01:46:59.833, 2, 210, 37.90, 1
2026/08/18 01:46:59.842, 3, 210, 36.63, 1
2026/08/18 01:47:00.105, 0, 1425, 229.04, 758
2026/08/18 01:47:00.112, 1, 210, 42.46, 1
2026/08/18 01:47:00.121, 2, 210, 37.92, 1
2026/08/18 01:47:00.129, 3, 690, 37.28, 1
2026/08/18 01:47:00.390, 0, 1425, 229.68, 758
2026/08/18 01:47:00.396, 1, 210, 42.59, 1
2026/08/18 01:47:00.405, 2, 210, 37.92, 1
2026/08/18 01:47:00.414, 3, 690, 37.28, 1
2026/08/18 01:47:00.672, 0, 1425, 229.62, 758
2026/08/18 01:47:00.679, 1, 210, 42.59, 1
2026/08/18 01:47:00.687, 2, 210, 37.92, 1
2026/08/18 01:47:00.696, 3, 690, 37.28, 1
2026/08/18 01:47:00.959, 0, 1425, 229.44, 758
2026/08/18 01:47:00.966, 1, 210, 42.59, 1
2026/08/18 01:47:00.976, 2, 210, 37.92, 1
2026/08/18 01:47:00.986, 3, 690, 37.28, 1
2026/08/18 01:47:01.254, 0, 1425, 229.56, 758
2026/08/18 01:47:01.260, 1, 210, 42.59, 1
2026/08/18 01:47:01.269, 2, 210, 37.91, 1
2026/08/18 01:47:01.277, 3, 690, 40.65, 1
2026/08/18 01:47:01.540, 0, 1425, 229.53, 758
2026/08/18 01:47:01.547, 1, 210, 42.59, 1
2026/08/18 01:47:01.555, 2, 210, 37.91, 1
2026/08/18 01:47:01.564, 3, 690, 40.65, 1
2026/08/18 01:47:01.825, 0, 1425, 229.74, 758
2026/08/18 01:47:01.831, 1, 210, 42.59, 1
2026/08/18 01:47:01.840, 2, 210, 37.91, 1
2026/08/18 01:47:01.848, 3, 690, 40.65, 1
2026/08/18 01:47:02.156, 0, 1365, 229.87, 758
2026/08/18 01:47:02.188, 1, 210, 42.65, 1
2026/08/18 01:47:02.198, 2, 210, 37.90, 1
2026/08/18 01:47:02.208, 3, 210, 42.18, 1
2026/08/18 01:47:02.476, 0, 1365, 229.70, 758
2026/08/18 01:47:02.483, 1, 210, 42.65, 1
2026/08/18 01:47:02.493, 2, 210, 37.90, 1
2026/08/18 01:47:02.502, 3, 210, 42.18, 1
2026/08/18 01:47:02.776, 0, 1365, 229.57, 758
2026/08/18 01:47:02.782, 1, 210, 42.65, 1
2026/08/18 01:47:02.795, 2, 210, 37.90, 1
2026/08/18 01:47:02.804, 3, 210, 42.18, 1
2026/08/18 01:47:03.075, 0, 1440, 229.06, 770
2026/08/18 01:47:03.082, 1, 210, 42.65, 1
2026/08/18 01:47:03.091, 2, 210, 37.90, 1
2026/08/18 01:47:03.099, 3, 210, 41.61, 1
2026/08/18 01:47:03.359, 0, 1410, 229.46, 770
2026/08/18 01:47:03.366, 1, 210, 42.59, 1
2026/08/18 01:47:03.374, 2, 210, 37.90, 1
2026/08/18 01:47:03.383, 3, 690, 41.61, 1
2026/08/18 01:47:03.641, 0, 1425, 229.39, 770
2026/08/18 01:47:03.648, 1, 210, 42.59, 1
2026/08/18 01:47:03.656, 2, 210, 37.90, 1
2026/08/18 01:47:03.665, 3, 690, 41.61, 1
2026/08/18 01:47:03.927, 0, 1410, 229.65, 770
2026/08/18 01:47:03.934, 1, 210, 42.59, 1
2026/08/18 01:47:03.943, 2, 210, 37.90, 1
2026/08/18 01:47:03.953, 3, 690, 41.61, 1
2026/08/18 01:47:04.226, 0, 1425, 229.57, 770
2026/08/18 01:47:04.232, 1, 210, 42.58, 1
2026/08/18 01:47:04.241, 2, 210, 37.87, 1
2026/08/18 01:47:04.249, 3, 210, 42.91, 1
2026/08/18 01:47:04.528, 0, 1425, 229.31, 770
2026/08/18 01:47:04.555, 1, 210, 42.58, 1
2026/08/18 01:47:04.575, 2, 210, 37.87, 1
2026/08/18 01:47:04.585, 3, 210, 42.91, 1
2026/08/18 01:47:04.860, 0, 1410, 229.85, 770
2026/08/18 01:47:04.867, 1, 210, 42.58, 1
2026/08/18 01:47:04.875, 2, 210, 37.87, 1
2026/08/18 01:47:04.884, 3, 210, 42.91, 1
2026/08/18 01:47:05.143, 0, 1410, 229.63, 770
2026/08/18 01:47:05.150, 1, 210, 42.72, 1
2026/08/18 01:47:05.158, 2, 210, 37.83, 1
2026/08/18 01:47:05.167, 3, 690, 41.57, 1
2026/08/18 01:47:05.429, 0, 1410, 229.48, 770
2026/08/18 01:47:05.436, 1, 210, 42.72, 1
2026/08/18 01:47:05.446, 2, 210, 37.83, 1
2026/08/18 01:47:05.455, 3, 690, 41.57, 1
2026/08/18 01:47:05.729, 0, 1425, 229.49, 770
2026/08/18 01:47:05.736, 1, 210, 42.72, 1
2026/08/18 01:47:05.746, 2, 210, 37.83, 1
2026/08/18 01:47:05.755, 3, 690, 41.57, 1
2026/08/18 01:47:06.027, 0, 1410, 229.55, 770
2026/08/18 01:47:06.034, 1, 210, 42.72, 1
2026/08/18 01:47:06.042, 2, 210, 37.83, 1
2026/08/18 01:47:06.051, 3, 690, 41.57, 1
2026/08/18 01:47:06.311, 0, 1410, 229.56, 770
2026/08/18 01:47:06.318, 1, 210, 42.67, 1
2026/08/18 01:47:06.326, 2, 210, 37.82, 1
2026/08/18 01:47:06.335, 3, 690, 41.64, 1
2026/08/18 01:47:06.593, 0, 1425, 229.38, 770
2026/08/18 01:47:06.600, 1, 210, 42.67, 1
2026/08/18 01:47:06.609, 2, 210, 37.82, 1
2026/08/18 01:47:06.617, 3, 690, 41.64, 1
2026/08/18 01:47:06.879, 0, 1440, 229.30, 770
2026/08/18 01:47:06.888, 1, 210, 42.67, 1
2026/08/18 01:47:06.897, 2, 210, 37.82, 1
2026/08/18 01:47:06.908, 3, 690, 41.64, 1
2026/08/18 01:47:07.174, 0, 1410, 229.59, 770
2026/08/18 01:47:07.181, 1, 210, 42.57, 1
2026/08/18 01:47:07.190, 2, 210, 37.80, 1
2026/08/18 01:47:07.198, 3, 210, 41.70, 1
2026/08/18 01:47:07.463, 0, 1350, 229.63, 770
2026/08/18 01:47:07.470, 1, 210, 42.57, 1
2026/08/18 01:47:07.479, 2, 210, 37.80, 1
2026/08/18 01:47:07.489, 3, 210, 41.70, 1
2026/08/18 01:47:07.762, 0, 1365, 229.33, 770
2026/08/18 01:47:07.769, 1, 210, 42.57, 1
2026/08/18 01:47:07.777, 2, 210, 37.80, 1
2026/08/18 01:47:07.786, 3, 210, 41.70, 1
2026/08/18 01:47:08.045, 0, 1380, 229.16, 770
2026/08/18 01:47:08.051, 1, 210, 42.57, 1
2026/08/18 01:47:08.060, 2, 210, 37.80, 1
2026/08/18 01:47:08.069, 3, 210, 38.19, 1
2026/08/18 01:47:08.330, 0, 1350, 229.56, 770
2026/08/18 01:47:08.337, 1, 210, 42.54, 1
2026/08/18 01:47:08.345, 2, 210, 37.79, 1
2026/08/18 01:47:08.354, 3, 210, 38.19, 1
2026/08/18 01:47:08.630, 0, 1350, 229.21, 770
2026/08/18 01:47:08.636, 1, 210, 42.54, 1
2026/08/18 01:47:08.645, 2, 210, 37.79, 1
2026/08/18 01:47:08.653, 3, 210, 38.19, 1
2026/08/18 01:47:08.931, 0, 1365, 229.17, 770
2026/08/18 01:47:08.937, 1, 210, 42.54, 1
2026/08/18 01:47:08.946, 2, 210, 37.79, 1
2026/08/18 01:47:08.954, 3, 210, 38.19, 1
2026/08/18 01:47:09.230, 0, 1380, 229.27, 770
2026/08/18 01:47:09.236, 1, 210, 42.58, 1
2026/08/18 01:47:09.244, 2, 210, 37.79, 1
2026/08/18 01:47:09.253, 3, 210, 36.71, 1
2026/08/18 01:47:09.510, 0, 1350, 228.75, 770
2026/08/18 01:47:09.516, 1, 210, 42.58, 1
2026/08/18 01:47:09.525, 2, 210, 37.79, 1
2026/08/18 01:47:09.533, 3, 210, 36.71, 1
2026/08/18 01:47:09.794, 0, 1650, 220.79, 770
2026/08/18 01:47:09.800, 1, 210, 42.58, 1
2026/08/18 01:47:09.809, 2, 210, 37.79, 1
2026/08/18 01:47:09.818, 3, 210, 36.71, 1
2026/08/18 01:47:10.081, 0, 1650, 189.73, 770
2026/08/18 01:47:10.086, 1, 210, 42.58, 1
2026/08/18 01:47:10.095, 2, 210, 37.80, 1
2026/08/18 01:47:10.103, 3, 210, 36.71, 1
2026/08/18 01:47:10.365, 0, 1650, 157.52, 770
2026/08/18 01:47:10.370, 1, 210, 42.49, 1
2026/08/18 01:47:10.379, 2, 210, 37.80, 1
2026/08/18 01:47:10.388, 3, 210, 36.71, 1
2026/08/18 01:47:10.712, 0, 1650, 126.56, 1
2026/08/18 01:47:10.717, 1, 210, 42.49, 1
2026/08/18 01:47:10.727, 2, 210, 37.80, 1
2026/08/18 01:47:10.737, 3, 210, 36.71, 1
2026/08/18 01:47:10.996, 0, 1650, 114.30, 1
2026/08/18 01:47:11.001, 1, 210, 42.49, 1
2026/08/18 01:47:11.010, 2, 210, 37.80, 1
2026/08/18 01:47:11.018, 3, 210, 36.71, 1
2026/08/18 01:47:11.282, 0, 1650, 114.46, 1
2026/08/18 01:47:11.287, 1, 210, 42.50, 1
2026/08/18 01:47:11.295, 2, 210, 37.82, 1
2026/08/18 01:47:11.304, 3, 210, 36.70, 1
2026/08/18 01:47:11.565, 0, 1650, 114.66, 1
2026/08/18 01:47:11.569, 1, 210, 42.50, 1
2026/08/18 01:47:11.578, 2, 210, 37.82, 1
2026/08/18 01:47:11.586, 3, 210, 36.70, 1
2026/08/18 01:47:11.848, 0, 1650, 114.66, 1
2026/08/18 01:47:11.853, 1, 210, 42.50, 1
2026/08/18 01:47:11.861, 2, 210, 37.82, 1
2026/08/18 01:47:11.870, 3, 210, 36.70, 1
2026/08/18 01:47:12.133, 0, 1650, 114.66, 1
2026/08/18 01:47:12.137, 1, 210, 42.50, 1
2026/08/18 01:47:12.146, 2, 210, 37.84, 1
2026/08/18 01:47:12.155, 3, 210, 36.69, 1
2026/08/18 01:47:12.418, 0, 1650, 114.66, 1
2026/08/18 01:47:12.426, 1, 210, 42.61, 1
2026/08/18 01:47:12.435, 2, 210, 37.84, 1
2026/08/18 01:47:12.445, 3, 210, 36.69, 1
2026/08/18 01:47:12.717, 0, 420, 96.58, 1
2026/08/18 01:47:12.724, 1, 210, 42.61, 1
2026/08/18 01:47:12.732, 2, 210, 37.84, 1
2026/08/18 01:47:12.741, 3, 210, 36.69, 1
2026/08/18 01:47:13.017, 0, 420, 96.58, 1
2026/08/18 01:47:13.025, 1, 210, 42.61, 1
2026/08/18 01:47:13.038, 2, 210, 37.84, 1
2026/08/18 01:47:13.047, 3, 210, 36.69, 1
2026/08/18 01:47:13.318, 0, 420, 96.58, 1
2026/08/18 01:47:13.326, 1, 210, 42.59, 1
2026/08/18 01:47:13.336, 2, 210, 37.88, 1
2026/08/18 01:47:13.345, 3, 210, 36.69, 1
2026/08/18 01:47:13.617, 0, 420, 68.90, 1
2026/08/18 01:47:13.624, 1, 210, 42.59, 1
2026/08/18 01:47:13.632, 2, 210, 37.88, 1
2026/08/18 01:47:13.641, 3, 210, 36.69, 1
2026/08/18 01:47:13.921, 0, 270, 68.90, 1
2026/08/18 01:47:13.931, 1, 210, 42.59, 1
2026/08/18 01:47:13.941, 2, 210, 37.88, 1
2026/08/18 01:47:13.950, 3, 210, 36.69, 1
2026/08/18 01:47:14.263, 0, 270, 68.90, 1
2026/08/18 01:47:14.272, 1, 210, 42.46, 1
2026/08/18 01:47:14.280, 2, 210, 37.88, 1
2026/08/18 01:47:14.289, 3, 210, 36.72, 1
2026/08/18 01:47:14.549, 0, 270, 68.90, 1
2026/08/18 01:47:14.559, 1, 210, 42.46, 1
2026/08/18 01:47:14.567, 2, 210, 37.88, 1
2026/08/18 01:47:14.576, 3, 210, 36.72, 1
2026/08/18 01:47:14.851, 0, 210, 40.91, 1
2026/08/18 01:47:14.860, 1, 210, 42.46, 1
2026/08/18 01:47:14.869, 2, 210, 37.88, 1
2026/08/18 01:47:14.877, 3, 210, 36.72, 1
2026/08/18 01:47:15.153, 0, 210, 40.91, 1
2026/08/18 01:47:15.162, 1, 210, 42.36, 1
2026/08/18 01:47:15.171, 2, 210, 37.86, 1
2026/08/18 01:47:15.179, 3, 210, 36.72, 1
2026/08/18 01:47:15.522, 0, 1650, 44.69, 398
2026/08/18 01:47:15.528, 1, 210, 42.36, 1
2026/08/18 01:47:15.536, 2, 210, 37.86, 1
2026/08/18 01:47:15.545, 3, 210, 36.72, 1
2026/08/18 01:47:15.822, 0, 1650, 66.64, 530
2026/08/18 01:47:15.827, 1, 210, 42.36, 1
2026/08/18 01:47:15.835, 2, 210, 37.86, 1
2026/08/18 01:47:15.844, 3, 210, 36.72, 1
2026/08/18 01:47:16.120, 0, 1650, 75.81, 530
2026/08/18 01:47:16.125, 1, 210, 42.36, 1
2026/08/18 01:47:16.135, 2, 210, 37.84, 1
2026/08/18 01:47:16.145, 3, 210, 36.69, 1
2026/08/18 01:47:16.419, 0, 1335, 133.25, 742
2026/08/18 01:47:16.426, 1, 210, 42.33, 1
2026/08/18 01:47:16.435, 2, 210, 37.84, 1
2026/08/18 01:47:16.443, 3, 210, 36.69, 1
2026/08/18 01:47:16.719, 0, 1200, 169.27, 744
2026/08/18 01:47:16.726, 1, 210, 42.33, 1
2026/08/18 01:47:16.735, 2, 210, 37.84, 1
2026/08/18 01:47:16.744, 3, 210, 36.69, 1
2026/08/18 01:47:17.020, 0, 1305, 201.78, 744
2026/08/18 01:47:17.027, 1, 210, 42.33, 1
2026/08/18 01:47:17.035, 2, 210, 37.84, 1
2026/08/18 01:47:17.044, 3, 210, 36.66, 1
2026/08/18 01:47:17.321, 0, 1305, 231.30, 744
2026/08/18 01:47:17.328, 1, 210, 42.29, 1
2026/08/18 01:47:17.336, 2, 210, 37.76, 1
2026/08/18 01:47:17.345, 3, 210, 36.66, 1
2026/08/18 01:47:17.620, 0, 1110, 230.45, 744
2026/08/18 01:47:17.627, 1, 210, 42.29, 1
2026/08/18 01:47:17.635, 2, 210, 37.76, 1
2026/08/18 01:47:17.644, 3, 210, 36.66, 1
2026/08/18 01:47:17.905, 0, 1305, 228.87, 746
2026/08/18 01:47:17.911, 1, 210, 42.29, 1
2026/08/18 01:47:17.920, 2, 210, 37.76, 1
2026/08/18 01:47:17.929, 3, 210, 36.66, 1
2026/08/18 01:47:18.206, 0, 1275, 227.86, 746
2026/08/18 01:47:18.213, 1, 210, 42.20, 1
2026/08/18 01:47:18.222, 2, 210, 37.74, 1
2026/08/18 01:47:18.231, 3, 210, 36.66, 1
2026/08/18 01:47:18.506, 0, 1305, 230.12, 746
2026/08/18 01:47:18.513, 1, 210, 42.20, 1
2026/08/18 01:47:18.523, 2, 210, 37.74, 1
2026/08/18 01:47:18.532, 3, 210, 36.66, 1
2026/08/18 01:47:18.807, 0, 1290, 228.89, 746
2026/08/18 01:47:18.814, 1, 210, 42.20, 1
2026/08/18 01:47:18.824, 2, 210, 37.74, 1
2026/08/18 01:47:18.833, 3, 210, 36.66, 1
2026/08/18 01:47:19.107, 0, 1035, 229.61, 746
2026/08/18 01:47:19.114, 1, 210, 42.20, 1
2026/08/18 01:47:19.123, 2, 210, 37.76, 1
2026/08/18 01:47:19.132, 3, 210, 36.63, 1
2026/08/18 01:47:19.406, 0, 1095, 230.13, 746
2026/08/18 01:47:19.413, 1, 210, 42.18, 1
2026/08/18 01:47:19.423, 2, 210, 37.76, 1
2026/08/18 01:47:19.432, 3, 210, 36.63, 1
2026/08/18 01:47:19.705, 0, 1290, 229.26, 758
2026/08/18 01:47:19.711, 1, 210, 42.18, 1
2026/08/18 01:47:19.720, 2, 210, 37.76, 1
2026/08/18 01:47:19.728, 3, 210, 36.63, 1
2026/08/18 01:47:19.988, 0, 1275, 229.33, 758
2026/08/18 01:47:19.995, 1, 210, 42.18, 1
2026/08/18 01:47:20.003, 2, 210, 37.76, 1
2026/08/18 01:47:20.012, 3, 210, 36.63, 1
2026/08/18 01:47:20.274, 0, 1275, 229.71, 758
2026/08/18 01:47:20.281, 1, 210, 42.29, 1
2026/08/18 01:47:20.289, 2, 210, 37.77, 1
2026/08/18 01:47:20.298, 3, 210, 36.62, 1
2026/08/18 01:47:20.569, 0, 1260, 229.62, 758
2026/08/18 01:47:20.575, 1, 210, 42.29, 1
2026/08/18 01:47:20.584, 2, 210, 37.77, 1
2026/08/18 01:47:20.593, 3, 210, 36.62, 1
2026/08/18 01:47:20.857, 0, 1290, 229.95, 758
2026/08/18 01:47:20.863, 1, 210, 42.29, 1
2026/08/18 01:47:20.872, 2, 210, 37.77, 1
2026/08/18 01:47:20.881, 3, 210, 36.62, 1
2026/08/18 01:47:21.156, 0, 1275, 229.53, 758
2026/08/18 01:47:21.162, 1, 210, 42.25, 1
2026/08/18 01:47:21.171, 2, 210, 37.78, 1
2026/08/18 01:47:21.179, 3, 210, 36.63, 1
2026/08/18 01:47:21.457, 0, 1275, 229.54, 758
2026/08/18 01:47:21.464, 1, 210, 42.25, 1
2026/08/18 01:47:21.473, 2, 210, 37.78, 1
2026/08/18 01:47:21.482, 3, 210, 36.63, 1
2026/08/18 01:47:21.756, 0, 1275, 229.85, 758
2026/08/18 01:47:21.763, 1, 210, 42.25, 1
2026/08/18 01:47:21.771, 2, 210, 37.78, 1
2026/08/18 01:47:21.780, 3, 210, 36.63, 1
2026/08/18 01:47:22.041, 0, 1050, 230.00, 758
2026/08/18 01:47:22.048, 1, 210, 42.25, 1
2026/08/18 01:47:22.056, 2, 210, 37.78, 1
2026/08/18 01:47:22.065, 3, 210, 36.63, 1
2026/08/18 01:47:22.340, 0, 1065, 229.81, 758
2026/08/18 01:47:22.346, 1, 210, 42.28, 1
2026/08/18 01:47:22.355, 2, 210, 37.80, 1
2026/08/18 01:47:22.363, 3, 210, 36.63, 1
2026/08/18 01:47:22.625, 0, 1080, 229.76, 758
2026/08/18 01:47:22.631, 1, 210, 42.28, 1
2026/08/18 01:47:22.640, 2, 210, 37.80, 1
2026/08/18 01:47:22.648, 3, 210, 36.63, 1
2026/08/18 01:47:22.927, 0, 1080, 230.17, 758
2026/08/18 01:47:22.934, 1, 210, 42.28, 1
2026/08/18 01:47:22.943, 2, 210, 37.80, 1
2026/08/18 01:47:22.952, 3, 210, 36.63, 1
2026/08/18 01:47:23.226, 0, 1065, 229.80, 758
2026/08/18 01:47:23.233, 1, 210, 42.22, 1
2026/08/18 01:47:23.241, 2, 210, 37.83, 1
2026/08/18 01:47:23.250, 3, 210, 36.67, 1
2026/08/18 01:47:23.525, 0, 1245, 228.85, 768
2026/08/18 01:47:23.531, 1, 210, 42.22, 1
2026/08/18 01:47:23.540, 2, 210, 37.83, 1
2026/08/18 01:47:23.548, 3, 210, 36.67, 1
2026/08/18 01:47:23.825, 0, 1290, 229.66, 768
2026/08/18 01:47:23.832, 1, 210, 42.22, 1
2026/08/18 01:47:23.841, 2, 210, 37.83, 1
2026/08/18 01:47:23.849, 3, 210, 36.67, 1
2026/08/18 01:47:24.127, 0, 1275, 229.61, 768
2026/08/18 01:47:24.134, 1, 210, 42.22, 1
2026/08/18 01:47:24.143, 2, 210, 37.85, 1
2026/08/18 01:47:24.152, 3, 690, 37.35, 1
2026/08/18 01:47:24.425, 0, 1260, 229.18, 768
2026/08/18 01:47:24.431, 1, 210, 42.10, 1
2026/08/18 01:47:24.440, 2, 210, 37.85, 1
2026/08/18 01:47:24.448, 3, 690, 37.35, 1
2026/08/18 01:47:24.710, 0, 1290, 229.95, 768
2026/08/18 01:47:24.717, 1, 210, 42.10, 1
2026/08/18 01:47:24.725, 2, 210, 37.85, 1
2026/08/18 01:47:24.734, 3, 690, 37.35, 1
2026/08/18 01:47:25.012, 0, 1275, 229.51, 768
2026/08/18 01:47:25.019, 1, 210, 42.10, 1
2026/08/18 01:47:25.029, 2, 210, 37.85, 1
2026/08/18 01:47:25.039, 3, 690, 40.84, 1
2026/08/18 01:47:25.310, 0, 1260, 229.46, 768
2026/08/18 01:47:25.317, 1, 210, 42.09, 1
2026/08/18 01:47:25.327, 2, 210, 37.84, 1
2026/08/18 01:47:25.337, 3, 690, 40.84, 1
2026/08/18 01:47:25.611, 0, 1290, 229.45, 768
2026/08/18 01:47:25.618, 1, 210, 42.09, 1
2026/08/18 01:47:25.626, 2, 210, 37.84, 1
2026/08/18 01:47:25.635, 3, 690, 40.84, 1
2026/08/18 01:47:25.912, 0, 1275, 229.74, 768
2026/08/18 01:47:25.919, 1, 210, 42.09, 1
2026/08/18 01:47:25.928, 2, 210, 37.84, 1
2026/08/18 01:47:25.938, 3, 690, 40.84, 1
2026/08/18 01:47:26.207, 0, 1275, 229.63, 768
2026/08/18 01:47:26.213, 1, 210, 42.05, 1
2026/08/18 01:47:26.222, 2, 210, 37.84, 1
2026/08/18 01:47:26.230, 3, 210, 42.36, 1
2026/08/18 01:47:26.493, 0, 1275, 228.80, 768
2026/08/18 01:47:26.500, 1, 210, 42.05, 1
2026/08/18 01:47:26.508, 2, 210, 37.84, 1
2026/08/18 01:47:26.517, 3, 210, 42.36, 1
2026/08/18 01:47:26.778, 0, 1290, 229.94, 768
2026/08/18 01:47:26.785, 1, 210, 42.05, 1
2026/08/18 01:47:26.793, 2, 210, 37.84, 1
2026/08/18 01:47:26.802, 3, 210, 42.36, 1
2026/08/18 01:47:27.079, 0, 1290, 229.67, 768
2026/08/18 01:47:27.086, 1, 210, 42.05, 1
2026/08/18 01:47:27.094, 2, 210, 37.83, 1
2026/08/18 01:47:27.103, 3, 210, 38.89, 1
2026/08/18 01:47:27.377, 0, 1275, 228.99, 768
2026/08/18 01:47:27.384, 1, 210, 42.16, 1
2026/08/18 01:47:27.393, 2, 210, 37.83, 1
2026/08/18 01:47:27.402, 3, 210, 38.89, 1
2026/08/18 01:47:27.658, 0, 1290, 229.92, 768
2026/08/18 01:47:27.665, 1, 210, 42.16, 1
2026/08/18 01:47:27.673, 2, 210, 37.83, 1
2026/08/18 01:47:27.682, 3, 210, 38.89, 1
2026/08/18 01:47:27.942, 0, 1290, 229.91, 768
2026/08/18 01:47:27.948, 1, 210, 42.16, 1
2026/08/18 01:47:27.957, 2, 210, 37.83, 1
2026/08/18 01:47:27.965, 3, 210, 38.89, 1
2026/08/18 01:47:28.229, 0, 1020, 229.97, 768
2026/08/18 01:47:28.235, 1, 210, 42.25, 1
2026/08/18 01:47:28.249, 2, 210, 37.82, 1
2026/08/18 01:47:28.258, 3, 210, 36.71, 1
2026/08/18 01:47:28.559, 0, 1080, 229.90, 768
2026/08/18 01:47:28.565, 1, 210, 42.25, 1
2026/08/18 01:47:28.574, 2, 210, 37.82, 1
2026/08/18 01:47:28.582, 3, 210, 36.71, 1
2026/08/18 01:47:28.843, 0, 1095, 230.11, 768
2026/08/18 01:47:28.850, 1, 210, 42.25, 1
2026/08/18 01:47:28.858, 2, 210, 37.82, 1
2026/08/18 01:47:28.867, 3, 210, 36.71, 1
2026/08/18 01:47:29.126, 0, 1080, 229.66, 768
2026/08/18 01:47:29.132, 1, 210, 42.25, 1
2026/08/18 01:47:29.141, 2, 210, 37.84, 1
2026/08/18 01:47:29.149, 3, 210, 36.72, 1
2026/08/18 01:47:29.414, 0, 1065, 229.49, 768
2026/08/18 01:47:29.421, 1, 210, 42.26, 1
2026/08/18 01:47:29.429, 2, 210, 37.84, 1
2026/08/18 01:47:29.438, 3, 210, 36.72, 1
2026/08/18 01:47:29.714, 0, 1095, 229.93, 768
2026/08/18 01:47:29.720, 1, 210, 42.26, 1
2026/08/18 01:47:29.729, 2, 210, 37.84, 1
2026/08/18 01:47:29.737, 3, 210, 36.72, 1
2026/08/18 01:47:30.014, 0, 1080, 229.79, 768
2026/08/18 01:47:30.021, 1, 210, 42.26, 1
2026/08/18 01:47:30.029, 2, 210, 37.84, 1
2026/08/18 01:47:30.038, 3, 210, 36.68, 1
2026/08/18 01:47:30.314, 0, 1050, 229.39, 768
2026/08/18 01:47:30.321, 1, 210, 42.32, 1
2026/08/18 01:47:30.329, 2, 210, 37.85, 1
2026/08/18 01:47:30.338, 3, 210, 36.68, 1
2026/08/18 01:47:30.613, 0, 1080, 229.87, 768
2026/08/18 01:47:30.620, 1, 210, 42.32, 1
2026/08/18 01:47:30.629, 2, 210, 37.85, 1
2026/08/18 01:47:30.638, 3, 210, 36.68, 1
2026/08/18 01:47:30.911, 0, 1080, 229.86, 768
2026/08/18 01:47:30.917, 1, 210, 42.32, 1
2026/08/18 01:47:30.926, 2, 210, 37.85, 1
2026/08/18 01:47:30.934, 3, 210, 36.68, 1
2026/08/18 01:47:31.201, 0, 1050, 229.67, 744
2026/08/18 01:47:31.208, 1, 210, 42.38, 1
2026/08/18 01:47:31.218, 2, 210, 37.87, 1
2026/08/18 01:47:31.227, 3, 210, 36.65, 1
2026/08/18 01:47:31.500, 0, 1425, 227.54, 744
2026/08/18 01:47:31.505, 1, 210, 42.38, 1
2026/08/18 01:47:31.514, 2, 210, 37.87, 1
2026/08/18 01:47:31.523, 3, 210, 36.65, 1
2026/08/18 01:47:31.799, 0, 1440, 228.15, 744
2026/08/18 01:47:31.805, 1, 210, 42.38, 1
2026/08/18 01:47:31.814, 2, 210, 37.87, 1
2026/08/18 01:47:31.822, 3, 210, 36.65, 1
2026/08/18 01:47:32.099, 0, 1425, 228.26, 744
2026/08/18 01:47:32.106, 1, 210, 42.38, 1
2026/08/18 01:47:32.114, 2, 210, 37.83, 1
2026/08/18 01:47:32.123, 3, 210, 36.69, 1
2026/08/18 01:47:32.402, 0, 1365, 228.38, 744
2026/08/18 01:47:32.408, 1, 210, 42.30, 1
2026/08/18 01:47:32.418, 2, 210, 37.83, 1
2026/08/18 01:47:32.427, 3, 210, 36.69, 1
2026/08/18 01:47:32.700, 0, 1440, 228.51, 746
2026/08/18 01:47:32.706, 1, 210, 42.30, 1
2026/08/18 01:47:32.715, 2, 210, 37.83, 1
2026/08/18 01:47:32.723, 3, 210, 36.69, 1
2026/08/18 01:47:33.000, 0, 1455, 229.40, 746
2026/08/18 01:47:33.007, 1, 210, 42.30, 1
2026/08/18 01:47:33.017, 2, 210, 37.83, 1
2026/08/18 01:47:33.027, 3, 210, 36.69, 1
2026/08/18 01:47:33.316, 0, 1395, 228.76, 746
2026/08/18 01:47:33.323, 1, 210, 42.25, 1
2026/08/18 01:47:33.331, 2, 210, 37.78, 1
2026/08/18 01:47:33.340, 3, 210, 36.74, 1
2026/08/18 01:47:33.599, 0, 1365, 229.12, 746
2026/08/18 01:47:33.606, 1, 210, 42.25, 1
2026/08/18 01:47:33.614, 2, 210, 37.78, 1
2026/08/18 01:47:33.623, 3, 210, 36.74, 1
2026/08/18 01:47:33.886, 0, 1365, 229.64, 746
2026/08/18 01:47:33.892, 1, 210, 42.25, 1
2026/08/18 01:47:33.901, 2, 210, 37.78, 1
2026/08/18 01:47:33.909, 3, 210, 36.74, 1
2026/08/18 01:47:34.183, 0, 1410, 228.64, 758
2026/08/18 01:47:34.190, 1, 210, 42.35, 1
2026/08/18 01:47:34.199, 2, 210, 37.76, 1
2026/08/18 01:47:34.208, 3, 210, 36.75, 1
2026/08/18 01:47:34.484, 0, 1425, 228.71, 758
2026/08/18 01:47:34.490, 1, 210, 42.35, 1
2026/08/18 01:47:34.499, 2, 210, 37.76, 1
2026/08/18 01:47:34.507, 3, 210, 36.75, 1
2026/08/18 01:47:34.770, 0, 1425, 229.38, 758
2026/08/18 01:47:34.777, 1, 210, 42.35, 1
2026/08/18 01:47:34.787, 2, 210, 37.76, 1
2026/08/18 01:47:34.797, 3, 210, 36.75, 1
2026/08/18 01:47:35.070, 0, 1425, 229.56, 758
2026/08/18 01:47:35.077, 1, 210, 42.35, 1
2026/08/18 01:47:35.085, 2, 210, 37.74, 1
2026/08/18 01:47:35.094, 3, 210, 36.73, 1
2026/08/18 01:47:35.369, 0, 1410, 229.29, 758
2026/08/18 01:47:35.376, 1, 210, 42.36, 1
2026/08/18 01:47:35.385, 2, 210, 37.74, 1
2026/08/18 01:47:35.394, 3, 210, 36.73, 1
2026/08/18 01:47:35.697, 0, 1425, 229.35, 758
2026/08/18 01:47:35.704, 1, 210, 42.36, 1
2026/08/18 01:47:35.713, 2, 210, 37.74, 1
2026/08/18 01:47:35.722, 3, 210, 36.73, 1
2026/08/18 01:47:35.984, 0, 1425, 229.64, 758
2026/08/18 01:47:35.990, 1, 210, 42.36, 1
2026/08/18 01:47:35.999, 2, 210, 37.74, 1
2026/08/18 01:47:36.007, 3, 210, 36.73, 1
2026/08/18 01:47:36.268, 0, 1365, 229.43, 758
2026/08/18 01:47:36.275, 1, 210, 42.20, 1
2026/08/18 01:47:36.283, 2, 210, 37.73, 1
2026/08/18 01:47:36.293, 3, 210, 36.72, 1
2026/08/18 01:47:36.569, 0, 1350, 229.35, 758
2026/08/18 01:47:36.576, 1, 210, 42.20, 1
2026/08/18 01:47:36.584, 2, 210, 37.73, 1
2026/08/18 01:47:36.593, 3, 210, 36.72, 1
2026/08/18 01:47:36.868, 0, 1365, 229.02, 758
2026/08/18 01:47:36.874, 1, 210, 42.20, 1
2026/08/18 01:47:36.883, 2, 210, 37.73, 1
2026/08/18 01:47:36.891, 3, 210, 36.72, 1
2026/08/18 01:47:37.153, 0, 1365, 229.29, 758
2026/08/18 01:47:37.159, 1, 210, 42.03, 1
2026/08/18 01:47:37.168, 2, 210, 37.78, 1
2026/08/18 01:47:37.176, 3, 210, 36.70, 1
2026/08/18 01:47:37.449, 0, 1380, 229.11, 770
2026/08/18 01:47:37.455, 1, 210, 42.03, 1
2026/08/18 01:47:37.464, 2, 210, 37.78, 1
2026/08/18 01:47:37.472, 3, 210, 36.70, 1
2026/08/18 01:47:37.736, 0, 1410, 229.31, 770
2026/08/18 01:47:37.742, 1, 210, 42.03, 1
2026/08/18 01:47:37.751, 2, 210, 37.78, 1
2026/08/18 01:47:37.759, 3, 210, 36.70, 1
2026/08/18 01:47:38.065, 0, 1440, 229.61, 770
2026/08/18 01:47:38.072, 1, 210, 42.03, 1
2026/08/18 01:47:38.081, 2, 210, 37.79, 1
2026/08/18 01:47:38.089, 3, 210, 36.68, 1
2026/08/18 01:47:38.353, 0, 1395, 229.25, 770
2026/08/18 01:47:38.360, 1, 210, 42.06, 1
2026/08/18 01:47:38.373, 2, 210, 37.79, 1
2026/08/18 01:47:38.382, 3, 210, 36.68, 1
2026/08/18 01:47:38.652, 0, 1395, 229.66, 770
2026/08/18 01:47:38.658, 1, 210, 42.06, 1
2026/08/18 01:47:38.667, 2, 210, 37.79, 1
2026/08/18 01:47:38.675, 3, 210, 36.68, 1
2026/08/18 01:47:38.938, 0, 1425, 229.40, 770
2026/08/18 01:47:38.945, 1, 210, 42.06, 1
2026/08/18 01:47:38.953, 2, 210, 37.79, 1
2026/08/18 01:47:38.962, 3, 210, 36.68, 1
2026/08/18 01:47:39.239, 0, 1440, 229.34, 770
2026/08/18 01:47:39.246, 1, 210, 42.16, 1
2026/08/18 01:47:39.256, 2, 210, 37.78, 1
2026/08/18 01:47:39.266, 3, 210, 36.66, 1
2026/08/18 01:47:39.539, 0, 1410, 229.46, 770
2026/08/18 01:47:39.545, 1, 210, 42.16, 1
2026/08/18 01:47:39.555, 2, 210, 37.78, 1
2026/08/18 01:47:39.563, 3, 210, 36.66, 1
2026/08/18 01:47:39.839, 0, 1410, 229.82, 770
2026/08/18 01:47:39.845, 1, 210, 42.16, 1
2026/08/18 01:47:39.854, 2, 210, 37.78, 1
2026/08/18 01:47:39.863, 3, 210, 36.66, 1
2026/08/18 01:47:40.139, 0, 1425, 229.49, 770
2026/08/18 01:47:40.145, 1, 210, 42.22, 1
2026/08/18 01:47:40.154, 2, 210, 37.79, 1
2026/08/18 01:47:40.162, 3, 210, 36.67, 1
2026/08/18 01:47:40.456, 0, 1425, 229.28, 770
2026/08/18 01:47:40.463, 1, 210, 42.22, 1
2026/08/18 01:47:40.472, 2, 210, 37.79, 1
2026/08/18 01:47:40.480, 3, 210, 36.67, 1
2026/08/18 01:47:40.756, 0, 1410, 229.41, 770
2026/08/18 01:47:40.763, 1, 210, 42.22, 1
2026/08/18 01:47:40.771, 2, 210, 37.79, 1
2026/08/18 01:47:40.780, 3, 210, 36.67, 1
2026/08/18 01:47:41.056, 0, 1410, 229.38, 770
2026/08/18 01:47:41.062, 1, 210, 42.22, 1
2026/08/18 01:47:41.071, 2, 210, 37.77, 1
2026/08/18 01:47:41.079, 3, 210, 36.69, 1
2026/08/18 01:47:41.340, 0, 1425, 229.32, 770
2026/08/18 01:47:41.347, 1, 210, 42.34, 1
2026/08/18 01:47:41.355, 2, 210, 37.77, 1
2026/08/18 01:47:41.364, 3, 210, 36.69, 1
2026/08/18 01:47:41.641, 0, 1410, 229.35, 770
2026/08/18 01:47:41.648, 1, 210, 42.34, 1
2026/08/18 01:47:41.657, 2, 210, 37.77, 1
2026/08/18 01:47:41.665, 3, 210, 36.69, 1
2026/08/18 01:47:41.942, 0, 1350, 229.39, 770
2026/08/18 01:47:41.948, 1, 210, 42.34, 1
2026/08/18 01:47:41.957, 2, 210, 37.77, 1
2026/08/18 01:47:41.966, 3, 210, 36.69, 1
2026/08/18 01:47:42.241, 0, 1365, 229.15, 770
2026/08/18 01:47:42.248, 1, 210, 42.39, 1
2026/08/18 01:47:42.256, 2, 210, 37.75, 1
2026/08/18 01:47:42.265, 3, 210, 36.69, 1
2026/08/18 01:47:42.537, 0, 1380, 229.23, 770
2026/08/18 01:47:42.543, 1, 210, 42.39, 1
2026/08/18 01:47:42.552, 2, 210, 37.75, 1
2026/08/18 01:47:42.561, 3, 210, 36.69, 1
2026/08/18 01:47:42.837, 0, 1350, 229.40, 770
2026/08/18 01:47:42.843, 1, 210, 42.39, 1
2026/08/18 01:47:42.853, 2, 210, 37.75, 1
2026/08/18 01:47:42.863, 3, 210, 36.69, 1
2026/08/18 01:47:43.122, 0, 1350, 229.39, 770
2026/08/18 01:47:43.128, 1, 210, 42.39, 1
2026/08/18 01:47:43.137, 2, 210, 37.76, 1
2026/08/18 01:47:43.146, 3, 210, 36.69, 1
2026/08/18 01:47:43.403, 0, 1365, 229.27, 770
2026/08/18 01:47:43.410, 1, 210, 42.25, 1
2026/08/18 01:47:43.424, 2, 210, 37.76, 1
2026/08/18 01:47:43.433, 3, 210, 36.69, 1
2026/08/18 01:47:43.704, 0, 1380, 229.26, 770
2026/08/18 01:47:43.710, 1, 210, 42.25, 1
2026/08/18 01:47:43.719, 2, 210, 37.76, 1
2026/08/18 01:47:43.727, 3, 210, 36.69, 1
2026/08/18 01:47:43.991, 0, 1350, 229.33, 770
2026/08/18 01:47:43.997, 1, 210, 42.25, 1
2026/08/18 01:47:44.006, 2, 210, 37.76, 1
2026/08/18 01:47:44.014, 3, 210, 36.69, 1
2026/08/18 01:47:44.274, 0, 1650, 211.83, 770
2026/08/18 01:47:44.279, 1, 210, 42.00, 1
2026/08/18 01:47:44.288, 2, 210, 37.78, 1
2026/08/18 01:47:44.296, 3, 210, 36.69, 1
2026/08/18 01:47:44.559, 0, 1650, 180.84, 770
2026/08/18 01:47:44.564, 1, 210, 42.00, 1
2026/08/18 01:47:44.572, 2, 210, 37.78, 1
2026/08/18 01:47:44.581, 3, 210, 36.69, 1
2026/08/18 01:47:44.840, 0, 1650, 148.74, 770
2026/08/18 01:47:44.845, 1, 210, 42.00, 1
2026/08/18 01:47:44.854, 2, 210, 37.78, 1
2026/08/18 01:47:44.862, 3, 210, 36.69, 1
2026/08/18 01:47:45.212, 0, 1650, 114.55, 1
2026/08/18 01:47:45.217, 1, 210, 42.10, 1
2026/08/18 01:47:45.225, 2, 210, 37.76, 1
2026/08/18 01:47:45.234, 3, 210, 36.69, 1
